text,label
Bill Gates CONFIRMS the New World Order plan in leaked video that mainstream media is ignoring. The REAL reason the 2020 election happened will make your blood boil. They lied to us again. One weird trick Big Pharma doesn't want you to know about vaccine microchips. It's being SUPPRESSED.,1
"Health authorities confirmed 1,200 new cases of measles in South America. Scientists at MIT have published findings on climate change in the The Lancet journal.",0
ALIEN structures discovered on the Moon. NASA is covering it up. See the proof here! This this simple herb CURES Alzheimer's in 7 days — Big Pharma doesn't want you to know!,1
The Canada government approved a 1.2 billion dollar budget for infrastructure. Scientists at Cambridge have published findings on AI safety in the The Lancet journal. The Parliament passed legislation to regulate pharmaceutical companies following rising tensions.,0
This this simple herb CURES autism in just 2 days — Big Pharma doesn't want you to know! Government CAUGHT funding global warming hoax to control the population — whistleblower reveals ALL. URGENT: Forward this to everyone — the government is planning the great reset agenda by this year.,1
SHOCKING: George Soros EXPOSED for secretly poisoning the water supply — the media won't tell you! The REAL reason the pandemic happened will make your blood boil. They lied to us again.,1
The Reuters announced new guidelines following the regional crisis in Washington D.C.. The the oversight committee passed legislation to regulate financial institutions following the regional crisis. An investigation by NASA found no evidence of data manipulation in the recent last month's summit. The the Pentagon announced new guidelines following rising tensions in Washington D.C..,0
One weird trick Big Pharma doesn't want you to know about chemtrails. It's being SUPPRESSED. This this simple herb CURES COVID in 7 days — Big Pharma doesn't want you to know! BREAKING: Scientists BANNED from revealing the truth about 5G towers. Share before it's deleted! George Soros CONFIRMS the great reset agenda in leaked video that mainstream media is ignoring.,1
"Market analysts say Samsung shares rose 2.5% after strong Q1 earnings. The the regulatory body passed legislation to regulate social media platforms following rising tensions. According to official reports, the Director General stated that expanded healthcare access would be implemented by next fiscal year. Health authorities confirmed 4,500 new cases of measles in Western Europe.",0
One weird trick the Illuminati doesn't want you to know about lizard people. It's being SUPPRESSED. Government CAUGHT mind control experiments to control the population — whistleblower reveals ALL. George Soros CONFIRMS population control in leaked video that mainstream media is ignoring. You won't BELIEVE what the Illuminati is hiding about this ancient remedy. The cover-up is REAL.,1
"Market analysts say BP shares rose 4% after strong Q3 earnings. According to official reports, the Director General stated that the new trade agreement would be implemented by 2024.",0
URGENT: Forward this to everyone — the government is planning the great reset agenda by 2025. SHOCKING: the elite EXPOSED for secretly poisoning the water supply — the media won't tell you! Bill Gates CONFIRMS the great reset agenda in leaked video that mainstream media is ignoring. SHOCKING: George Soros EXPOSED for secretly mind control experiments — the media won't tell you!,1
URGENT: Forward this to everyone — the government is planning the New World Order plan by 2025. BREAKING: Scientists BANNED from revealing the truth about the flat earth. Share before it's deleted! Government CAUGHT funding global warming hoax to control the population — whistleblower reveals ALL.,1
An investigation by the Federal Reserve found no evidence of fraud in the recent the economic downturn. An investigation by WHO found no evidence of bias in the recent rising tensions.,0
"The NASA announced new guidelines following rising tensions in Brussels. Market analysts say Toyota shares rose 3% after strong Q2 earnings. Health authorities confirmed 1,200 new cases of measles in South America. According to official reports, the spokesperson stated that expanded healthcare access would be implemented by 2024.",0
"The Senate passed legislation to regulate social media platforms following rising tensions. The central bank raised interest rates by 4% to combat rising inflation. Health authorities confirmed 1,200 new cases of influenza A in Southeast Asia.",0
"Scientists at Cambridge have published findings on climate change in the Science journal. According to official reports, the spokesperson stated that stricter emissions standards would be implemented by 2025. An investigation by AP found no evidence of fraud in the recent last month's summit. According to official reports, the Secretary of State stated that expanded healthcare access would be implemented by 2025.",0
Market analysts say Apple shares rose 2.5% after strong Q1 earnings. World leaders gathered in Washington D.C. to discuss climate change at the annual Economic Forum. The Japan government approved a 20 billion dollar budget for infrastructure.,0
URGENT: Forward this to everyone — the CDC is planning the New World Order plan by before the election. You won't BELIEVE what the Illuminati is hiding about this ancient remedy. The cover-up is REAL. ALIEN structures discovered on Mars. NASA is covering it up. See the proof here!,1
SHOCKING: the elite EXPOSED for secretly microchipping citizens — the media won't tell you! BREAKING: Scientists BANNED from revealing the truth about the deep state. Share before it's deleted! One weird trick the Deep State doesn't want you to know about the deep state. It's being SUPPRESSED. Government CAUGHT microchipping citizens to control the population — whistleblower reveals ALL.,1
The Reuters announced new guidelines following rising tensions in Tokyo. World leaders gathered in Geneva to discuss AI safety at the annual Economic Forum.,0
BREAKING: Scientists BANNED from revealing the truth about chemtrails. Share before it's deleted! One weird trick the CDC doesn't want you to know about lizard people. It's being SUPPRESSED. The REAL reason 9/11 happened will make your blood boil. They lied to us again.,1
URGENT: Forward this to everyone — the Deep State is planning the New World Order plan by 2025. URGENT: Forward this to everyone — Big Pharma is planning population control by this year.,1
The REAL reason the economic crash happened will make your blood boil. They lied to us again. Government CAUGHT funding global warming hoax to control the population — whistleblower reveals ALL. The REAL reason the pandemic happened will make your blood boil. They lied to us again.,1
This this ancient remedy CURES COVID in 3 days — Big Pharma doesn't want you to know! ALIEN structures discovered on Mars. NASA is covering it up. See the proof here! ALIEN structures discovered on Mars. NASA is covering it up. See the proof here! ALIEN structures discovered on the Moon. NASA is covering it up. See the proof here!,1
The AP announced emergency measures following the economic downturn in Tokyo. An investigation by WHO found no evidence of data manipulation in the recent rising tensions. The the regulatory body passed legislation to regulate financial institutions following the regional crisis. Scientists at Cambridge have published findings on climate change in the Nature journal.,0
BREAKING: Scientists BANNED from revealing the truth about the deep state. Share before it's deleted! George Soros CONFIRMS population control in leaked video that mainstream media is ignoring.,1
The India government approved a 5 billion dollar budget for healthcare. Health authorities confirmed 340 new cases of dengue fever in Southeast Asia. The Australia government approved a 3.5 billion dollar budget for renewable energy.,0
An investigation by WHO found no evidence of data manipulation in the recent the economic downturn. The Canada government approved a 3.5 billion dollar budget for defense.,0
The central bank raised interest rates by 2.5% to combat rising inflation. World leaders gathered in Geneva to discuss urban planning at the annual Climate Conference.,0
"The Senate passed legislation to regulate social media platforms following the regional crisis. According to official reports, the Prime Minister stated that the new trade agreement would be implemented by next fiscal year. The central bank raised interest rates by 0.75% to combat rising inflation. World leaders gathered in London to discuss urban planning at the annual Climate Conference.",0
"The central bank raised interest rates by 4% to combat rising inflation. According to official reports, the Director General stated that expanded healthcare access would be implemented by 2025. The central bank raised interest rates by 1.2% to combat rising inflation.",0
"The Reuters announced new guidelines following last month's summit in London. Health authorities confirmed 4,500 new cases of dengue fever in South America.",0
"Health authorities confirmed 4,500 new cases of influenza A in sub-Saharan Africa. The The US government approved a 1.2 billion dollar budget for defense. According to official reports, the spokesperson stated that stricter emissions standards would be implemented by 2024.",0
The REAL reason the economic crash happened will make your blood boil. They lied to us again. The REAL reason the 2020 election happened will make your blood boil. They lied to us again. the elite CONFIRMS the great reset agenda in leaked video that mainstream media is ignoring.,1
"The the Pentagon announced emergency measures following the regional crisis in London. The WHO announced new guidelines following last month's summit in Brussels. Health authorities confirmed 1,200 new cases of influenza A in sub-Saharan Africa. The NASA announced emergency measures following last month's summit in London.",0
BREAKING: Scientists BANNED from revealing the truth about chemtrails. Share before it's deleted! You won't BELIEVE what the government is hiding about apple cider vinegar. The cover-up is REAL. a top politician CONFIRMS population control in leaked video that mainstream media is ignoring. The REAL reason the pandemic happened will make your blood boil. They lied to us again.,1
One weird trick Big Pharma doesn't want you to know about the deep state. It's being SUPPRESSED. ALIEN structures discovered on the Moon. NASA is covering it up. See the proof here! You won't BELIEVE what the Illuminati is hiding about this ancient remedy. The cover-up is REAL.,1
URGENT: Forward this to everyone — the Deep State is planning the great reset agenda by before the election. You won't BELIEVE what the CDC is hiding about this ancient remedy. The cover-up is REAL.,1
"The Senate passed legislation to regulate social media platforms following the economic downturn. According to official reports, the spokesperson stated that stricter emissions standards would be implemented by 2025.",0
The the regulatory body passed legislation to regulate social media platforms following the regional crisis. Health authorities confirmed 340 new cases of influenza A in Western Europe.,0
This this simple herb CURES Alzheimer's in just 2 days — Big Pharma doesn't want you to know! Government CAUGHT microchipping citizens to control the population — whistleblower reveals ALL. the elite CONFIRMS the great reset agenda in leaked video that mainstream media is ignoring. This this simple herb CURES COVID in 3 days — Big Pharma doesn't want you to know!,1
"An investigation by United Nations found no evidence of misconduct in the recent the regional crisis. According to official reports, the Director General stated that expanded healthcare access would be implemented by 2024. Scientists at Stanford have published findings on genomic research in the The Lancet journal.",0
The the Federal Reserve announced emergency measures following the regional crisis in New Delhi. Market analysts say Goldman Sachs shares rose 0.75% after strong Q3 earnings. An investigation by United Nations found no evidence of fraud in the recent rising tensions.,0
SHOCKING: the elite EXPOSED for secretly funding global warming hoax — the media won't tell you! The REAL reason the 2020 election happened will make your blood boil. They lied to us again. URGENT: Forward this to everyone — the Deep State is planning population control by this year. The REAL reason 9/11 happened will make your blood boil. They lied to us again.,1
World leaders gathered in Tokyo to discuss vaccine efficacy at the annual G20 Summit. The central bank raised interest rates by 0.75% to combat rising inflation.,0
Market analysts say BP shares rose 0.75% after strong Q2 earnings. World leaders gathered in Brussels to discuss climate change at the annual Climate Conference. The WHO announced emergency measures following the economic downturn in Washington D.C.. The the oversight committee passed legislation to regulate social media platforms following the economic downturn.,0
The Parliament passed legislation to regulate pharmaceutical companies following the regional crisis. The Senate passed legislation to regulate social media platforms following rising tensions.,0
"According to official reports, the Secretary of State stated that stricter emissions standards would be implemented by next fiscal year. Market analysts say Goldman Sachs shares rose 0.75% after strong Q4 earnings. The central bank raised interest rates by 3% to combat rising inflation. Health authorities confirmed 340 new cases of dengue fever in Southeast Asia.",0
BREAKING: Scientists BANNED from revealing the truth about the deep state. Share before it's deleted! You won't BELIEVE what the Deep State is hiding about this ancient remedy. The cover-up is REAL.,1
You won't BELIEVE what the Illuminati is hiding about black seed oil. The cover-up is REAL. The REAL reason the 2020 election happened will make your blood boil. They lied to us again. URGENT: Forward this to everyone — the government is planning the great reset agenda by 2025. One weird trick the government doesn't want you to know about the flat earth. It's being SUPPRESSED.,1
"The central bank raised interest rates by 0.75% to combat rising inflation. The Parliament passed legislation to regulate financial institutions following the regional crisis. Health authorities confirmed 4,500 new cases of COVID-19 subvariant in Western Europe. Scientists at Stanford have published findings on climate change in the The Lancet journal.",0
Government CAUGHT funding global warming hoax to control the population — whistleblower reveals ALL. You won't BELIEVE what the Deep State is hiding about apple cider vinegar. The cover-up is REAL. SHOCKING: the elite EXPOSED for secretly microchipping citizens — the media won't tell you! One weird trick Big Pharma doesn't want you to know about lizard people. It's being SUPPRESSED.,1
Market analysts say Goldman Sachs shares rose 0.75% after strong Q1 earnings. The The US government approved a 20 billion dollar budget for healthcare.,0
Scientists at Cambridge have published findings on genomic research in the Science journal. An investigation by Reuters found no evidence of misconduct in the recent the regional crisis.,0
SHOCKING: George Soros EXPOSED for secretly poisoning the water supply — the media won't tell you! URGENT: Forward this to everyone — the government is planning population control by this year. One weird trick the Deep State doesn't want you to know about the deep state. It's being SUPPRESSED. URGENT: Forward this to everyone — the Deep State is planning population control by before the election.,1
One weird trick Big Pharma doesn't want you to know about the flat earth. It's being SUPPRESSED. URGENT: Forward this to everyone — the Illuminati is planning population control by this year. ALIEN structures discovered on Mars. NASA is covering it up. See the proof here! The REAL reason the economic crash happened will make your blood boil. They lied to us again.,1
BREAKING: Scientists BANNED from revealing the truth about 5G towers. Share before it's deleted! This black seed oil CURES COVID in 7 days — Big Pharma doesn't want you to know!,1
ALIEN structures discovered on the Arctic. NASA is covering it up. See the proof here! a top politician CONFIRMS the New World Order plan in leaked video that mainstream media is ignoring. a top politician CONFIRMS population control in leaked video that mainstream media is ignoring. You won't BELIEVE what the Deep State is hiding about this ancient remedy. The cover-up is REAL.,1
An investigation by AP found no evidence of fraud in the recent the regional crisis. The central bank raised interest rates by 2.5% to combat rising inflation. World leaders gathered in Brussels to discuss urban planning at the annual Climate Conference.,0
The REAL reason 9/11 happened will make your blood boil. They lied to us again. This apple cider vinegar CURES autism in 10 days — Big Pharma doesn't want you to know!,1
The the regulatory body passed legislation to regulate financial institutions following last month's summit. The Senate passed legislation to regulate pharmaceutical companies following rising tensions. Market analysts say Toyota shares rose 2.5% after strong Q3 earnings. The the oversight committee passed legislation to regulate pharmaceutical companies following rising tensions.,0
URGENT: Forward this to everyone — Big Pharma is planning population control by this year. BREAKING: Scientists BANNED from revealing the truth about vaccine microchips. Share before it's deleted! This black seed oil CURES COVID in just 2 days — Big Pharma doesn't want you to know!,1
ALIEN structures discovered on Antarctica. NASA is covering it up. See the proof here! The REAL reason the pandemic happened will make your blood boil. They lied to us again.,1
Government CAUGHT microchipping citizens to control the population — whistleblower reveals ALL. One weird trick Big Pharma doesn't want you to know about lizard people. It's being SUPPRESSED.,1
the elite CONFIRMS the great reset agenda in leaked video that mainstream media is ignoring. Government CAUGHT poisoning the water supply to control the population — whistleblower reveals ALL. This apple cider vinegar CURES cancer in 10 days — Big Pharma doesn't want you to know! One weird trick Big Pharma doesn't want you to know about lizard people. It's being SUPPRESSED.,1
Scientists at Stanford have published findings on genomic research in the The Lancet journal. The central bank raised interest rates by 3% to combat rising inflation. The central bank raised interest rates by 0.75% to combat rising inflation.,0
The REAL reason the pandemic happened will make your blood boil. They lied to us again. BREAKING: Scientists BANNED from revealing the truth about lizard people. Share before it's deleted!,1
"The central bank raised interest rates by 1.2% to combat rising inflation. Health authorities confirmed 1,200 new cases of influenza A in Southeast Asia.",0
BREAKING: Scientists BANNED from revealing the truth about the flat earth. Share before it's deleted! This this ancient remedy CURES cancer in 3 days — Big Pharma doesn't want you to know!,1
You won't BELIEVE what Big Pharma is hiding about this simple herb. The cover-up is REAL. URGENT: Forward this to everyone — the CDC is planning the New World Order plan by this year.,1
The central bank raised interest rates by 0.75% to combat rising inflation. Scientists at Johns Hopkins have published findings on genomic research in the Nature journal. The central bank raised interest rates by 1.2% to combat rising inflation. The the regulatory body passed legislation to regulate financial institutions following the economic downturn.,0
One weird trick the Deep State doesn't want you to know about lizard people. It's being SUPPRESSED. You won't BELIEVE what the Deep State is hiding about black seed oil. The cover-up is REAL. This black seed oil CURES diabetes in just 2 days — Big Pharma doesn't want you to know! One weird trick the government doesn't want you to know about vaccine microchips. It's being SUPPRESSED.,1
You won't BELIEVE what the CDC is hiding about this ancient remedy. The cover-up is REAL. Bill Gates CONFIRMS the great reset agenda in leaked video that mainstream media is ignoring. One weird trick the Illuminati doesn't want you to know about vaccine microchips. It's being SUPPRESSED.,1
An investigation by Reuters found no evidence of fraud in the recent the regional crisis. Health authorities confirmed 78 new cases of COVID-19 subvariant in South America. The Australia government approved a 3.5 billion dollar budget for renewable energy. An investigation by WHO found no evidence of misconduct in the recent rising tensions.,0
The the oversight committee passed legislation to regulate social media platforms following rising tensions. The Parliament passed legislation to regulate financial institutions following the regional crisis.,0
BREAKING: Scientists BANNED from revealing the truth about lizard people. Share before it's deleted! This apple cider vinegar CURES cancer in just 2 days — Big Pharma doesn't want you to know! ALIEN structures discovered on Mars. NASA is covering it up. See the proof here! The REAL reason the economic crash happened will make your blood boil. They lied to us again.,1
An investigation by WHO found no evidence of fraud in the recent last month's summit. An investigation by Reuters found no evidence of bias in the recent the regional crisis. Health authorities confirmed 340 new cases of dengue fever in Western Europe.,0
"World leaders gathered in Tokyo to discuss AI safety at the annual G20 Summit. The The US government approved a 3.5 billion dollar budget for infrastructure. Health authorities confirmed 4,500 new cases of dengue fever in Southeast Asia.",0
You won't BELIEVE what Big Pharma is hiding about black seed oil. The cover-up is REAL. BREAKING: Scientists BANNED from revealing the truth about chemtrails. Share before it's deleted! The REAL reason the pandemic happened will make your blood boil. They lied to us again.,1
An investigation by AP found no evidence of bias in the recent the regional crisis. Scientists at Stanford have published findings on AI safety in the Nature journal.,0
The the Federal Reserve announced a formal inquiry following the regional crisis in Brussels. World leaders gathered in Geneva to discuss genomic research at the annual G20 Summit.,0
You won't BELIEVE what Big Pharma is hiding about this simple herb. The cover-up is REAL. BREAKING: Scientists BANNED from revealing the truth about lizard people. Share before it's deleted!,1
SHOCKING: George Soros EXPOSED for secretly microchipping citizens — the media won't tell you! Government CAUGHT funding global warming hoax to control the population — whistleblower reveals ALL. The REAL reason 9/11 happened will make your blood boil. They lied to us again. ALIEN structures discovered on Antarctica. NASA is covering it up. See the proof here!,1
Government CAUGHT mind control experiments to control the population — whistleblower reveals ALL. SHOCKING: a top politician EXPOSED for secretly funding global warming hoax — the media won't tell you!,1
The REAL reason 9/11 happened will make your blood boil. They lied to us again. The REAL reason the pandemic happened will make your blood boil. They lied to us again.,1
The REAL reason the pandemic happened will make your blood boil. They lied to us again. This apple cider vinegar CURES diabetes in 7 days — Big Pharma doesn't want you to know! One weird trick the government doesn't want you to know about vaccine microchips. It's being SUPPRESSED.,1
"The Australia government approved a 20 billion dollar budget for education. The central bank raised interest rates by 1.2% to combat rising inflation. According to official reports, the Secretary of State stated that stricter emissions standards would be implemented by 2024.",0
An investigation by AP found no evidence of fraud in the recent rising tensions. Scientists at MIT have published findings on genomic research in the The Lancet journal. World leaders gathered in Brussels to discuss genomic research at the annual Security Forum.,0
One weird trick the Illuminati doesn't want you to know about chemtrails. It's being SUPPRESSED. You won't BELIEVE what the CDC is hiding about black seed oil. The cover-up is REAL. Government CAUGHT mind control experiments to control the population — whistleblower reveals ALL. Government CAUGHT microchipping citizens to control the population — whistleblower reveals ALL.,1
The REAL reason the economic crash happened will make your blood boil. They lied to us again. BREAKING: Scientists BANNED from revealing the truth about 5G towers. Share before it's deleted! URGENT: Forward this to everyone — Big Pharma is planning the New World Order plan by before the election.,1
SHOCKING: a famous actor EXPOSED for secretly poisoning the water supply — the media won't tell you! SHOCKING: George Soros EXPOSED for secretly funding global warming hoax — the media won't tell you! The REAL reason 9/11 happened will make your blood boil. They lied to us again. This apple cider vinegar CURES COVID in 10 days — Big Pharma doesn't want you to know!,1
The the regulatory body passed legislation to regulate pharmaceutical companies following the economic downturn. Market analysts say Goldman Sachs shares rose 3% after strong Q2 earnings. The Parliament passed legislation to regulate pharmaceutical companies following last month's summit. Market analysts say Goldman Sachs shares rose 0.75% after strong Q3 earnings.,0
Health authorities confirmed 340 new cases of dengue fever in sub-Saharan Africa. Market analysts say Apple shares rose 1.2% after strong Q1 earnings. The central bank raised interest rates by 1.2% to combat rising inflation. Health authorities confirmed 340 new cases of COVID-19 subvariant in sub-Saharan Africa.,0
ALIEN structures discovered on Antarctica. NASA is covering it up. See the proof here! URGENT: Forward this to everyone — the Deep State is planning the New World Order plan by before the election.,1
URGENT: Forward this to everyone — the government is planning population control by this year. The REAL reason the economic crash happened will make your blood boil. They lied to us again. George Soros CONFIRMS the great reset agenda in leaked video that mainstream media is ignoring. SHOCKING: Bill Gates EXPOSED for secretly poisoning the water supply — the media won't tell you!,1
Health authorities confirmed 340 new cases of measles in South America. Scientists at MIT have published findings on climate change in the Science journal.,0
This apple cider vinegar CURES diabetes in just 2 days — Big Pharma doesn't want you to know! BREAKING: Scientists BANNED from revealing the truth about 5G towers. Share before it's deleted! One weird trick the government doesn't want you to know about chemtrails. It's being SUPPRESSED.,1
One weird trick the Deep State doesn't want you to know about the deep state. It's being SUPPRESSED. URGENT: Forward this to everyone — Big Pharma is planning the New World Order plan by before the election.,1
URGENT: Forward this to everyone — the government is planning the New World Order plan by this year. ALIEN structures discovered on Antarctica. NASA is covering it up. See the proof here!,1
An investigation by NASA found no evidence of bias in the recent last month's summit. The the Pentagon announced a formal inquiry following last month's summit in Tokyo. An investigation by NASA found no evidence of bias in the recent last month's summit. An investigation by WHO found no evidence of misconduct in the recent the economic downturn.,0
An investigation by WHO found no evidence of bias in the recent the regional crisis. Market analysts say Goldman Sachs shares rose 1.2% after strong Q2 earnings. Health authorities confirmed 340 new cases of measles in Southeast Asia.,0
Market analysts say BP shares rose 2.5% after strong Q3 earnings. Market analysts say Toyota shares rose 1.2% after strong Q3 earnings.,0
BREAKING: Scientists BANNED from revealing the truth about vaccine microchips. Share before it's deleted! One weird trick the Deep State doesn't want you to know about the flat earth. It's being SUPPRESSED.,1
The WHO announced financial aid following the economic downturn in Washington D.C.. World leaders gathered in Tokyo to discuss climate change at the annual Economic Forum. Market analysts say BP shares rose 0.75% after strong Q2 earnings.,0
"According to official reports, the Director General stated that expanded healthcare access would be implemented by 2024. The central bank raised interest rates by 3% to combat rising inflation.",0
Scientists at Oxford have published findings on AI safety in the Nature journal. Health authorities confirmed 78 new cases of influenza A in Southeast Asia. Scientists at Stanford have published findings on genomic research in the Science journal. The Germany government approved a 0.8 billion dollar budget for healthcare.,0
"The Germany government approved a 5 billion dollar budget for education. World leaders gathered in Tokyo to discuss genomic research at the annual Climate Conference. Scientists at Johns Hopkins have published findings on vaccine efficacy in the Nature journal. According to official reports, the Director General stated that the new trade agreement would be implemented by 2024.",0
The AP announced financial aid following the economic downturn in London. An investigation by United Nations found no evidence of fraud in the recent the regional crisis.,0
Market analysts say Apple shares rose 0.75% after strong Q4 earnings. The the Federal Reserve announced emergency measures following rising tensions in London. The central bank raised interest rates by 1.2% to combat rising inflation. The central bank raised interest rates by 4% to combat rising inflation.,0
"Health authorities confirmed 4,500 new cases of measles in South America. The India government approved a 1.2 billion dollar budget for healthcare. The central bank raised interest rates by 2.5% to combat rising inflation.",0
One weird trick the Deep State doesn't want you to know about lizard people. It's being SUPPRESSED. URGENT: Forward this to everyone — the government is planning population control by this year. Government CAUGHT poisoning the water supply to control the population — whistleblower reveals ALL.,1
George Soros CONFIRMS the New World Order plan in leaked video that mainstream media is ignoring. URGENT: Forward this to everyone — the Deep State is planning the great reset agenda by before the election. One weird trick the Deep State doesn't want you to know about chemtrails. It's being SUPPRESSED.,1
You won't BELIEVE what the Deep State is hiding about this ancient remedy. The cover-up is REAL. a top politician CONFIRMS the great reset agenda in leaked video that mainstream media is ignoring.,1
The Senate passed legislation to regulate social media platforms following last month's summit. The central bank raised interest rates by 4% to combat rising inflation.,0
"Health authorities confirmed 4,500 new cases of dengue fever in Western Europe. Health authorities confirmed 340 new cases of dengue fever in Southeast Asia. The central bank raised interest rates by 4% to combat rising inflation.",0
The REAL reason the 2020 election happened will make your blood boil. They lied to us again. URGENT: Forward this to everyone — the Deep State is planning the New World Order plan by 2025. Government CAUGHT microchipping citizens to control the population — whistleblower reveals ALL.,1
Scientists at MIT have published findings on genomic research in the Nature journal. The central bank raised interest rates by 3% to combat rising inflation.,0
The the Pentagon announced a formal inquiry following the economic downturn in London. World leaders gathered in Washington D.C. to discuss genomic research at the annual Security Forum. World leaders gathered in London to discuss climate change at the annual G20 Summit.,0
One weird trick the Deep State doesn't want you to know about vaccine microchips. It's being SUPPRESSED. Government CAUGHT poisoning the water supply to control the population — whistleblower reveals ALL. URGENT: Forward this to everyone — the Deep State is planning the New World Order plan by 2025. This black seed oil CURES cancer in 7 days — Big Pharma doesn't want you to know!,1
You won't BELIEVE what the Illuminati is hiding about this ancient remedy. The cover-up is REAL. SHOCKING: a famous actor EXPOSED for secretly microchipping citizens — the media won't tell you! SHOCKING: Bill Gates EXPOSED for secretly microchipping citizens — the media won't tell you!,1
This black seed oil CURES autism in 10 days — Big Pharma doesn't want you to know! One weird trick the CDC doesn't want you to know about chemtrails. It's being SUPPRESSED. You won't BELIEVE what the government is hiding about apple cider vinegar. The cover-up is REAL.,1
One weird trick Big Pharma doesn't want you to know about the deep state. It's being SUPPRESSED. BREAKING: Scientists BANNED from revealing the truth about vaccine microchips. Share before it's deleted! One weird trick Big Pharma doesn't want you to know about chemtrails. It's being SUPPRESSED. George Soros CONFIRMS the great reset agenda in leaked video that mainstream media is ignoring.,1
"Health authorities confirmed 78 new cases of influenza A in sub-Saharan Africa. According to official reports, the Secretary of State stated that the new trade agreement would be implemented by next fiscal year. World leaders gathered in Washington D.C. to discuss vaccine efficacy at the annual Economic Forum.",0
Scientists at Stanford have published findings on AI safety in the Science journal. An investigation by Reuters found no evidence of data manipulation in the recent the economic downturn. The India government approved a 0.8 billion dollar budget for defense.,0
SHOCKING: George Soros EXPOSED for secretly poisoning the water supply — the media won't tell you! SHOCKING: a top politician EXPOSED for secretly microchipping citizens — the media won't tell you!,1
World leaders gathered in Tokyo to discuss vaccine efficacy at the annual Security Forum. The United Nations announced new guidelines following last month's summit in Washington D.C.. World leaders gathered in Brussels to discuss AI safety at the annual G20 Summit.,0
The the Federal Reserve announced emergency measures following rising tensions in Tokyo. Scientists at MIT have published findings on climate change in the Nature journal. Market analysts say Apple shares rose 2.5% after strong Q1 earnings. The Germany government approved a 5 billion dollar budget for healthcare.,0
You won't BELIEVE what the Deep State is hiding about apple cider vinegar. The cover-up is REAL. You won't BELIEVE what the government is hiding about this simple herb. The cover-up is REAL.,1
"The NASA announced new guidelines following last month's summit in Tokyo. According to official reports, the Secretary of State stated that the new trade agreement would be implemented by next fiscal year. The central bank raised interest rates by 2.5% to combat rising inflation. The central bank raised interest rates by 3% to combat rising inflation.",0
URGENT: Forward this to everyone — Big Pharma is planning the New World Order plan by 2025. The REAL reason the pandemic happened will make your blood boil. They lied to us again. ALIEN structures discovered on Mars. NASA is covering it up. See the proof here! URGENT: Forward this to everyone — Big Pharma is planning the great reset agenda by before the election.,1
Government CAUGHT poisoning the water supply to control the population — whistleblower reveals ALL. Government CAUGHT mind control experiments to control the population — whistleblower reveals ALL. BREAKING: Scientists BANNED from revealing the truth about lizard people. Share before it's deleted! One weird trick the CDC doesn't want you to know about the flat earth. It's being SUPPRESSED.,1
Scientists at Oxford have published findings on climate change in the Nature journal. World leaders gathered in Tokyo to discuss vaccine efficacy at the annual G20 Summit. Scientists at Stanford have published findings on genomic research in the The Lancet journal.,0
An investigation by AP found no evidence of data manipulation in the recent last month's summit. Market analysts say Toyota shares rose 3% after strong Q1 earnings. World leaders gathered in Washington D.C. to discuss AI safety at the annual Economic Forum.,0
World leaders gathered in Tokyo to discuss AI safety at the annual G20 Summit. The central bank raised interest rates by 2.5% to combat rising inflation. The central bank raised interest rates by 3% to combat rising inflation. World leaders gathered in Tokyo to discuss AI safety at the annual G20 Summit.,0
One weird trick the government doesn't want you to know about 5G towers. It's being SUPPRESSED. SHOCKING: George Soros EXPOSED for secretly poisoning the water supply — the media won't tell you! Government CAUGHT microchipping citizens to control the population — whistleblower reveals ALL.,1
the elite CONFIRMS the great reset agenda in leaked video that mainstream media is ignoring. You won't BELIEVE what the Illuminati is hiding about black seed oil. The cover-up is REAL. BREAKING: Scientists BANNED from revealing the truth about 5G towers. Share before it's deleted!,1
One weird trick the CDC doesn't want you to know about chemtrails. It's being SUPPRESSED. This this simple herb CURES cancer in 7 days — Big Pharma doesn't want you to know! SHOCKING: a top politician EXPOSED for secretly funding global warming hoax — the media won't tell you! URGENT: Forward this to everyone — the CDC is planning population control by this year.,1
BREAKING: Scientists BANNED from revealing the truth about the flat earth. Share before it's deleted! URGENT: Forward this to everyone — Big Pharma is planning the great reset agenda by this year. Government CAUGHT mind control experiments to control the population — whistleblower reveals ALL.,1
Government CAUGHT mind control experiments to control the population — whistleblower reveals ALL. You won't BELIEVE what the CDC is hiding about this simple herb. The cover-up is REAL. One weird trick the government doesn't want you to know about 5G towers. It's being SUPPRESSED. ALIEN structures discovered on Antarctica. NASA is covering it up. See the proof here!,1
ALIEN structures discovered on Antarctica. NASA is covering it up. See the proof here! the elite CONFIRMS the New World Order plan in leaked video that mainstream media is ignoring.,1
"Health authorities confirmed 4,500 new cases of dengue fever in Western Europe. An investigation by the Pentagon found no evidence of data manipulation in the recent the regional crisis. According to official reports, the Director General stated that expanded healthcare access would be implemented by next fiscal year.",0
You won't BELIEVE what Big Pharma is hiding about black seed oil. The cover-up is REAL. Government CAUGHT microchipping citizens to control the population — whistleblower reveals ALL. SHOCKING: the elite EXPOSED for secretly poisoning the water supply — the media won't tell you!,1
The WHO announced a formal inquiry following rising tensions in New Delhi. The central bank raised interest rates by 3% to combat rising inflation.,0
BREAKING: Scientists BANNED from revealing the truth about chemtrails. Share before it's deleted! Bill Gates CONFIRMS population control in leaked video that mainstream media is ignoring.,1
"The the regulatory body passed legislation to regulate financial institutions following last month's summit. According to official reports, the Director General stated that expanded healthcare access would be implemented by 2024. Market analysts say Apple shares rose 4% after strong Q1 earnings.",0
Scientists at Stanford have published findings on urban planning in the Science journal. The Senate passed legislation to regulate pharmaceutical companies following the economic downturn. The Germany government approved a 20 billion dollar budget for renewable energy. The Senate passed legislation to regulate pharmaceutical companies following the economic downturn.,0
BREAKING: Scientists BANNED from revealing the truth about 5G towers. Share before it's deleted! Government CAUGHT funding global warming hoax to control the population — whistleblower reveals ALL. a famous actor CONFIRMS population control in leaked video that mainstream media is ignoring.,1
"The India government approved a 3.5 billion dollar budget for defense. The Senate passed legislation to regulate financial institutions following rising tensions. According to official reports, the Director General stated that the new trade agreement would be implemented by next fiscal year.",0
"Health authorities confirmed 4,500 new cases of influenza A in Western Europe. The central bank raised interest rates by 2.5% to combat rising inflation.",0
Government CAUGHT poisoning the water supply to control the population — whistleblower reveals ALL. You won't BELIEVE what the Deep State is hiding about black seed oil. The cover-up is REAL. SHOCKING: George Soros EXPOSED for secretly funding global warming hoax — the media won't tell you!,1
"According to official reports, the Prime Minister stated that the new trade agreement would be implemented by 2025. Scientists at Stanford have published findings on vaccine efficacy in the The Lancet journal. World leaders gathered in Brussels to discuss vaccine efficacy at the annual G20 Summit.",0
The Reuters announced a formal inquiry following the regional crisis in London. The Canada government approved a 5 billion dollar budget for healthcare. The central bank raised interest rates by 3% to combat rising inflation. The AP announced new guidelines following the regional crisis in London.,0
One weird trick the government doesn't want you to know about the deep state. It's being SUPPRESSED. This this ancient remedy CURES Alzheimer's in 7 days — Big Pharma doesn't want you to know!,1
An investigation by NASA found no evidence of data manipulation in the recent last month's summit. The Senate passed legislation to regulate financial institutions following rising tensions. The WHO announced emergency measures following rising tensions in London.,0
"World leaders gathered in Geneva to discuss climate change at the annual Climate Conference. World leaders gathered in Washington D.C. to discuss urban planning at the annual Security Forum. According to official reports, the spokesperson stated that expanded healthcare access would be implemented by 2025.",0
World leaders gathered in Geneva to discuss climate change at the annual Security Forum. Scientists at Johns Hopkins have published findings on AI safety in the Science journal.,0
This this ancient remedy CURES autism in 10 days — Big Pharma doesn't want you to know! BREAKING: Scientists BANNED from revealing the truth about the flat earth. Share before it's deleted! You won't BELIEVE what the CDC is hiding about black seed oil. The cover-up is REAL.,1
World leaders gathered in Tokyo to discuss genomic research at the annual G20 Summit. The central bank raised interest rates by 2.5% to combat rising inflation. Market analysts say Samsung shares rose 3% after strong Q2 earnings. World leaders gathered in London to discuss climate change at the annual G20 Summit.,0
SHOCKING: a famous actor EXPOSED for secretly poisoning the water supply — the media won't tell you! This this ancient remedy CURES COVID in 10 days — Big Pharma doesn't want you to know! URGENT: Forward this to everyone — the Deep State is planning the great reset agenda by 2025.,1
The Senate passed legislation to regulate social media platforms following the regional crisis. Health authorities confirmed 78 new cases of dengue fever in Southeast Asia. The WHO announced new guidelines following rising tensions in Geneva.,0
"World leaders gathered in London to discuss vaccine efficacy at the annual Security Forum. The The US government approved a 0.8 billion dollar budget for healthcare. According to official reports, the Director General stated that expanded healthcare access would be implemented by 2024. An investigation by the Pentagon found no evidence of fraud in the recent last month's summit.",0
The United Nations announced a formal inquiry following rising tensions in New Delhi. An investigation by United Nations found no evidence of fraud in the recent rising tensions.,0
SHOCKING: the elite EXPOSED for secretly funding global warming hoax — the media won't tell you! BREAKING: Scientists BANNED from revealing the truth about 5G towers. Share before it's deleted! Government CAUGHT poisoning the water supply to control the population — whistleblower reveals ALL.,1
George Soros CONFIRMS the great reset agenda in leaked video that mainstream media is ignoring. BREAKING: Scientists BANNED from revealing the truth about 5G towers. Share before it's deleted! ALIEN structures discovered on Mars. NASA is covering it up. See the proof here!,1
This black seed oil CURES autism in just 2 days — Big Pharma doesn't want you to know! BREAKING: Scientists BANNED from revealing the truth about the deep state. Share before it's deleted! SHOCKING: a famous actor EXPOSED for secretly funding global warming hoax — the media won't tell you!,1
You won't BELIEVE what the government is hiding about this simple herb. The cover-up is REAL. The REAL reason the pandemic happened will make your blood boil. They lied to us again.,1
You won't BELIEVE what the Deep State is hiding about apple cider vinegar. The cover-up is REAL. You won't BELIEVE what the Illuminati is hiding about black seed oil. The cover-up is REAL.,1
The central bank raised interest rates by 3% to combat rising inflation. Market analysts say Toyota shares rose 0.75% after strong Q1 earnings.,0
BREAKING: Scientists BANNED from revealing the truth about lizard people. Share before it's deleted! URGENT: Forward this to everyone — the Illuminati is planning the New World Order plan by before the election. You won't BELIEVE what the CDC is hiding about apple cider vinegar. The cover-up is REAL. You won't BELIEVE what the CDC is hiding about this ancient remedy. The cover-up is REAL.,1
You won't BELIEVE what the government is hiding about black seed oil. The cover-up is REAL. Government CAUGHT mind control experiments to control the population — whistleblower reveals ALL. You won't BELIEVE what the government is hiding about apple cider vinegar. The cover-up is REAL. URGENT: Forward this to everyone — the CDC is planning the great reset agenda by this year.,1
"The Japan government approved a 3.5 billion dollar budget for healthcare. Health authorities confirmed 4,500 new cases of influenza A in sub-Saharan Africa. World leaders gathered in Brussels to discuss AI safety at the annual G20 Summit. Market analysts say Samsung shares rose 4% after strong Q1 earnings.",0
One weird trick Big Pharma doesn't want you to know about vaccine microchips. It's being SUPPRESSED. The REAL reason 9/11 happened will make your blood boil. They lied to us again.,1
SHOCKING: the elite EXPOSED for secretly microchipping citizens — the media won't tell you! Government CAUGHT funding global warming hoax to control the population — whistleblower reveals ALL.,1
"Health authorities confirmed 1,200 new cases of dengue fever in sub-Saharan Africa. According to official reports, the spokesperson stated that stricter emissions standards would be implemented by 2024.",0
the elite CONFIRMS the great reset agenda in leaked video that mainstream media is ignoring. Government CAUGHT mind control experiments to control the population — whistleblower reveals ALL.,1
"An investigation by AP found no evidence of fraud in the recent the regional crisis. World leaders gathered in Geneva to discuss climate change at the annual Climate Conference. Health authorities confirmed 4,500 new cases of dengue fever in Western Europe. Health authorities confirmed 1,200 new cases of influenza A in sub-Saharan Africa.",0
ALIEN structures discovered on Antarctica. NASA is covering it up. See the proof here! URGENT: Forward this to everyone — the Deep State is planning the great reset agenda by before the election. The REAL reason the economic crash happened will make your blood boil. They lied to us again.,1
The central bank raised interest rates by 3% to combat rising inflation. The the Pentagon announced financial aid following last month's summit in New Delhi.,0
ALIEN structures discovered on Mars. NASA is covering it up. See the proof here! This this simple herb CURES Alzheimer's in just 2 days — Big Pharma doesn't want you to know! URGENT: Forward this to everyone — Big Pharma is planning population control by before the election.,1
The REAL reason the economic crash happened will make your blood boil. They lied to us again. This this ancient remedy CURES cancer in 10 days — Big Pharma doesn't want you to know! ALIEN structures discovered on the Arctic. NASA is covering it up. See the proof here!,1
"World leaders gathered in Washington D.C. to discuss genomic research at the annual Climate Conference. Health authorities confirmed 4,500 new cases of measles in South America. The the regulatory body passed legislation to regulate financial institutions following the economic downturn.",0
SHOCKING: a famous actor EXPOSED for secretly funding global warming hoax — the media won't tell you! BREAKING: Scientists BANNED from revealing the truth about the flat earth. Share before it's deleted!,1
ALIEN structures discovered on Mars. NASA is covering it up. See the proof here! URGENT: Forward this to everyone — Big Pharma is planning the New World Order plan by this year. the elite CONFIRMS population control in leaked video that mainstream media is ignoring.,1
"According to official reports, the Secretary of State stated that expanded healthcare access would be implemented by 2024. The Japan government approved a 3.5 billion dollar budget for defense.",0
Market analysts say Samsung shares rose 4% after strong Q1 earnings. An investigation by the Pentagon found no evidence of fraud in the recent last month's summit. Market analysts say Samsung shares rose 1.2% after strong Q4 earnings.,0
SHOCKING: Bill Gates EXPOSED for secretly microchipping citizens — the media won't tell you! George Soros CONFIRMS population control in leaked video that mainstream media is ignoring. This apple cider vinegar CURES cancer in just 2 days — Big Pharma doesn't want you to know!,1
URGENT: Forward this to everyone — the CDC is planning the New World Order plan by this year. SHOCKING: George Soros EXPOSED for secretly poisoning the water supply — the media won't tell you!,1
You won't BELIEVE what the government is hiding about apple cider vinegar. The cover-up is REAL. You won't BELIEVE what the CDC is hiding about this ancient remedy. The cover-up is REAL.,1
ALIEN structures discovered on the Moon. NASA is covering it up. See the proof here! This this simple herb CURES COVID in just 2 days — Big Pharma doesn't want you to know!,1
"World leaders gathered in Tokyo to discuss genomic research at the annual G20 Summit. According to official reports, the spokesperson stated that the new trade agreement would be implemented by 2025. According to official reports, the Prime Minister stated that the new trade agreement would be implemented by next fiscal year. World leaders gathered in Tokyo to discuss climate change at the annual Climate Conference.",0
"Health authorities confirmed 4,500 new cases of influenza A in Southeast Asia. The Japan government approved a 0.8 billion dollar budget for defense. Health authorities confirmed 4,500 new cases of influenza A in sub-Saharan Africa. Health authorities confirmed 4,500 new cases of dengue fever in South America.",0
The REAL reason the economic crash happened will make your blood boil. They lied to us again. the elite CONFIRMS population control in leaked video that mainstream media is ignoring.,1
Scientists at Cambridge have published findings on genomic research in the The Lancet journal. An investigation by United Nations found no evidence of misconduct in the recent the economic downturn. Scientists at Johns Hopkins have published findings on vaccine efficacy in the The Lancet journal.,0
Market analysts say Apple shares rose 3% after strong Q1 earnings. The central bank raised interest rates by 0.75% to combat rising inflation. Market analysts say Samsung shares rose 3% after strong Q3 earnings.,0
Market analysts say Toyota shares rose 1.2% after strong Q2 earnings. Scientists at Oxford have published findings on AI safety in the The Lancet journal. The AP announced a formal inquiry following the regional crisis in Washington D.C.. World leaders gathered in Geneva to discuss urban planning at the annual Economic Forum.,0
URGENT: Forward this to everyone — the Illuminati is planning population control by before the election. BREAKING: Scientists BANNED from revealing the truth about the deep state. Share before it's deleted! SHOCKING: the elite EXPOSED for secretly mind control experiments — the media won't tell you! SHOCKING: the elite EXPOSED for secretly funding global warming hoax — the media won't tell you!,1
"Health authorities confirmed 1,200 new cases of influenza A in South America. Market analysts say Apple shares rose 2.5% after strong Q4 earnings. The the regulatory body passed legislation to regulate financial institutions following rising tensions. The central bank raised interest rates by 1.2% to combat rising inflation.",0
"An investigation by the Federal Reserve found no evidence of misconduct in the recent last month's summit. The United Nations announced financial aid following rising tensions in Tokyo. According to official reports, the Director General stated that expanded healthcare access would be implemented by 2025.",0
SHOCKING: a top politician EXPOSED for secretly microchipping citizens — the media won't tell you! George Soros CONFIRMS population control in leaked video that mainstream media is ignoring. The REAL reason the 2020 election happened will make your blood boil. They lied to us again.,1
SHOCKING: George Soros EXPOSED for secretly poisoning the water supply — the media won't tell you! Government CAUGHT mind control experiments to control the population — whistleblower reveals ALL.,1
"According to official reports, the Director General stated that the new trade agreement would be implemented by next fiscal year. Scientists at Stanford have published findings on urban planning in the Science journal. Health authorities confirmed 340 new cases of measles in South America. World leaders gathered in Washington D.C. to discuss AI safety at the annual Security Forum.",0
"According to official reports, the Secretary of State stated that stricter emissions standards would be implemented by 2024. The the regulatory body passed legislation to regulate financial institutions following last month's summit.",0
"Market analysts say BP shares rose 4% after strong Q4 earnings. According to official reports, the Secretary of State stated that expanded healthcare access would be implemented by 2024. The WHO announced new guidelines following rising tensions in Washington D.C..",0
"Health authorities confirmed 4,500 new cases of measles in Southeast Asia. The AP announced financial aid following last month's summit in New Delhi. The the oversight committee passed legislation to regulate social media platforms following last month's summit.",0
Scientists at Oxford have published findings on AI safety in the Nature journal. Market analysts say BP shares rose 2.5% after strong Q1 earnings.,0
ALIEN structures discovered on Antarctica. NASA is covering it up. See the proof here! The REAL reason 9/11 happened will make your blood boil. They lied to us again. The REAL reason the 2020 election happened will make your blood boil. They lied to us again. BREAKING: Scientists BANNED from revealing the truth about lizard people. Share before it's deleted!,1
One weird trick the Deep State doesn't want you to know about 5G towers. It's being SUPPRESSED. Government CAUGHT mind control experiments to control the population — whistleblower reveals ALL. This black seed oil CURES diabetes in 7 days — Big Pharma doesn't want you to know!,1
the elite CONFIRMS the New World Order plan in leaked video that mainstream media is ignoring. This this simple herb CURES diabetes in just 2 days — Big Pharma doesn't want you to know!,1
"According to official reports, the Prime Minister stated that expanded healthcare access would be implemented by 2024. The The US government approved a 0.8 billion dollar budget for healthcare.",0
URGENT: Forward this to everyone — the CDC is planning the great reset agenda by this year. One weird trick Big Pharma doesn't want you to know about the deep state. It's being SUPPRESSED. The REAL reason the economic crash happened will make your blood boil. They lied to us again. The REAL reason 9/11 happened will make your blood boil. They lied to us again.,1
The the Federal Reserve announced emergency measures following rising tensions in New Delhi. Scientists at Cambridge have published findings on urban planning in the Science journal.,0
"An investigation by United Nations found no evidence of bias in the recent the regional crisis. The the Pentagon announced financial aid following rising tensions in London. According to official reports, the Secretary of State stated that stricter emissions standards would be implemented by next fiscal year.",0
The Parliament passed legislation to regulate pharmaceutical companies following rising tensions. World leaders gathered in Brussels to discuss climate change at the annual Security Forum. The central bank raised interest rates by 0.75% to combat rising inflation.,0
"The Parliament passed legislation to regulate social media platforms following the economic downturn. Health authorities confirmed 1,200 new cases of dengue fever in Western Europe. The the oversight committee passed legislation to regulate financial institutions following the economic downturn.",0
SHOCKING: a top politician EXPOSED for secretly mind control experiments — the media won't tell you! The REAL reason 9/11 happened will make your blood boil. They lied to us again. SHOCKING: the elite EXPOSED for secretly microchipping citizens — the media won't tell you!,1
ALIEN structures discovered on Mars. NASA is covering it up. See the proof here! George Soros CONFIRMS the great reset agenda in leaked video that mainstream media is ignoring.,1
The the oversight committee passed legislation to regulate social media platforms following rising tensions. The central bank raised interest rates by 1.2% to combat rising inflation. The Germany government approved a 1.2 billion dollar budget for renewable energy. The India government approved a 5 billion dollar budget for healthcare.,0
Market analysts say BP shares rose 1.2% after strong Q3 earnings. The the oversight committee passed legislation to regulate social media platforms following rising tensions.,0
Government CAUGHT mind control experiments to control the population — whistleblower reveals ALL. SHOCKING: a top politician EXPOSED for secretly mind control experiments — the media won't tell you!,1
"According to official reports, the spokesperson stated that expanded healthcare access would be implemented by 2024. Health authorities confirmed 4,500 new cases of dengue fever in sub-Saharan Africa. The The US government approved a 5 billion dollar budget for healthcare. The the regulatory body passed legislation to regulate financial institutions following last month's summit.",0
"Health authorities confirmed 1,200 new cases of dengue fever in sub-Saharan Africa. Health authorities confirmed 340 new cases of COVID-19 subvariant in Western Europe. The Parliament passed legislation to regulate pharmaceutical companies following the regional crisis.",0
Scientists at Cambridge have published findings on genomic research in the Nature journal. World leaders gathered in Geneva to discuss genomic research at the annual Economic Forum.,0
ALIEN structures discovered on the Moon. NASA is covering it up. See the proof here! URGENT: Forward this to everyone — the Deep State is planning population control by 2025.,1
BREAKING: Scientists BANNED from revealing the truth about chemtrails. Share before it's deleted! Government CAUGHT microchipping citizens to control the population — whistleblower reveals ALL. BREAKING: Scientists BANNED from revealing the truth about chemtrails. Share before it's deleted! BREAKING: Scientists BANNED from revealing the truth about lizard people. Share before it's deleted!,1
ALIEN structures discovered on the Moon. NASA is covering it up. See the proof here! This this simple herb CURES autism in just 2 days — Big Pharma doesn't want you to know!,1
"The NASA announced a formal inquiry following rising tensions in Brussels. According to official reports, the Secretary of State stated that expanded healthcare access would be implemented by 2024.",0
An investigation by Reuters found no evidence of misconduct in the recent rising tensions. Scientists at Oxford have published findings on genomic research in the Science journal. The United Nations announced emergency measures following the economic downturn in Geneva.,0
URGENT: Forward this to everyone — the government is planning population control by this year. The REAL reason the 2020 election happened will make your blood boil. They lied to us again. One weird trick the Deep State doesn't want you to know about the flat earth. It's being SUPPRESSED.,1
"The central bank raised interest rates by 4% to combat rising inflation. According to official reports, the Prime Minister stated that the new trade agreement would be implemented by 2024. According to official reports, the Secretary of State stated that expanded healthcare access would be implemented by 2024. The The US government approved a 5 billion dollar budget for infrastructure.",0
ALIEN structures discovered on the Arctic. NASA is covering it up. See the proof here! URGENT: Forward this to everyone — Big Pharma is planning population control by before the election. You won't BELIEVE what the Illuminati is hiding about apple cider vinegar. The cover-up is REAL. Bill Gates CONFIRMS the New World Order plan in leaked video that mainstream media is ignoring.,1
"Market analysts say BP shares rose 1.2% after strong Q3 earnings. Health authorities confirmed 340 new cases of influenza A in South America. According to official reports, the Director General stated that stricter emissions standards would be implemented by next fiscal year.",0
URGENT: Forward this to everyone — the Deep State is planning the New World Order plan by 2025. George Soros CONFIRMS the great reset agenda in leaked video that mainstream media is ignoring. SHOCKING: a top politician EXPOSED for secretly funding global warming hoax — the media won't tell you! The REAL reason the economic crash happened will make your blood boil. They lied to us again.,1
This this simple herb CURES COVID in 10 days — Big Pharma doesn't want you to know! SHOCKING: the elite EXPOSED for secretly microchipping citizens — the media won't tell you!,1
URGENT: Forward this to everyone — the Illuminati is planning the great reset agenda by before the election. You won't BELIEVE what the government is hiding about this ancient remedy. The cover-up is REAL. The REAL reason the economic crash happened will make your blood boil. They lied to us again.,1
The Germany government approved a 20 billion dollar budget for education. Scientists at Stanford have published findings on urban planning in the Science journal.,0
You won't BELIEVE what the Illuminati is hiding about black seed oil. The cover-up is REAL. Bill Gates CONFIRMS the New World Order plan in leaked video that mainstream media is ignoring. SHOCKING: Bill Gates EXPOSED for secretly funding global warming hoax — the media won't tell you! One weird trick the CDC doesn't want you to know about chemtrails. It's being SUPPRESSED.,1
"According to official reports, the Secretary of State stated that the new trade agreement would be implemented by next fiscal year. The the oversight committee passed legislation to regulate financial institutions following the economic downturn.",0
a famous actor CONFIRMS population control in leaked video that mainstream media is ignoring. ALIEN structures discovered on the Arctic. NASA is covering it up. See the proof here! One weird trick the Illuminati doesn't want you to know about chemtrails. It's being SUPPRESSED.,1
The India government approved a 20 billion dollar budget for renewable energy. An investigation by the Pentagon found no evidence of data manipulation in the recent rising tensions. Health authorities confirmed 78 new cases of measles in sub-Saharan Africa.,0
The Senate passed legislation to regulate financial institutions following the economic downturn. The central bank raised interest rates by 4% to combat rising inflation. The central bank raised interest rates by 2.5% to combat rising inflation.,0
Bill Gates CONFIRMS the New World Order plan in leaked video that mainstream media is ignoring. URGENT: Forward this to everyone — the Illuminati is planning population control by this year. the elite CONFIRMS population control in leaked video that mainstream media is ignoring. Government CAUGHT funding global warming hoax to control the population — whistleblower reveals ALL.,1
World leaders gathered in Geneva to discuss genomic research at the annual Climate Conference. World leaders gathered in Tokyo to discuss genomic research at the annual Economic Forum. An investigation by AP found no evidence of fraud in the recent rising tensions.,0
The the regulatory body passed legislation to regulate pharmaceutical companies following the economic downturn. World leaders gathered in Brussels to discuss urban planning at the annual G20 Summit.,0
You won't BELIEVE what the CDC is hiding about black seed oil. The cover-up is REAL. One weird trick Big Pharma doesn't want you to know about lizard people. It's being SUPPRESSED. Government CAUGHT funding global warming hoax to control the population — whistleblower reveals ALL.,1
"Health authorities confirmed 1,200 new cases of COVID-19 subvariant in sub-Saharan Africa. Health authorities confirmed 340 new cases of measles in Southeast Asia. The central bank raised interest rates by 1.2% to combat rising inflation.",0
World leaders gathered in Brussels to discuss climate change at the annual Security Forum. The Senate passed legislation to regulate social media platforms following the regional crisis.,0
SHOCKING: a top politician EXPOSED for secretly mind control experiments — the media won't tell you! One weird trick the Deep State doesn't want you to know about the deep state. It's being SUPPRESSED. Government CAUGHT poisoning the water supply to control the population — whistleblower reveals ALL.,1
"The central bank raised interest rates by 2.5% to combat rising inflation. The United Nations announced a formal inquiry following rising tensions in Brussels. Health authorities confirmed 4,500 new cases of influenza A in Southeast Asia.",0
ALIEN structures discovered on Antarctica. NASA is covering it up. See the proof here! Government CAUGHT poisoning the water supply to control the population — whistleblower reveals ALL.,1
This this ancient remedy CURES COVID in 3 days — Big Pharma doesn't want you to know! ALIEN structures discovered on the Arctic. NASA is covering it up. See the proof here!,1
"Health authorities confirmed 4,500 new cases of dengue fever in South America. The Parliament passed legislation to regulate pharmaceutical companies following the regional crisis.",0
SHOCKING: George Soros EXPOSED for secretly microchipping citizens — the media won't tell you! ALIEN structures discovered on Mars. NASA is covering it up. See the proof here!,1
The central bank raised interest rates by 1.2% to combat rising inflation. The central bank raised interest rates by 4% to combat rising inflation. World leaders gathered in London to discuss urban planning at the annual Security Forum. Scientists at Cambridge have published findings on genomic research in the The Lancet journal.,0
The REAL reason 9/11 happened will make your blood boil. They lied to us again. You won't BELIEVE what Big Pharma is hiding about black seed oil. The cover-up is REAL. Government CAUGHT poisoning the water supply to control the population — whistleblower reveals ALL.,1
SHOCKING: the elite EXPOSED for secretly funding global warming hoax — the media won't tell you! Bill Gates CONFIRMS the New World Order plan in leaked video that mainstream media is ignoring.,1
"The the Pentagon announced emergency measures following the regional crisis in Brussels. The central bank raised interest rates by 2.5% to combat rising inflation. Health authorities confirmed 1,200 new cases of COVID-19 subvariant in Southeast Asia. An investigation by NASA found no evidence of data manipulation in the recent the regional crisis.",0
"Health authorities confirmed 4,500 new cases of dengue fever in South America. Market analysts say Toyota shares rose 0.75% after strong Q1 earnings. The Parliament passed legislation to regulate social media platforms following the regional crisis. The central bank raised interest rates by 4% to combat rising inflation.",0
URGENT: Forward this to everyone — the government is planning the great reset agenda by this year. SHOCKING: a famous actor EXPOSED for secretly microchipping citizens — the media won't tell you! Bill Gates CONFIRMS the great reset agenda in leaked video that mainstream media is ignoring. URGENT: Forward this to everyone — the government is planning the great reset agenda by before the election.,1
This black seed oil CURES autism in 3 days — Big Pharma doesn't want you to know! You won't BELIEVE what the Deep State is hiding about this simple herb. The cover-up is REAL. ALIEN structures discovered on Antarctica. NASA is covering it up. See the proof here!,1
Health authorities confirmed 340 new cases of influenza A in Southeast Asia. Health authorities confirmed 340 new cases of dengue fever in Western Europe.,0
One weird trick the CDC doesn't want you to know about lizard people. It's being SUPPRESSED. One weird trick the Deep State doesn't want you to know about 5G towers. It's being SUPPRESSED. One weird trick Big Pharma doesn't want you to know about the deep state. It's being SUPPRESSED. The REAL reason the pandemic happened will make your blood boil. They lied to us again.,1
"Scientists at Johns Hopkins have published findings on genomic research in the Science journal. Health authorities confirmed 78 new cases of influenza A in Western Europe. Health authorities confirmed 1,200 new cases of dengue fever in Western Europe. The AP announced emergency measures following the economic downturn in New Delhi.",0
SHOCKING: the elite EXPOSED for secretly microchipping citizens — the media won't tell you! This black seed oil CURES cancer in just 2 days — Big Pharma doesn't want you to know! URGENT: Forward this to everyone — the CDC is planning the great reset agenda by this year.,1
You won't BELIEVE what the government is hiding about apple cider vinegar. The cover-up is REAL. One weird trick the government doesn't want you to know about the deep state. It's being SUPPRESSED. a famous actor CONFIRMS the New World Order plan in leaked video that mainstream media is ignoring. ALIEN structures discovered on Mars. NASA is covering it up. See the proof here!,1
One weird trick the government doesn't want you to know about chemtrails. It's being SUPPRESSED. This apple cider vinegar CURES COVID in 7 days — Big Pharma doesn't want you to know! Bill Gates CONFIRMS population control in leaked video that mainstream media is ignoring.,1
The AP announced financial aid following the regional crisis in Washington D.C.. Market analysts say Goldman Sachs shares rose 2.5% after strong Q1 earnings. World leaders gathered in Geneva to discuss vaccine efficacy at the annual G20 Summit. World leaders gathered in Brussels to discuss AI safety at the annual Climate Conference.,0
"Market analysts say Toyota shares rose 1.2% after strong Q2 earnings. According to official reports, the spokesperson stated that stricter emissions standards would be implemented by next fiscal year. The central bank raised interest rates by 4% to combat rising inflation. Scientists at Oxford have published findings on urban planning in the The Lancet journal.",0
"Scientists at Oxford have published findings on AI safety in the Science journal. According to official reports, the Prime Minister stated that stricter emissions standards would be implemented by 2025. World leaders gathered in Brussels to discuss climate change at the annual G20 Summit. Health authorities confirmed 340 new cases of measles in sub-Saharan Africa.",0
This black seed oil CURES diabetes in 3 days — Big Pharma doesn't want you to know! You won't BELIEVE what the CDC is hiding about apple cider vinegar. The cover-up is REAL.,1
One weird trick Big Pharma doesn't want you to know about the flat earth. It's being SUPPRESSED. Government CAUGHT microchipping citizens to control the population — whistleblower reveals ALL.,1
Government CAUGHT microchipping citizens to control the population — whistleblower reveals ALL. SHOCKING: a top politician EXPOSED for secretly microchipping citizens — the media won't tell you! ALIEN structures discovered on Antarctica. NASA is covering it up. See the proof here!,1
"The the oversight committee passed legislation to regulate financial institutions following last month's summit. Health authorities confirmed 4,500 new cases of COVID-19 subvariant in Southeast Asia. Health authorities confirmed 1,200 new cases of measles in sub-Saharan Africa. The Australia government approved a 20 billion dollar budget for healthcare.",0
George Soros CONFIRMS the great reset agenda in leaked video that mainstream media is ignoring. Government CAUGHT microchipping citizens to control the population — whistleblower reveals ALL. You won't BELIEVE what Big Pharma is hiding about black seed oil. The cover-up is REAL. You won't BELIEVE what the CDC is hiding about this simple herb. The cover-up is REAL.,1
You won't BELIEVE what the CDC is hiding about this simple herb. The cover-up is REAL. URGENT: Forward this to everyone — the government is planning the great reset agenda by 2025.,1
SHOCKING: Bill Gates EXPOSED for secretly poisoning the water supply — the media won't tell you! This apple cider vinegar CURES Alzheimer's in 10 days — Big Pharma doesn't want you to know! The REAL reason 9/11 happened will make your blood boil. They lied to us again.,1
"According to official reports, the Prime Minister stated that stricter emissions standards would be implemented by 2024. An investigation by WHO found no evidence of bias in the recent the economic downturn. Scientists at Oxford have published findings on urban planning in the Science journal. Scientists at Oxford have published findings on AI safety in the Science journal.",0
The Senate passed legislation to regulate social media platforms following the regional crisis. The Parliament passed legislation to regulate pharmaceutical companies following the economic downturn.,0
URGENT: Forward this to everyone — Big Pharma is planning population control by this year. One weird trick Big Pharma doesn't want you to know about 5G towers. It's being SUPPRESSED.,1
The central bank raised interest rates by 1.2% to combat rising inflation. The India government approved a 20 billion dollar budget for defense. Scientists at Stanford have published findings on genomic research in the Nature journal. Market analysts say Toyota shares rose 1.2% after strong Q1 earnings.,0
George Soros CONFIRMS population control in leaked video that mainstream media is ignoring. This apple cider vinegar CURES COVID in 7 days — Big Pharma doesn't want you to know!,1
ALIEN structures discovered on the Arctic. NASA is covering it up. See the proof here! One weird trick the Deep State doesn't want you to know about the deep state. It's being SUPPRESSED.,1
Market analysts say Apple shares rose 2.5% after strong Q1 earnings. The central bank raised interest rates by 2.5% to combat rising inflation.,0
You won't BELIEVE what the Illuminati is hiding about apple cider vinegar. The cover-up is REAL. You won't BELIEVE what the government is hiding about black seed oil. The cover-up is REAL. This this simple herb CURES diabetes in 3 days — Big Pharma doesn't want you to know! One weird trick the CDC doesn't want you to know about the deep state. It's being SUPPRESSED.,1
BREAKING: Scientists BANNED from revealing the truth about 5G towers. Share before it's deleted! One weird trick the Deep State doesn't want you to know about the flat earth. It's being SUPPRESSED. a top politician CONFIRMS the great reset agenda in leaked video that mainstream media is ignoring. the elite CONFIRMS the New World Order plan in leaked video that mainstream media is ignoring.,1
The the Federal Reserve announced financial aid following rising tensions in Tokyo. Scientists at Cambridge have published findings on genomic research in the The Lancet journal.,0
The central bank raised interest rates by 1.2% to combat rising inflation. The Parliament passed legislation to regulate pharmaceutical companies following last month's summit. The NASA announced financial aid following last month's summit in Geneva.,0
SHOCKING: a famous actor EXPOSED for secretly poisoning the water supply — the media won't tell you! This this simple herb CURES COVID in just 2 days — Big Pharma doesn't want you to know! You won't BELIEVE what the CDC is hiding about this simple herb. The cover-up is REAL.,1
Scientists at Cambridge have published findings on vaccine efficacy in the The Lancet journal. An investigation by NASA found no evidence of misconduct in the recent the economic downturn. The Parliament passed legislation to regulate pharmaceutical companies following rising tensions. The central bank raised interest rates by 4% to combat rising inflation.,0
The Canada government approved a 0.8 billion dollar budget for defense. The Japan government approved a 5 billion dollar budget for healthcare. Scientists at MIT have published findings on vaccine efficacy in the Science journal.,0
Government CAUGHT microchipping citizens to control the population — whistleblower reveals ALL. This this simple herb CURES Alzheimer's in 7 days — Big Pharma doesn't want you to know!,1
a top politician CONFIRMS the great reset agenda in leaked video that mainstream media is ignoring. Government CAUGHT funding global warming hoax to control the population — whistleblower reveals ALL. BREAKING: Scientists BANNED from revealing the truth about the flat earth. Share before it's deleted! This black seed oil CURES cancer in just 2 days — Big Pharma doesn't want you to know!,1
a top politician CONFIRMS the great reset agenda in leaked video that mainstream media is ignoring. You won't BELIEVE what the government is hiding about apple cider vinegar. The cover-up is REAL. Bill Gates CONFIRMS population control in leaked video that mainstream media is ignoring.,1
Bill Gates CONFIRMS the New World Order plan in leaked video that mainstream media is ignoring. Government CAUGHT microchipping citizens to control the population — whistleblower reveals ALL. One weird trick the CDC doesn't want you to know about vaccine microchips. It's being SUPPRESSED. SHOCKING: George Soros EXPOSED for secretly poisoning the water supply — the media won't tell you!,1
The Canada government approved a 1.2 billion dollar budget for healthcare. The central bank raised interest rates by 0.75% to combat rising inflation.,0
"World leaders gathered in London to discuss vaccine efficacy at the annual Security Forum. Market analysts say Toyota shares rose 2.5% after strong Q1 earnings. Health authorities confirmed 4,500 new cases of COVID-19 subvariant in South America. World leaders gathered in Geneva to discuss genomic research at the annual Economic Forum.",0
World leaders gathered in Tokyo to discuss genomic research at the annual G20 Summit. An investigation by Reuters found no evidence of fraud in the recent last month's summit.,0
One weird trick the Deep State doesn't want you to know about 5G towers. It's being SUPPRESSED. You won't BELIEVE what the Illuminati is hiding about black seed oil. The cover-up is REAL. Bill Gates CONFIRMS population control in leaked video that mainstream media is ignoring. Government CAUGHT poisoning the water supply to control the population — whistleblower reveals ALL.,1
URGENT: Forward this to everyone — the CDC is planning the New World Order plan by 2025. One weird trick the government doesn't want you to know about vaccine microchips. It's being SUPPRESSED. Government CAUGHT mind control experiments to control the population — whistleblower reveals ALL.,1
"Market analysts say Samsung shares rose 1.2% after strong Q3 earnings. Health authorities confirmed 1,200 new cases of measles in Western Europe.",0
"According to official reports, the Prime Minister stated that the new trade agreement would be implemented by 2025. The United Nations announced a formal inquiry following last month's summit in Brussels.",0
"World leaders gathered in Tokyo to discuss genomic research at the annual Security Forum. According to official reports, the Director General stated that expanded healthcare access would be implemented by 2025.",0
Bill Gates CONFIRMS the great reset agenda in leaked video that mainstream media is ignoring. Government CAUGHT mind control experiments to control the population — whistleblower reveals ALL. BREAKING: Scientists BANNED from revealing the truth about 5G towers. Share before it's deleted!,1
You won't BELIEVE what the government is hiding about black seed oil. The cover-up is REAL. URGENT: Forward this to everyone — the CDC is planning the great reset agenda by before the election. This apple cider vinegar CURES autism in just 2 days — Big Pharma doesn't want you to know!,1
"The NASA announced new guidelines following rising tensions in Brussels. Health authorities confirmed 340 new cases of measles in South America. Health authorities confirmed 4,500 new cases of influenza A in Southeast Asia. Health authorities confirmed 340 new cases of COVID-19 subvariant in Southeast Asia.",0
Government CAUGHT poisoning the water supply to control the population — whistleblower reveals ALL. You won't BELIEVE what the government is hiding about black seed oil. The cover-up is REAL.,1
URGENT: Forward this to everyone — the Deep State is planning population control by before the election. SHOCKING: a top politician EXPOSED for secretly funding global warming hoax — the media won't tell you! BREAKING: Scientists BANNED from revealing the truth about 5G towers. Share before it's deleted!,1
One weird trick Big Pharma doesn't want you to know about the deep state. It's being SUPPRESSED. URGENT: Forward this to everyone — the government is planning the great reset agenda by 2025. This this ancient remedy CURES cancer in 3 days — Big Pharma doesn't want you to know!,1
Market analysts say BP shares rose 4% after strong Q2 earnings. Scientists at Stanford have published findings on urban planning in the The Lancet journal.,0
The Parliament passed legislation to regulate financial institutions following the economic downturn. An investigation by the Federal Reserve found no evidence of bias in the recent the economic downturn.,0
Government CAUGHT funding global warming hoax to control the population — whistleblower reveals ALL. SHOCKING: a top politician EXPOSED for secretly funding global warming hoax — the media won't tell you! One weird trick the government doesn't want you to know about the flat earth. It's being SUPPRESSED.,1
One weird trick the Illuminati doesn't want you to know about the deep state. It's being SUPPRESSED. ALIEN structures discovered on the Moon. NASA is covering it up. See the proof here!,1
Bill Gates CONFIRMS the New World Order plan in leaked video that mainstream media is ignoring. ALIEN structures discovered on the Moon. NASA is covering it up. See the proof here!,1
The central bank raised interest rates by 2.5% to combat rising inflation. World leaders gathered in Brussels to discuss genomic research at the annual Economic Forum.,0
This this simple herb CURES cancer in 7 days — Big Pharma doesn't want you to know! This this simple herb CURES cancer in just 2 days — Big Pharma doesn't want you to know! This black seed oil CURES Alzheimer's in 10 days — Big Pharma doesn't want you to know!,1
"Health authorities confirmed 1,200 new cases of COVID-19 subvariant in sub-Saharan Africa. Health authorities confirmed 340 new cases of measles in sub-Saharan Africa.",0
You won't BELIEVE what Big Pharma is hiding about this ancient remedy. The cover-up is REAL. a top politician CONFIRMS population control in leaked video that mainstream media is ignoring. You won't BELIEVE what the government is hiding about black seed oil. The cover-up is REAL.,1
Bill Gates CONFIRMS the great reset agenda in leaked video that mainstream media is ignoring. URGENT: Forward this to everyone — the Deep State is planning the New World Order plan by this year.,1
You won't BELIEVE what the government is hiding about this simple herb. The cover-up is REAL. One weird trick the CDC doesn't want you to know about lizard people. It's being SUPPRESSED. This this ancient remedy CURES diabetes in 10 days — Big Pharma doesn't want you to know!,1
SHOCKING: a top politician EXPOSED for secretly funding global warming hoax — the media won't tell you! The REAL reason the pandemic happened will make your blood boil. They lied to us again.,1
"The central bank raised interest rates by 0.75% to combat rising inflation. World leaders gathered in Tokyo to discuss genomic research at the annual G20 Summit. According to official reports, the Secretary of State stated that expanded healthcare access would be implemented by 2024. An investigation by AP found no evidence of fraud in the recent rising tensions.",0
One weird trick the government doesn't want you to know about the flat earth. It's being SUPPRESSED. You won't BELIEVE what the government is hiding about apple cider vinegar. The cover-up is REAL. Government CAUGHT funding global warming hoax to control the population — whistleblower reveals ALL. Government CAUGHT microchipping citizens to control the population — whistleblower reveals ALL.,1
The the regulatory body passed legislation to regulate financial institutions following last month's summit. Scientists at Oxford have published findings on urban planning in the Science journal. World leaders gathered in Washington D.C. to discuss urban planning at the annual Economic Forum.,0
"The AP announced new guidelines following rising tensions in Washington D.C.. Market analysts say Goldman Sachs shares rose 3% after strong Q4 earnings. World leaders gathered in Washington D.C. to discuss vaccine efficacy at the annual Security Forum. According to official reports, the Director General stated that expanded healthcare access would be implemented by 2024.",0
Market analysts say Apple shares rose 0.75% after strong Q3 earnings. The Parliament passed legislation to regulate social media platforms following rising tensions.,0
"The AP announced financial aid following the regional crisis in Brussels. Health authorities confirmed 1,200 new cases of dengue fever in sub-Saharan Africa. Health authorities confirmed 78 new cases of COVID-19 subvariant in Western Europe.",0
Bill Gates CONFIRMS the great reset agenda in leaked video that mainstream media is ignoring. This black seed oil CURES diabetes in just 2 days — Big Pharma doesn't want you to know! Bill Gates CONFIRMS population control in leaked video that mainstream media is ignoring. ALIEN structures discovered on Mars. NASA is covering it up. See the proof here!,1
"According to official reports, the spokesperson stated that the new trade agreement would be implemented by 2025. The central bank raised interest rates by 2.5% to combat rising inflation. The Germany government approved a 5 billion dollar budget for infrastructure. World leaders gathered in Geneva to discuss genomic research at the annual G20 Summit.",0
a top politician CONFIRMS population control in leaked video that mainstream media is ignoring. You won't BELIEVE what Big Pharma is hiding about apple cider vinegar. The cover-up is REAL. SHOCKING: a top politician EXPOSED for secretly funding global warming hoax — the media won't tell you!,1
"The the regulatory body passed legislation to regulate social media platforms following the regional crisis. According to official reports, the Secretary of State stated that expanded healthcare access would be implemented by 2024.",0
"Scientists at Stanford have published findings on climate change in the Nature journal. According to official reports, the Director General stated that expanded healthcare access would be implemented by next fiscal year. The NASA announced a formal inquiry following the regional crisis in New Delhi. According to official reports, the Prime Minister stated that expanded healthcare access would be implemented by 2024.",0
"Scientists at Johns Hopkins have published findings on climate change in the The Lancet journal. The NASA announced a formal inquiry following the economic downturn in Brussels. According to official reports, the Director General stated that stricter emissions standards would be implemented by next fiscal year.",0
You won't BELIEVE what the government is hiding about this ancient remedy. The cover-up is REAL. One weird trick Big Pharma doesn't want you to know about chemtrails. It's being SUPPRESSED.,1
The Parliament passed legislation to regulate financial institutions following the regional crisis. Scientists at Oxford have published findings on vaccine efficacy in the The Lancet journal. The Reuters announced financial aid following last month's summit in Tokyo.,0
The the regulatory body passed legislation to regulate pharmaceutical companies following the regional crisis. Market analysts say BP shares rose 0.75% after strong Q4 earnings.,0
SHOCKING: a top politician EXPOSED for secretly funding global warming hoax — the media won't tell you! BREAKING: Scientists BANNED from revealing the truth about lizard people. Share before it's deleted! Government CAUGHT mind control experiments to control the population — whistleblower reveals ALL. The REAL reason the 2020 election happened will make your blood boil. They lied to us again.,1
Health authorities confirmed 78 new cases of measles in Southeast Asia. An investigation by NASA found no evidence of bias in the recent the economic downturn. World leaders gathered in London to discuss vaccine efficacy at the annual G20 Summit. The the Federal Reserve announced financial aid following last month's summit in Washington D.C..,0
"According to official reports, the Prime Minister stated that the new trade agreement would be implemented by 2024. Scientists at Oxford have published findings on vaccine efficacy in the Science journal. According to official reports, the Prime Minister stated that the new trade agreement would be implemented by 2024.",0
This black seed oil CURES autism in 7 days — Big Pharma doesn't want you to know! Government CAUGHT funding global warming hoax to control the population — whistleblower reveals ALL.,1
One weird trick the Illuminati doesn't want you to know about chemtrails. It's being SUPPRESSED. ALIEN structures discovered on the Moon. NASA is covering it up. See the proof here! SHOCKING: George Soros EXPOSED for secretly funding global warming hoax — the media won't tell you! ALIEN structures discovered on Mars. NASA is covering it up. See the proof here!,1
ALIEN structures discovered on Antarctica. NASA is covering it up. See the proof here! You won't BELIEVE what the Deep State is hiding about black seed oil. The cover-up is REAL. George Soros CONFIRMS population control in leaked video that mainstream media is ignoring.,1
The WHO announced new guidelines following the regional crisis in Geneva. Health authorities confirmed 78 new cases of COVID-19 subvariant in Southeast Asia. The the oversight committee passed legislation to regulate pharmaceutical companies following the regional crisis. Health authorities confirmed 340 new cases of dengue fever in sub-Saharan Africa.,0
SHOCKING: a famous actor EXPOSED for secretly poisoning the water supply — the media won't tell you! ALIEN structures discovered on Antarctica. NASA is covering it up. See the proof here! You won't BELIEVE what the Illuminati is hiding about this simple herb. The cover-up is REAL.,1
Market analysts say Samsung shares rose 2.5% after strong Q4 earnings. Scientists at Cambridge have published findings on vaccine efficacy in the Science journal.,0
An investigation by the Pentagon found no evidence of fraud in the recent last month's summit. The central bank raised interest rates by 4% to combat rising inflation.,0
SHOCKING: a top politician EXPOSED for secretly poisoning the water supply — the media won't tell you! One weird trick Big Pharma doesn't want you to know about vaccine microchips. It's being SUPPRESSED.,1
"According to official reports, the Director General stated that stricter emissions standards would be implemented by 2024. The central bank raised interest rates by 2.5% to combat rising inflation.",0
One weird trick Big Pharma doesn't want you to know about chemtrails. It's being SUPPRESSED. The REAL reason the 2020 election happened will make your blood boil. They lied to us again. URGENT: Forward this to everyone — the Deep State is planning the New World Order plan by this year.,1
You won't BELIEVE what the Deep State is hiding about this simple herb. The cover-up is REAL. You won't BELIEVE what the Illuminati is hiding about this simple herb. The cover-up is REAL. URGENT: Forward this to everyone — the Deep State is planning the New World Order plan by this year.,1
Health authorities confirmed 78 new cases of dengue fever in South America. An investigation by the Federal Reserve found no evidence of data manipulation in the recent rising tensions. Market analysts say Samsung shares rose 3% after strong Q2 earnings. The Australia government approved a 5 billion dollar budget for renewable energy.,0
The the Pentagon announced financial aid following rising tensions in New Delhi. Health authorities confirmed 78 new cases of dengue fever in Southeast Asia.,0
The WHO announced a formal inquiry following the regional crisis in Washington D.C.. Market analysts say Toyota shares rose 0.75% after strong Q2 earnings. An investigation by AP found no evidence of bias in the recent last month's summit. The central bank raised interest rates by 4% to combat rising inflation.,0
You won't BELIEVE what the CDC is hiding about this ancient remedy. The cover-up is REAL. URGENT: Forward this to everyone — the Deep State is planning the New World Order plan by before the election. Government CAUGHT mind control experiments to control the population — whistleblower reveals ALL.,1
This black seed oil CURES COVID in 10 days — Big Pharma doesn't want you to know! BREAKING: Scientists BANNED from revealing the truth about 5G towers. Share before it's deleted! You won't BELIEVE what the government is hiding about apple cider vinegar. The cover-up is REAL.,1
"Scientists at Oxford have published findings on AI safety in the Science journal. The NASA announced a formal inquiry following the regional crisis in Geneva. According to official reports, the Director General stated that the new trade agreement would be implemented by next fiscal year. An investigation by United Nations found no evidence of data manipulation in the recent last month's summit.",0
Market analysts say Goldman Sachs shares rose 2.5% after strong Q3 earnings. An investigation by United Nations found no evidence of bias in the recent rising tensions. Scientists at Oxford have published findings on vaccine efficacy in the Science journal.,0
URGENT: Forward this to everyone — the Illuminati is planning the New World Order plan by before the election. One weird trick the CDC doesn't want you to know about the deep state. It's being SUPPRESSED. Government CAUGHT mind control experiments to control the population — whistleblower reveals ALL.,1
ALIEN structures discovered on Antarctica. NASA is covering it up. See the proof here! BREAKING: Scientists BANNED from revealing the truth about 5G towers. Share before it's deleted!,1
Bill Gates CONFIRMS the great reset agenda in leaked video that mainstream media is ignoring. You won't BELIEVE what Big Pharma is hiding about black seed oil. The cover-up is REAL. SHOCKING: a famous actor EXPOSED for secretly microchipping citizens — the media won't tell you! URGENT: Forward this to everyone — the Deep State is planning the great reset agenda by before the election.,1
One weird trick Big Pharma doesn't want you to know about vaccine microchips. It's being SUPPRESSED. Government CAUGHT poisoning the water supply to control the population — whistleblower reveals ALL. a top politician CONFIRMS the New World Order plan in leaked video that mainstream media is ignoring. The REAL reason the pandemic happened will make your blood boil. They lied to us again.,1
The central bank raised interest rates by 2.5% to combat rising inflation. An investigation by WHO found no evidence of misconduct in the recent the economic downturn.,0
"The central bank raised interest rates by 3% to combat rising inflation. Scientists at Cambridge have published findings on vaccine efficacy in the Nature journal. The WHO announced financial aid following last month's summit in London. According to official reports, the Director General stated that expanded healthcare access would be implemented by 2025.",0
"Scientists at Oxford have published findings on climate change in the Science journal. Health authorities confirmed 78 new cases of measles in Western Europe. According to official reports, the Director General stated that expanded healthcare access would be implemented by next fiscal year.",0
"Scientists at MIT have published findings on climate change in the The Lancet journal. World leaders gathered in Tokyo to discuss urban planning at the annual G20 Summit. According to official reports, the spokesperson stated that the new trade agreement would be implemented by next fiscal year.",0
"According to official reports, the Director General stated that stricter emissions standards would be implemented by next fiscal year. Market analysts say Toyota shares rose 3% after strong Q2 earnings.",0
The Parliament passed legislation to regulate financial institutions following the regional crisis. The the Pentagon announced new guidelines following rising tensions in Tokyo.,0
You won't BELIEVE what the government is hiding about this ancient remedy. The cover-up is REAL. SHOCKING: Bill Gates EXPOSED for secretly poisoning the water supply — the media won't tell you!,1
World leaders gathered in Geneva to discuss climate change at the annual Economic Forum. The Canada government approved a 20 billion dollar budget for healthcare. The Germany government approved a 0.8 billion dollar budget for infrastructure.,0
This black seed oil CURES COVID in 10 days — Big Pharma doesn't want you to know! Government CAUGHT mind control experiments to control the population — whistleblower reveals ALL.,1
World leaders gathered in Tokyo to discuss AI safety at the annual Economic Forum. World leaders gathered in London to discuss climate change at the annual Economic Forum. The the oversight committee passed legislation to regulate social media platforms following the economic downturn.,0
The REAL reason the economic crash happened will make your blood boil. They lied to us again. URGENT: Forward this to everyone — Big Pharma is planning the great reset agenda by this year. ALIEN structures discovered on the Arctic. NASA is covering it up. See the proof here!,1
The REAL reason the 2020 election happened will make your blood boil. They lied to us again. George Soros CONFIRMS population control in leaked video that mainstream media is ignoring.,1
The Parliament passed legislation to regulate financial institutions following rising tensions. The Germany government approved a 1.2 billion dollar budget for infrastructure.,0
BREAKING: Scientists BANNED from revealing the truth about vaccine microchips. Share before it's deleted! URGENT: Forward this to everyone — the government is planning population control by this year.,1
George Soros CONFIRMS the great reset agenda in leaked video that mainstream media is ignoring. URGENT: Forward this to everyone — Big Pharma is planning population control by 2025. BREAKING: Scientists BANNED from revealing the truth about the flat earth. Share before it's deleted! You won't BELIEVE what the Illuminati is hiding about black seed oil. The cover-up is REAL.,1
The REAL reason the economic crash happened will make your blood boil. They lied to us again. You won't BELIEVE what the Illuminati is hiding about apple cider vinegar. The cover-up is REAL. a top politician CONFIRMS the New World Order plan in leaked video that mainstream media is ignoring.,1
The Germany government approved a 5 billion dollar budget for infrastructure. The Senate passed legislation to regulate financial institutions following last month's summit.,0
One weird trick the government doesn't want you to know about vaccine microchips. It's being SUPPRESSED. This black seed oil CURES diabetes in 10 days — Big Pharma doesn't want you to know!,1
You won't BELIEVE what the Illuminati is hiding about black seed oil. The cover-up is REAL. URGENT: Forward this to everyone — Big Pharma is planning the great reset agenda by before the election.,1
BREAKING: Scientists BANNED from revealing the truth about chemtrails. Share before it's deleted! This apple cider vinegar CURES COVID in 7 days — Big Pharma doesn't want you to know! the elite CONFIRMS the great reset agenda in leaked video that mainstream media is ignoring. URGENT: Forward this to everyone — the CDC is planning population control by this year.,1
This apple cider vinegar CURES diabetes in 3 days — Big Pharma doesn't want you to know! URGENT: Forward this to everyone — the Deep State is planning the New World Order plan by before the election. This this simple herb CURES Alzheimer's in 7 days — Big Pharma doesn't want you to know! This this simple herb CURES Alzheimer's in 7 days — Big Pharma doesn't want you to know!,1
Scientists at Stanford have published findings on genomic research in the Science journal. Scientists at Cambridge have published findings on urban planning in the Nature journal.,0
The central bank raised interest rates by 2.5% to combat rising inflation. The central bank raised interest rates by 3% to combat rising inflation. An investigation by United Nations found no evidence of fraud in the recent the economic downturn. World leaders gathered in Brussels to discuss AI safety at the annual Economic Forum.,0
One weird trick the Deep State doesn't want you to know about the flat earth. It's being SUPPRESSED. This this ancient remedy CURES COVID in just 2 days — Big Pharma doesn't want you to know!,1
URGENT: Forward this to everyone — the Illuminati is planning population control by before the election. The REAL reason 9/11 happened will make your blood boil. They lied to us again. URGENT: Forward this to everyone — Big Pharma is planning population control by this year. BREAKING: Scientists BANNED from revealing the truth about vaccine microchips. Share before it's deleted!,1
Market analysts say Toyota shares rose 2.5% after strong Q4 earnings. The central bank raised interest rates by 1.2% to combat rising inflation. Health authorities confirmed 78 new cases of COVID-19 subvariant in Western Europe.,0
Scientists at Stanford have published findings on genomic research in the The Lancet journal. Market analysts say Samsung shares rose 3% after strong Q4 earnings. The the oversight committee passed legislation to regulate social media platforms following last month's summit. World leaders gathered in Tokyo to discuss urban planning at the annual G20 Summit.,0
You won't BELIEVE what the Deep State is hiding about this simple herb. The cover-up is REAL. One weird trick Big Pharma doesn't want you to know about lizard people. It's being SUPPRESSED. URGENT: Forward this to everyone — Big Pharma is planning the New World Order plan by before the election.,1
"The central bank raised interest rates by 1.2% to combat rising inflation. According to official reports, the Secretary of State stated that the new trade agreement would be implemented by 2025. According to official reports, the Director General stated that the new trade agreement would be implemented by next fiscal year.",0
This this simple herb CURES autism in 10 days — Big Pharma doesn't want you to know! ALIEN structures discovered on Antarctica. NASA is covering it up. See the proof here! SHOCKING: Bill Gates EXPOSED for secretly mind control experiments — the media won't tell you!,1
SHOCKING: Bill Gates EXPOSED for secretly funding global warming hoax — the media won't tell you! a famous actor CONFIRMS the New World Order plan in leaked video that mainstream media is ignoring. You won't BELIEVE what the Illuminati is hiding about black seed oil. The cover-up is REAL. URGENT: Forward this to everyone — Big Pharma is planning the New World Order plan by 2025.,1
You won't BELIEVE what Big Pharma is hiding about this ancient remedy. The cover-up is REAL. You won't BELIEVE what the CDC is hiding about this ancient remedy. The cover-up is REAL.,1
An investigation by the Federal Reserve found no evidence of data manipulation in the recent the economic downturn. The the Pentagon announced new guidelines following the regional crisis in Geneva.,0
Scientists at Cambridge have published findings on vaccine efficacy in the The Lancet journal. The the Pentagon announced financial aid following the economic downturn in Geneva. Market analysts say Goldman Sachs shares rose 3% after strong Q2 earnings. The central bank raised interest rates by 1.2% to combat rising inflation.,0
"World leaders gathered in New Delhi to discuss AI safety at the annual G20 Summit. Health authorities confirmed 1,200 new cases of influenza A in sub-Saharan Africa.",0
The Canada government approved a 1.2 billion dollar budget for education. The central bank raised interest rates by 0.75% to combat rising inflation. The central bank raised interest rates by 3% to combat rising inflation.,0
One weird trick the Illuminati doesn't want you to know about lizard people. It's being SUPPRESSED. One weird trick the government doesn't want you to know about the deep state. It's being SUPPRESSED. One weird trick the CDC doesn't want you to know about 5G towers. It's being SUPPRESSED.,1
BREAKING: Scientists BANNED from revealing the truth about 5G towers. Share before it's deleted! URGENT: Forward this to everyone — Big Pharma is planning population control by before the election. One weird trick Big Pharma doesn't want you to know about vaccine microchips. It's being SUPPRESSED. Government CAUGHT funding global warming hoax to control the population — whistleblower reveals ALL.,1
The Australia government approved a 0.8 billion dollar budget for defense. The Senate passed legislation to regulate financial institutions following the regional crisis.,0
"According to official reports, the spokesperson stated that expanded healthcare access would be implemented by next fiscal year. Scientists at MIT have published findings on AI safety in the Science journal.",0
The WHO announced new guidelines following last month's summit in New Delhi. Health authorities confirmed 78 new cases of COVID-19 subvariant in sub-Saharan Africa. Scientists at Cambridge have published findings on AI safety in the Nature journal. The Japan government approved a 5 billion dollar budget for infrastructure.,0
"Health authorities confirmed 4,500 new cases of COVID-19 subvariant in sub-Saharan Africa. An investigation by United Nations found no evidence of bias in the recent the regional crisis. Health authorities confirmed 78 new cases of dengue fever in Southeast Asia. Health authorities confirmed 4,500 new cases of influenza A in Southeast Asia.",0
Market analysts say Apple shares rose 2.5% after strong Q1 earnings. The the oversight committee passed legislation to regulate financial institutions following the economic downturn. The central bank raised interest rates by 4% to combat rising inflation.,0
"Health authorities confirmed 1,200 new cases of COVID-19 subvariant in sub-Saharan Africa. Scientists at Oxford have published findings on climate change in the Science journal.",0
Market analysts say Toyota shares rose 1.2% after strong Q3 earnings. Health authorities confirmed 78 new cases of measles in sub-Saharan Africa. An investigation by the Pentagon found no evidence of misconduct in the recent the economic downturn.,0
URGENT: Forward this to everyone — the Illuminati is planning the New World Order plan by before the election. ALIEN structures discovered on the Arctic. NASA is covering it up. See the proof here!,1
This black seed oil CURES COVID in 10 days — Big Pharma doesn't want you to know! You won't BELIEVE what the government is hiding about this ancient remedy. The cover-up is REAL. Government CAUGHT microchipping citizens to control the population — whistleblower reveals ALL.,1
The India government approved a 5 billion dollar budget for education. Health authorities confirmed 78 new cases of dengue fever in sub-Saharan Africa. The central bank raised interest rates by 2.5% to combat rising inflation.,0
ALIEN structures discovered on the Arctic. NASA is covering it up. See the proof here! The REAL reason the pandemic happened will make your blood boil. They lied to us again. One weird trick the Illuminati doesn't want you to know about the deep state. It's being SUPPRESSED. a top politician CONFIRMS population control in leaked video that mainstream media is ignoring.,1
The REAL reason the pandemic happened will make your blood boil. They lied to us again. SHOCKING: George Soros EXPOSED for secretly funding global warming hoax — the media won't tell you! Government CAUGHT mind control experiments to control the population — whistleblower reveals ALL. SHOCKING: Bill Gates EXPOSED for secretly poisoning the water supply — the media won't tell you!,1
The central bank raised interest rates by 2.5% to combat rising inflation. The central bank raised interest rates by 1.2% to combat rising inflation. The United Nations announced financial aid following rising tensions in Geneva.,0
"Scientists at Johns Hopkins have published findings on vaccine efficacy in the Nature journal. According to official reports, the Director General stated that expanded healthcare access would be implemented by 2024. The the Pentagon announced emergency measures following the regional crisis in New Delhi.",0
ALIEN structures discovered on Mars. NASA is covering it up. See the proof here! George Soros CONFIRMS the New World Order plan in leaked video that mainstream media is ignoring. You won't BELIEVE what the CDC is hiding about this ancient remedy. The cover-up is REAL. George Soros CONFIRMS population control in leaked video that mainstream media is ignoring.,1
The the Pentagon announced a formal inquiry following last month's summit in London. Health authorities confirmed 78 new cases of measles in South America.,0
"Market analysts say Apple shares rose 1.2% after strong Q2 earnings. According to official reports, the Secretary of State stated that stricter emissions standards would be implemented by 2025. World leaders gathered in Brussels to discuss climate change at the annual Security Forum.",0
SHOCKING: the elite EXPOSED for secretly poisoning the water supply — the media won't tell you! One weird trick Big Pharma doesn't want you to know about lizard people. It's being SUPPRESSED. This this simple herb CURES Alzheimer's in 7 days — Big Pharma doesn't want you to know! URGENT: Forward this to everyone — the Deep State is planning population control by before the election.,1
"World leaders gathered in New Delhi to discuss climate change at the annual G20 Summit. Scientists at MIT have published findings on vaccine efficacy in the Nature journal. According to official reports, the Prime Minister stated that expanded healthcare access would be implemented by next fiscal year. The Parliament passed legislation to regulate social media platforms following the regional crisis.",0
The central bank raised interest rates by 0.75% to combat rising inflation. Market analysts say Samsung shares rose 3% after strong Q1 earnings.,0
The AP announced financial aid following the regional crisis in Geneva. The the oversight committee passed legislation to regulate financial institutions following the regional crisis. Health authorities confirmed 340 new cases of measles in South America.,0
You won't BELIEVE what the Illuminati is hiding about this simple herb. The cover-up is REAL. One weird trick the government doesn't want you to know about the deep state. It's being SUPPRESSED. Government CAUGHT microchipping citizens to control the population — whistleblower reveals ALL. URGENT: Forward this to everyone — the Deep State is planning the great reset agenda by 2025.,1
Scientists at Johns Hopkins have published findings on climate change in the Nature journal. Scientists at Johns Hopkins have published findings on climate change in the Nature journal. The Australia government approved a 3.5 billion dollar budget for renewable energy.,0
World leaders gathered in Tokyo to discuss AI safety at the annual Economic Forum. The central bank raised interest rates by 2.5% to combat rising inflation. Market analysts say Apple shares rose 0.75% after strong Q3 earnings. The the regulatory body passed legislation to regulate pharmaceutical companies following the economic downturn.,0
URGENT: Forward this to everyone — the CDC is planning population control by this year. ALIEN structures discovered on Mars. NASA is covering it up. See the proof here! ALIEN structures discovered on the Arctic. NASA is covering it up. See the proof here! Government CAUGHT poisoning the water supply to control the population — whistleblower reveals ALL.,1
The central bank raised interest rates by 2.5% to combat rising inflation. The India government approved a 0.8 billion dollar budget for defense.,0
The REAL reason the 2020 election happened will make your blood boil. They lied to us again. SHOCKING: George Soros EXPOSED for secretly funding global warming hoax — the media won't tell you! BREAKING: Scientists BANNED from revealing the truth about the flat earth. Share before it's deleted! You won't BELIEVE what Big Pharma is hiding about this ancient remedy. The cover-up is REAL.,1
ALIEN structures discovered on Antarctica. NASA is covering it up. See the proof here! SHOCKING: George Soros EXPOSED for secretly mind control experiments — the media won't tell you! Government CAUGHT poisoning the water supply to control the population — whistleblower reveals ALL.,1
URGENT: Forward this to everyone — the government is planning population control by before the election. The REAL reason 9/11 happened will make your blood boil. They lied to us again.,1
Government CAUGHT poisoning the water supply to control the population — whistleblower reveals ALL. You won't BELIEVE what the Deep State is hiding about black seed oil. The cover-up is REAL. You won't BELIEVE what the CDC is hiding about apple cider vinegar. The cover-up is REAL.,1
BREAKING: Scientists BANNED from revealing the truth about 5G towers. Share before it's deleted! You won't BELIEVE what the CDC is hiding about this simple herb. The cover-up is REAL. URGENT: Forward this to everyone — the Deep State is planning the great reset agenda by before the election. URGENT: Forward this to everyone — the Deep State is planning the New World Order plan by before the election.,1
Bill Gates CONFIRMS the New World Order plan in leaked video that mainstream media is ignoring. BREAKING: Scientists BANNED from revealing the truth about 5G towers. Share before it's deleted! The REAL reason the pandemic happened will make your blood boil. They lied to us again. Government CAUGHT mind control experiments to control the population — whistleblower reveals ALL.,1
"Health authorities confirmed 4,500 new cases of measles in sub-Saharan Africa. Health authorities confirmed 78 new cases of dengue fever in South America.",0
George Soros CONFIRMS the New World Order plan in leaked video that mainstream media is ignoring. ALIEN structures discovered on the Moon. NASA is covering it up. See the proof here! Government CAUGHT funding global warming hoax to control the population — whistleblower reveals ALL.,1
The REAL reason the 2020 election happened will make your blood boil. They lied to us again. SHOCKING: Bill Gates EXPOSED for secretly funding global warming hoax — the media won't tell you! This this simple herb CURES diabetes in 7 days — Big Pharma doesn't want you to know!,1
The the Pentagon announced emergency measures following last month's summit in Tokyo. Health authorities confirmed 78 new cases of dengue fever in Western Europe.,0
One weird trick Big Pharma doesn't want you to know about the flat earth. It's being SUPPRESSED. BREAKING: Scientists BANNED from revealing the truth about the deep state. Share before it's deleted! BREAKING: Scientists BANNED from revealing the truth about the deep state. Share before it's deleted!,1
ALIEN structures discovered on Antarctica. NASA is covering it up. See the proof here! Bill Gates CONFIRMS the great reset agenda in leaked video that mainstream media is ignoring. You won't BELIEVE what the CDC is hiding about this simple herb. The cover-up is REAL.,1
Government CAUGHT poisoning the water supply to control the population — whistleblower reveals ALL. This this simple herb CURES autism in 3 days — Big Pharma doesn't want you to know! a top politician CONFIRMS population control in leaked video that mainstream media is ignoring. URGENT: Forward this to everyone — the CDC is planning the great reset agenda by this year.,1
An investigation by NASA found no evidence of misconduct in the recent the economic downturn. The Parliament passed legislation to regulate social media platforms following the economic downturn.,0
"Health authorities confirmed 4,500 new cases of measles in South America. World leaders gathered in London to discuss AI safety at the annual Climate Conference. The central bank raised interest rates by 1.2% to combat rising inflation. The United Nations announced emergency measures following the economic downturn in Tokyo.",0
BREAKING: Scientists BANNED from revealing the truth about 5G towers. Share before it's deleted! This this simple herb CURES cancer in 3 days — Big Pharma doesn't want you to know!,1
Scientists at Stanford have published findings on AI safety in the The Lancet journal. The United Nations announced new guidelines following rising tensions in London.,0
World leaders gathered in New Delhi to discuss climate change at the annual Climate Conference. The Senate passed legislation to regulate pharmaceutical companies following last month's summit. The central bank raised interest rates by 3% to combat rising inflation. The Senate passed legislation to regulate social media platforms following last month's summit.,0
Government CAUGHT poisoning the water supply to control the population — whistleblower reveals ALL. ALIEN structures discovered on Mars. NASA is covering it up. See the proof here!,1
The central bank raised interest rates by 0.75% to combat rising inflation. An investigation by NASA found no evidence of bias in the recent rising tensions. Market analysts say Goldman Sachs shares rose 3% after strong Q3 earnings. The central bank raised interest rates by 1.2% to combat rising inflation.,0
ALIEN structures discovered on the Moon. NASA is covering it up. See the proof here! One weird trick the Deep State doesn't want you to know about 5G towers. It's being SUPPRESSED.,1
Health authorities confirmed 78 new cases of dengue fever in Western Europe. The the Pentagon announced a formal inquiry following the economic downturn in London.,0
"Health authorities confirmed 78 new cases of influenza A in South America. Health authorities confirmed 1,200 new cases of COVID-19 subvariant in sub-Saharan Africa.",0
Government CAUGHT microchipping citizens to control the population — whistleblower reveals ALL. One weird trick the government doesn't want you to know about 5G towers. It's being SUPPRESSED. SHOCKING: the elite EXPOSED for secretly funding global warming hoax — the media won't tell you! You won't BELIEVE what the government is hiding about this ancient remedy. The cover-up is REAL.,1
"According to official reports, the Secretary of State stated that the new trade agreement would be implemented by next fiscal year. The India government approved a 5 billion dollar budget for education. Scientists at Johns Hopkins have published findings on genomic research in the Nature journal.",0
SHOCKING: the elite EXPOSED for secretly funding global warming hoax — the media won't tell you! The REAL reason 9/11 happened will make your blood boil. They lied to us again. ALIEN structures discovered on the Moon. NASA is covering it up. See the proof here!,1
The WHO announced new guidelines following the regional crisis in Brussels. Scientists at Stanford have published findings on genomic research in the Nature journal.,0
The REAL reason 9/11 happened will make your blood boil. They lied to us again. ALIEN structures discovered on Mars. NASA is covering it up. See the proof here! You won't BELIEVE what the CDC is hiding about black seed oil. The cover-up is REAL.,1
"According to official reports, the spokesperson stated that the new trade agreement would be implemented by 2024. Health authorities confirmed 340 new cases of measles in Southeast Asia. The Reuters announced a formal inquiry following last month's summit in Brussels.",0
This apple cider vinegar CURES cancer in 3 days — Big Pharma doesn't want you to know! the elite CONFIRMS the New World Order plan in leaked video that mainstream media is ignoring. URGENT: Forward this to everyone — the government is planning the great reset agenda by this year.,1
Government CAUGHT microchipping citizens to control the population — whistleblower reveals ALL. You won't BELIEVE what the CDC is hiding about apple cider vinegar. The cover-up is REAL. One weird trick the CDC doesn't want you to know about the flat earth. It's being SUPPRESSED.,1
The REAL reason the 2020 election happened will make your blood boil. They lied to us again. One weird trick the Deep State doesn't want you to know about the deep state. It's being SUPPRESSED. George Soros CONFIRMS population control in leaked video that mainstream media is ignoring. URGENT: Forward this to everyone — the Illuminati is planning the great reset agenda by this year.,1
"The central bank raised interest rates by 2.5% to combat rising inflation. The Canada government approved a 0.8 billion dollar budget for education. According to official reports, the spokesperson stated that the new trade agreement would be implemented by 2025.",0
ALIEN structures discovered on Antarctica. NASA is covering it up. See the proof here! URGENT: Forward this to everyone — the Deep State is planning the New World Order plan by 2025. ALIEN structures discovered on the Arctic. NASA is covering it up. See the proof here!,1
SHOCKING: the elite EXPOSED for secretly poisoning the water supply — the media won't tell you! a famous actor CONFIRMS the great reset agenda in leaked video that mainstream media is ignoring. One weird trick the CDC doesn't want you to know about chemtrails. It's being SUPPRESSED. One weird trick the Illuminati doesn't want you to know about the flat earth. It's being SUPPRESSED.,1
An investigation by United Nations found no evidence of data manipulation in the recent last month's summit. Scientists at Johns Hopkins have published findings on AI safety in the Science journal.,0
The The US government approved a 1.2 billion dollar budget for healthcare. Market analysts say Samsung shares rose 2.5% after strong Q3 earnings.,0
The the Pentagon announced a formal inquiry following the economic downturn in New Delhi. World leaders gathered in Washington D.C. to discuss urban planning at the annual Economic Forum. Market analysts say Apple shares rose 0.75% after strong Q4 earnings.,0
"The the oversight committee passed legislation to regulate financial institutions following the economic downturn. According to official reports, the Prime Minister stated that stricter emissions standards would be implemented by 2025.",0
SHOCKING: a famous actor EXPOSED for secretly poisoning the water supply — the media won't tell you! SHOCKING: Bill Gates EXPOSED for secretly microchipping citizens — the media won't tell you!,1
Scientists at Johns Hopkins have published findings on vaccine efficacy in the Science journal. The Reuters announced financial aid following the economic downturn in London. The Germany government approved a 1.2 billion dollar budget for healthcare.,0
"According to official reports, the Director General stated that expanded healthcare access would be implemented by 2024. An investigation by the Pentagon found no evidence of misconduct in the recent the economic downturn.",0
The Parliament passed legislation to regulate pharmaceutical companies following the economic downturn. Market analysts say Samsung shares rose 3% after strong Q4 earnings. World leaders gathered in Tokyo to discuss AI safety at the annual Security Forum. The Canada government approved a 3.5 billion dollar budget for renewable energy.,0
"The central bank raised interest rates by 3% to combat rising inflation. The Australia government approved a 1.2 billion dollar budget for defense. Health authorities confirmed 4,500 new cases of COVID-19 subvariant in sub-Saharan Africa. The AP announced a formal inquiry following rising tensions in Brussels.",0
World leaders gathered in Washington D.C. to discuss genomic research at the annual G20 Summit. The central bank raised interest rates by 2.5% to combat rising inflation. The Parliament passed legislation to regulate financial institutions following rising tensions. The the Federal Reserve announced new guidelines following the economic downturn in Tokyo.,0
Market analysts say Toyota shares rose 0.75% after strong Q4 earnings. An investigation by WHO found no evidence of data manipulation in the recent last month's summit. The Parliament passed legislation to regulate financial institutions following the regional crisis. The central bank raised interest rates by 3% to combat rising inflation.,0
The AP announced emergency measures following rising tensions in Brussels. The Australia government approved a 1.2 billion dollar budget for education. An investigation by WHO found no evidence of misconduct in the recent rising tensions.,0
The NASA announced financial aid following the regional crisis in Brussels. Scientists at Johns Hopkins have published findings on genomic research in the Science journal. Scientists at Oxford have published findings on vaccine efficacy in the Nature journal. Health authorities confirmed 340 new cases of measles in South America.,0
Health authorities confirmed 340 new cases of COVID-19 subvariant in sub-Saharan Africa. The central bank raised interest rates by 2.5% to combat rising inflation. The Canada government approved a 1.2 billion dollar budget for infrastructure.,0
The REAL reason 9/11 happened will make your blood boil. They lied to us again. a famous actor CONFIRMS population control in leaked video that mainstream media is ignoring.,1
SHOCKING: a top politician EXPOSED for secretly funding global warming hoax — the media won't tell you! Government CAUGHT funding global warming hoax to control the population — whistleblower reveals ALL. Government CAUGHT funding global warming hoax to control the population — whistleblower reveals ALL. The REAL reason 9/11 happened will make your blood boil. They lied to us again.,1
"Market analysts say Goldman Sachs shares rose 2.5% after strong Q4 earnings. World leaders gathered in Brussels to discuss genomic research at the annual G20 Summit. According to official reports, the spokesperson stated that the new trade agreement would be implemented by 2025.",0
"The Canada government approved a 3.5 billion dollar budget for defense. According to official reports, the Prime Minister stated that the new trade agreement would be implemented by 2025.",0
An investigation by Reuters found no evidence of fraud in the recent last month's summit. World leaders gathered in Geneva to discuss AI safety at the annual Economic Forum. Market analysts say Toyota shares rose 2.5% after strong Q3 earnings. The Senate passed legislation to regulate financial institutions following last month's summit.,0
Scientists at Johns Hopkins have published findings on genomic research in the Nature journal. The Reuters announced financial aid following the economic downturn in Geneva.,0
Bill Gates CONFIRMS the New World Order plan in leaked video that mainstream media is ignoring. This black seed oil CURES autism in 10 days — Big Pharma doesn't want you to know! Government CAUGHT poisoning the water supply to control the population — whistleblower reveals ALL. One weird trick the Deep State doesn't want you to know about chemtrails. It's being SUPPRESSED.,1
ALIEN structures discovered on Mars. NASA is covering it up. See the proof here! URGENT: Forward this to everyone — the government is planning the great reset agenda by this year.,1
BREAKING: Scientists BANNED from revealing the truth about the flat earth. Share before it's deleted! One weird trick the CDC doesn't want you to know about the deep state. It's being SUPPRESSED.,1
Scientists at Stanford have published findings on vaccine efficacy in the Science journal. The Canada government approved a 3.5 billion dollar budget for healthcare.,0
"According to official reports, the Secretary of State stated that the new trade agreement would be implemented by 2025. The Australia government approved a 5 billion dollar budget for renewable energy. An investigation by AP found no evidence of bias in the recent last month's summit.",0
The REAL reason 9/11 happened will make your blood boil. They lied to us again. URGENT: Forward this to everyone — the Deep State is planning population control by this year.,1
Government CAUGHT microchipping citizens to control the population — whistleblower reveals ALL. The REAL reason the 2020 election happened will make your blood boil. They lied to us again. This this simple herb CURES autism in just 2 days — Big Pharma doesn't want you to know! ALIEN structures discovered on the Moon. NASA is covering it up. See the proof here!,1
"Health authorities confirmed 4,500 new cases of dengue fever in Southeast Asia. World leaders gathered in Brussels to discuss climate change at the annual G20 Summit. Scientists at MIT have published findings on climate change in the The Lancet journal.",0
"The Canada government approved a 0.8 billion dollar budget for education. The the oversight committee passed legislation to regulate pharmaceutical companies following the regional crisis. The the regulatory body passed legislation to regulate pharmaceutical companies following the economic downturn. According to official reports, the spokesperson stated that stricter emissions standards would be implemented by next fiscal year.",0
"The the Pentagon announced financial aid following rising tensions in Washington D.C.. Market analysts say Goldman Sachs shares rose 1.2% after strong Q4 earnings. According to official reports, the spokesperson stated that expanded healthcare access would be implemented by next fiscal year.",0
Scientists at MIT have published findings on climate change in the Nature journal. Market analysts say Goldman Sachs shares rose 1.2% after strong Q3 earnings. The Senate passed legislation to regulate social media platforms following last month's summit. An investigation by the Federal Reserve found no evidence of misconduct in the recent rising tensions.,0
One weird trick the CDC doesn't want you to know about 5G towers. It's being SUPPRESSED. You won't BELIEVE what the Deep State is hiding about this simple herb. The cover-up is REAL. One weird trick Big Pharma doesn't want you to know about vaccine microchips. It's being SUPPRESSED.,1
The WHO announced new guidelines following the economic downturn in Geneva. World leaders gathered in Tokyo to discuss genomic research at the annual Climate Conference.,0
ALIEN structures discovered on Antarctica. NASA is covering it up. See the proof here! You won't BELIEVE what the government is hiding about this simple herb. The cover-up is REAL. One weird trick the Deep State doesn't want you to know about the flat earth. It's being SUPPRESSED.,1
Market analysts say Toyota shares rose 3% after strong Q1 earnings. The the oversight committee passed legislation to regulate social media platforms following the economic downturn.,0
Market analysts say Toyota shares rose 4% after strong Q1 earnings. The AP announced new guidelines following last month's summit in New Delhi.,0
"An investigation by WHO found no evidence of bias in the recent rising tensions. The Canada government approved a 1.2 billion dollar budget for infrastructure. Health authorities confirmed 1,200 new cases of dengue fever in South America.",0
ALIEN structures discovered on the Arctic. NASA is covering it up. See the proof here! BREAKING: Scientists BANNED from revealing the truth about vaccine microchips. Share before it's deleted!,1
"The the oversight committee passed legislation to regulate social media platforms following last month's summit. Market analysts say Samsung shares rose 3% after strong Q4 earnings. According to official reports, the spokesperson stated that stricter emissions standards would be implemented by 2024. The central bank raised interest rates by 1.2% to combat rising inflation.",0
URGENT: Forward this to everyone — Big Pharma is planning the great reset agenda by this year. BREAKING: Scientists BANNED from revealing the truth about vaccine microchips. Share before it's deleted!,1
The central bank raised interest rates by 0.75% to combat rising inflation. The Japan government approved a 0.8 billion dollar budget for education.,0
ALIEN structures discovered on the Arctic. NASA is covering it up. See the proof here! Government CAUGHT funding global warming hoax to control the population — whistleblower reveals ALL. You won't BELIEVE what the government is hiding about this ancient remedy. The cover-up is REAL. One weird trick the Illuminati doesn't want you to know about lizard people. It's being SUPPRESSED.,1
"The the regulatory body passed legislation to regulate pharmaceutical companies following the economic downturn. Health authorities confirmed 4,500 new cases of dengue fever in sub-Saharan Africa.",0
Health authorities confirmed 78 new cases of measles in sub-Saharan Africa. Health authorities confirmed 340 new cases of measles in sub-Saharan Africa.,0
You won't BELIEVE what the Illuminati is hiding about this simple herb. The cover-up is REAL. You won't BELIEVE what the government is hiding about black seed oil. The cover-up is REAL. The REAL reason the 2020 election happened will make your blood boil. They lied to us again. a famous actor CONFIRMS the great reset agenda in leaked video that mainstream media is ignoring.,1
The REAL reason the economic crash happened will make your blood boil. They lied to us again. URGENT: Forward this to everyone — the Deep State is planning the New World Order plan by before the election.,1
URGENT: Forward this to everyone — the government is planning the New World Order plan by 2025. SHOCKING: a top politician EXPOSED for secretly funding global warming hoax — the media won't tell you!,1
ALIEN structures discovered on Antarctica. NASA is covering it up. See the proof here! One weird trick the Illuminati doesn't want you to know about the flat earth. It's being SUPPRESSED.,1
Scientists at Oxford have published findings on genomic research in the Science journal. Scientists at Cambridge have published findings on genomic research in the Science journal.,0
The REAL reason the 2020 election happened will make your blood boil. They lied to us again. The REAL reason 9/11 happened will make your blood boil. They lied to us again. URGENT: Forward this to everyone — Big Pharma is planning the great reset agenda by before the election.,1
This black seed oil CURES Alzheimer's in 3 days — Big Pharma doesn't want you to know! Bill Gates CONFIRMS population control in leaked video that mainstream media is ignoring. Government CAUGHT poisoning the water supply to control the population — whistleblower reveals ALL.,1
Market analysts say Goldman Sachs shares rose 1.2% after strong Q1 earnings. The AP announced financial aid following the regional crisis in New Delhi.,0
Scientists at Johns Hopkins have published findings on genomic research in the Nature journal. The The US government approved a 3.5 billion dollar budget for defense.,0
Scientists at MIT have published findings on urban planning in the Nature journal. The central bank raised interest rates by 2.5% to combat rising inflation.,0
This this ancient remedy CURES Alzheimer's in 7 days — Big Pharma doesn't want you to know! The REAL reason the 2020 election happened will make your blood boil. They lied to us again.,1
You won't BELIEVE what Big Pharma is hiding about apple cider vinegar. The cover-up is REAL. You won't BELIEVE what the Deep State is hiding about this ancient remedy. The cover-up is REAL. This black seed oil CURES Alzheimer's in 7 days — Big Pharma doesn't want you to know! You won't BELIEVE what the Deep State is hiding about apple cider vinegar. The cover-up is REAL.,1
Government CAUGHT funding global warming hoax to control the population — whistleblower reveals ALL. You won't BELIEVE what the Illuminati is hiding about apple cider vinegar. The cover-up is REAL. Government CAUGHT mind control experiments to control the population — whistleblower reveals ALL.,1
"Health authorities confirmed 4,500 new cases of influenza A in Southeast Asia. Health authorities confirmed 1,200 new cases of dengue fever in South America. The the regulatory body passed legislation to regulate social media platforms following the regional crisis.",0
"Health authorities confirmed 340 new cases of dengue fever in Southeast Asia. Health authorities confirmed 1,200 new cases of COVID-19 subvariant in South America.",0
Government CAUGHT funding global warming hoax to control the population — whistleblower reveals ALL. SHOCKING: Bill Gates EXPOSED for secretly mind control experiments — the media won't tell you! a top politician CONFIRMS the great reset agenda in leaked video that mainstream media is ignoring.,1
SHOCKING: George Soros EXPOSED for secretly mind control experiments — the media won't tell you! The REAL reason the pandemic happened will make your blood boil. They lied to us again.,1
Government CAUGHT poisoning the water supply to control the population — whistleblower reveals ALL. Government CAUGHT poisoning the water supply to control the population — whistleblower reveals ALL.,1
"The Canada government approved a 1.2 billion dollar budget for education. The The US government approved a 1.2 billion dollar budget for education. According to official reports, the spokesperson stated that expanded healthcare access would be implemented by 2024. According to official reports, the Director General stated that stricter emissions standards would be implemented by 2025.",0
URGENT: Forward this to everyone — the CDC is planning the great reset agenda by before the election. Government CAUGHT microchipping citizens to control the population — whistleblower reveals ALL. URGENT: Forward this to everyone — the CDC is planning the great reset agenda by before the election.,1
The Senate passed legislation to regulate financial institutions following rising tensions. The Australia government approved a 20 billion dollar budget for education. The the oversight committee passed legislation to regulate social media platforms following the economic downturn.,0
Scientists at Stanford have published findings on vaccine efficacy in the The Lancet journal. The Parliament passed legislation to regulate financial institutions following last month's summit.,0
World leaders gathered in Geneva to discuss AI safety at the annual G20 Summit. The Parliament passed legislation to regulate financial institutions following the regional crisis. The central bank raised interest rates by 2.5% to combat rising inflation. World leaders gathered in London to discuss urban planning at the annual Economic Forum.,0
The central bank raised interest rates by 4% to combat rising inflation. The central bank raised interest rates by 3% to combat rising inflation. Scientists at Stanford have published findings on genomic research in the Nature journal. Scientists at Johns Hopkins have published findings on urban planning in the Nature journal.,0
Market analysts say Toyota shares rose 0.75% after strong Q3 earnings. The central bank raised interest rates by 1.2% to combat rising inflation.,0
The the regulatory body passed legislation to regulate social media platforms following rising tensions. An investigation by Reuters found no evidence of misconduct in the recent the economic downturn. The NASA announced new guidelines following rising tensions in New Delhi.,0
The REAL reason 9/11 happened will make your blood boil. They lied to us again. George Soros CONFIRMS the great reset agenda in leaked video that mainstream media is ignoring.,1
George Soros CONFIRMS the New World Order plan in leaked video that mainstream media is ignoring. URGENT: Forward this to everyone — the Illuminati is planning population control by this year.,1
the elite CONFIRMS the great reset agenda in leaked video that mainstream media is ignoring. URGENT: Forward this to everyone — Big Pharma is planning population control by before the election. ALIEN structures discovered on Mars. NASA is covering it up. See the proof here!,1
"According to official reports, the spokesperson stated that stricter emissions standards would be implemented by next fiscal year. The WHO announced a formal inquiry following the economic downturn in Brussels.",0
"The central bank raised interest rates by 2.5% to combat rising inflation. According to official reports, the spokesperson stated that expanded healthcare access would be implemented by 2025. Health authorities confirmed 78 new cases of COVID-19 subvariant in South America. The central bank raised interest rates by 3% to combat rising inflation.",0
The The US government approved a 20 billion dollar budget for education. World leaders gathered in Washington D.C. to discuss climate change at the annual Security Forum. The AP announced new guidelines following rising tensions in Brussels.,0
The REAL reason the 2020 election happened will make your blood boil. They lied to us again. The REAL reason the economic crash happened will make your blood boil. They lied to us again. The REAL reason the economic crash happened will make your blood boil. They lied to us again. SHOCKING: the elite EXPOSED for secretly poisoning the water supply — the media won't tell you!,1
SHOCKING: a famous actor EXPOSED for secretly microchipping citizens — the media won't tell you! Government CAUGHT funding global warming hoax to control the population — whistleblower reveals ALL. George Soros CONFIRMS the New World Order plan in leaked video that mainstream media is ignoring.,1
Market analysts say Apple shares rose 4% after strong Q4 earnings. The the Federal Reserve announced financial aid following last month's summit in Washington D.C..,0
Market analysts say BP shares rose 2.5% after strong Q4 earnings. An investigation by the Pentagon found no evidence of fraud in the recent the economic downturn. The central bank raised interest rates by 2.5% to combat rising inflation.,0
Bill Gates CONFIRMS population control in leaked video that mainstream media is ignoring. You won't BELIEVE what the CDC is hiding about black seed oil. The cover-up is REAL.,1
An investigation by AP found no evidence of fraud in the recent rising tensions. Market analysts say BP shares rose 0.75% after strong Q4 earnings. The the oversight committee passed legislation to regulate social media platforms following rising tensions.,0
BREAKING: Scientists BANNED from revealing the truth about lizard people. Share before it's deleted! a famous actor CONFIRMS population control in leaked video that mainstream media is ignoring. This this simple herb CURES Alzheimer's in just 2 days — Big Pharma doesn't want you to know! ALIEN structures discovered on the Moon. NASA is covering it up. See the proof here!,1
URGENT: Forward this to everyone — Big Pharma is planning population control by this year. One weird trick the CDC doesn't want you to know about the deep state. It's being SUPPRESSED.,1
This black seed oil CURES diabetes in 10 days — Big Pharma doesn't want you to know! BREAKING: Scientists BANNED from revealing the truth about 5G towers. Share before it's deleted! Bill Gates CONFIRMS the New World Order plan in leaked video that mainstream media is ignoring.,1
ALIEN structures discovered on the Moon. NASA is covering it up. See the proof here! BREAKING: Scientists BANNED from revealing the truth about the deep state. Share before it's deleted! URGENT: Forward this to everyone — Big Pharma is planning the great reset agenda by this year. SHOCKING: a famous actor EXPOSED for secretly poisoning the water supply — the media won't tell you!,1
"Health authorities confirmed 1,200 new cases of COVID-19 subvariant in Southeast Asia. The central bank raised interest rates by 3% to combat rising inflation.",0
The central bank raised interest rates by 2.5% to combat rising inflation. The central bank raised interest rates by 0.75% to combat rising inflation. An investigation by Reuters found no evidence of data manipulation in the recent rising tensions.,0
You won't BELIEVE what the government is hiding about this simple herb. The cover-up is REAL. George Soros CONFIRMS population control in leaked video that mainstream media is ignoring. ALIEN structures discovered on Mars. NASA is covering it up. See the proof here! The REAL reason the pandemic happened will make your blood boil. They lied to us again.,1
One weird trick the government doesn't want you to know about the deep state. It's being SUPPRESSED. BREAKING: Scientists BANNED from revealing the truth about 5G towers. Share before it's deleted! The REAL reason the economic crash happened will make your blood boil. They lied to us again. ALIEN structures discovered on the Arctic. NASA is covering it up. See the proof here!,1
ALIEN structures discovered on the Moon. NASA is covering it up. See the proof here! BREAKING: Scientists BANNED from revealing the truth about vaccine microchips. Share before it's deleted! This apple cider vinegar CURES diabetes in 7 days — Big Pharma doesn't want you to know! BREAKING: Scientists BANNED from revealing the truth about the flat earth. Share before it's deleted!,1
"Scientists at Oxford have published findings on genomic research in the The Lancet journal. Health authorities confirmed 1,200 new cases of influenza A in South America. The AP announced emergency measures following last month's summit in London.",0
"Scientists at MIT have published findings on climate change in the Science journal. According to official reports, the Secretary of State stated that expanded healthcare access would be implemented by 2025. Scientists at MIT have published findings on genomic research in the Nature journal. The central bank raised interest rates by 0.75% to combat rising inflation.",0
The The US government approved a 3.5 billion dollar budget for education. The NASA announced new guidelines following the economic downturn in Geneva. The Japan government approved a 1.2 billion dollar budget for infrastructure.,0
One weird trick the government doesn't want you to know about chemtrails. It's being SUPPRESSED. URGENT: Forward this to everyone — the Deep State is planning the New World Order plan by this year. Government CAUGHT funding global warming hoax to control the population — whistleblower reveals ALL.,1
"The The US government approved a 3.5 billion dollar budget for renewable energy. The central bank raised interest rates by 4% to combat rising inflation. According to official reports, the spokesperson stated that the new trade agreement would be implemented by next fiscal year.",0
BREAKING: Scientists BANNED from revealing the truth about vaccine microchips. Share before it's deleted! The REAL reason 9/11 happened will make your blood boil. They lied to us again. One weird trick the Deep State doesn't want you to know about the deep state. It's being SUPPRESSED. The REAL reason the economic crash happened will make your blood boil. They lied to us again.,1
URGENT: Forward this to everyone — the government is planning the great reset agenda by 2025. One weird trick Big Pharma doesn't want you to know about chemtrails. It's being SUPPRESSED.,1
SHOCKING: a top politician EXPOSED for secretly microchipping citizens — the media won't tell you! This this simple herb CURES COVID in 7 days — Big Pharma doesn't want you to know!,1
"Scientists at Johns Hopkins have published findings on vaccine efficacy in the Nature journal. Health authorities confirmed 4,500 new cases of dengue fever in Southeast Asia.",0
This black seed oil CURES cancer in 10 days — Big Pharma doesn't want you to know! BREAKING: Scientists BANNED from revealing the truth about lizard people. Share before it's deleted! You won't BELIEVE what the CDC is hiding about this ancient remedy. The cover-up is REAL.,1
Market analysts say Samsung shares rose 1.2% after strong Q4 earnings. The The US government approved a 0.8 billion dollar budget for renewable energy.,0
ALIEN structures discovered on the Arctic. NASA is covering it up. See the proof here! The REAL reason the pandemic happened will make your blood boil. They lied to us again. URGENT: Forward this to everyone — the government is planning the New World Order plan by before the election. One weird trick the Illuminati doesn't want you to know about 5G towers. It's being SUPPRESSED.,1
The central bank raised interest rates by 4% to combat rising inflation. Scientists at Stanford have published findings on urban planning in the The Lancet journal.,0
The the oversight committee passed legislation to regulate financial institutions following the regional crisis. The the regulatory body passed legislation to regulate pharmaceutical companies following the economic downturn. The central bank raised interest rates by 2.5% to combat rising inflation. World leaders gathered in Brussels to discuss urban planning at the annual G20 Summit.,0
The central bank raised interest rates by 1.2% to combat rising inflation. The the Pentagon announced financial aid following rising tensions in London.,0
One weird trick the government doesn't want you to know about chemtrails. It's being SUPPRESSED. This this simple herb CURES cancer in just 2 days — Big Pharma doesn't want you to know! a famous actor CONFIRMS population control in leaked video that mainstream media is ignoring. This apple cider vinegar CURES autism in 3 days — Big Pharma doesn't want you to know!,1
Government CAUGHT funding global warming hoax to control the population — whistleblower reveals ALL. SHOCKING: the elite EXPOSED for secretly funding global warming hoax — the media won't tell you! BREAKING: Scientists BANNED from revealing the truth about chemtrails. Share before it's deleted! Government CAUGHT poisoning the water supply to control the population — whistleblower reveals ALL.,1
The the Federal Reserve announced financial aid following last month's summit in Washington D.C.. The the oversight committee passed legislation to regulate social media platforms following last month's summit. The WHO announced emergency measures following rising tensions in New Delhi. The central bank raised interest rates by 4% to combat rising inflation.,0
You won't BELIEVE what the government is hiding about this simple herb. The cover-up is REAL. URGENT: Forward this to everyone — Big Pharma is planning population control by this year. The REAL reason 9/11 happened will make your blood boil. They lied to us again. BREAKING: Scientists BANNED from revealing the truth about lizard people. Share before it's deleted!,1
World leaders gathered in New Delhi to discuss AI safety at the annual Security Forum. The United Nations announced financial aid following rising tensions in Washington D.C..,0
SHOCKING: the elite EXPOSED for secretly microchipping citizens — the media won't tell you! Government CAUGHT mind control experiments to control the population — whistleblower reveals ALL. You won't BELIEVE what the Illuminati is hiding about this ancient remedy. The cover-up is REAL. Bill Gates CONFIRMS the great reset agenda in leaked video that mainstream media is ignoring.,1
You won't BELIEVE what the government is hiding about apple cider vinegar. The cover-up is REAL. You won't BELIEVE what the Illuminati is hiding about this ancient remedy. The cover-up is REAL. One weird trick the CDC doesn't want you to know about vaccine microchips. It's being SUPPRESSED. ALIEN structures discovered on the Arctic. NASA is covering it up. See the proof here!,1
SHOCKING: the elite EXPOSED for secretly poisoning the water supply — the media won't tell you! The REAL reason the 2020 election happened will make your blood boil. They lied to us again. Government CAUGHT mind control experiments to control the population — whistleblower reveals ALL. You won't BELIEVE what the CDC is hiding about this ancient remedy. The cover-up is REAL.,1
Government CAUGHT mind control experiments to control the population — whistleblower reveals ALL. ALIEN structures discovered on Mars. NASA is covering it up. See the proof here! SHOCKING: the elite EXPOSED for secretly mind control experiments — the media won't tell you!,1
An investigation by WHO found no evidence of data manipulation in the recent last month's summit. The Germany government approved a 5 billion dollar budget for defense.,0
The REAL reason the 2020 election happened will make your blood boil. They lied to us again. BREAKING: Scientists BANNED from revealing the truth about the deep state. Share before it's deleted! The REAL reason 9/11 happened will make your blood boil. They lied to us again. One weird trick the government doesn't want you to know about the flat earth. It's being SUPPRESSED.,1
Scientists at Johns Hopkins have published findings on climate change in the The Lancet journal. The Canada government approved a 3.5 billion dollar budget for healthcare. Scientists at Oxford have published findings on AI safety in the The Lancet journal.,0
George Soros CONFIRMS population control in leaked video that mainstream media is ignoring. BREAKING: Scientists BANNED from revealing the truth about 5G towers. Share before it's deleted! a famous actor CONFIRMS the great reset agenda in leaked video that mainstream media is ignoring.,1
You won't BELIEVE what the Illuminati is hiding about this ancient remedy. The cover-up is REAL. BREAKING: Scientists BANNED from revealing the truth about the flat earth. Share before it's deleted!,1
The REAL reason 9/11 happened will make your blood boil. They lied to us again. Government CAUGHT mind control experiments to control the population — whistleblower reveals ALL.,1
SHOCKING: a famous actor EXPOSED for secretly poisoning the water supply — the media won't tell you! URGENT: Forward this to everyone — the CDC is planning the great reset agenda by 2025. You won't BELIEVE what Big Pharma is hiding about black seed oil. The cover-up is REAL.,1
BREAKING: Scientists BANNED from revealing the truth about vaccine microchips. Share before it's deleted! You won't BELIEVE what the government is hiding about black seed oil. The cover-up is REAL. URGENT: Forward this to everyone — the Deep State is planning the New World Order plan by this year.,1
Government CAUGHT funding global warming hoax to control the population — whistleblower reveals ALL. One weird trick the government doesn't want you to know about vaccine microchips. It's being SUPPRESSED. URGENT: Forward this to everyone — the Deep State is planning population control by this year. ALIEN structures discovered on the Moon. NASA is covering it up. See the proof here!,1
World leaders gathered in Tokyo to discuss climate change at the annual Security Forum. The United Nations announced new guidelines following the economic downturn in Brussels.,0
"The central bank raised interest rates by 2.5% to combat rising inflation. Health authorities confirmed 4,500 new cases of COVID-19 subvariant in Western Europe. The Senate passed legislation to regulate financial institutions following the regional crisis.",0
Scientists at Johns Hopkins have published findings on AI safety in the The Lancet journal. Scientists at Stanford have published findings on vaccine efficacy in the Nature journal.,0
Government CAUGHT poisoning the water supply to control the population — whistleblower reveals ALL. ALIEN structures discovered on Mars. NASA is covering it up. See the proof here!,1
Government CAUGHT microchipping citizens to control the population — whistleblower reveals ALL. This apple cider vinegar CURES diabetes in just 2 days — Big Pharma doesn't want you to know!,1
"The the oversight committee passed legislation to regulate pharmaceutical companies following the economic downturn. The Australia government approved a 0.8 billion dollar budget for defense. According to official reports, the Prime Minister stated that stricter emissions standards would be implemented by 2025.",0
"An investigation by WHO found no evidence of bias in the recent rising tensions. The AP announced financial aid following last month's summit in Brussels. According to official reports, the Director General stated that the new trade agreement would be implemented by 2025. Market analysts say Samsung shares rose 4% after strong Q2 earnings.",0
a top politician CONFIRMS the great reset agenda in leaked video that mainstream media is ignoring. BREAKING: Scientists BANNED from revealing the truth about the deep state. Share before it's deleted! SHOCKING: Bill Gates EXPOSED for secretly poisoning the water supply — the media won't tell you!,1
Health authorities confirmed 78 new cases of measles in South America. The the Pentagon announced a formal inquiry following the regional crisis in Brussels.,0
SHOCKING: Bill Gates EXPOSED for secretly microchipping citizens — the media won't tell you! URGENT: Forward this to everyone — the CDC is planning the New World Order plan by 2025. Government CAUGHT mind control experiments to control the population — whistleblower reveals ALL. The REAL reason the economic crash happened will make your blood boil. They lied to us again.,1
The REAL reason the pandemic happened will make your blood boil. They lied to us again. URGENT: Forward this to everyone — the Deep State is planning the great reset agenda by before the election. This black seed oil CURES autism in 7 days — Big Pharma doesn't want you to know! This this simple herb CURES cancer in just 2 days — Big Pharma doesn't want you to know!,1
URGENT: Forward this to everyone — the government is planning the great reset agenda by this year. BREAKING: Scientists BANNED from revealing the truth about vaccine microchips. Share before it's deleted!,1
"Scientists at Stanford have published findings on climate change in the Science journal. According to official reports, the Secretary of State stated that expanded healthcare access would be implemented by 2024. World leaders gathered in Tokyo to discuss genomic research at the annual Security Forum.",0
ALIEN structures discovered on Antarctica. NASA is covering it up. See the proof here! SHOCKING: George Soros EXPOSED for secretly funding global warming hoax — the media won't tell you! You won't BELIEVE what Big Pharma is hiding about black seed oil. The cover-up is REAL. Government CAUGHT funding global warming hoax to control the population — whistleblower reveals ALL.,1
One weird trick Big Pharma doesn't want you to know about 5G towers. It's being SUPPRESSED. URGENT: Forward this to everyone — the CDC is planning the great reset agenda by 2025.,1
The Germany government approved a 20 billion dollar budget for renewable energy. Scientists at Johns Hopkins have published findings on climate change in the The Lancet journal.,0
The the oversight committee passed legislation to regulate pharmaceutical companies following the economic downturn. World leaders gathered in Washington D.C. to discuss climate change at the annual G20 Summit.,0
"The Australia government approved a 1.2 billion dollar budget for education. According to official reports, the Prime Minister stated that the new trade agreement would be implemented by next fiscal year. The The US government approved a 0.8 billion dollar budget for education. World leaders gathered in Geneva to discuss climate change at the annual Climate Conference.",0
The the Federal Reserve announced financial aid following the economic downturn in New Delhi. The The US government approved a 3.5 billion dollar budget for infrastructure.,0
"According to official reports, the Prime Minister stated that expanded healthcare access would be implemented by 2025. According to official reports, the Prime Minister stated that stricter emissions standards would be implemented by next fiscal year.",0
You won't BELIEVE what the CDC is hiding about apple cider vinegar. The cover-up is REAL. Government CAUGHT poisoning the water supply to control the population — whistleblower reveals ALL.,1
One weird trick Big Pharma doesn't want you to know about vaccine microchips. It's being SUPPRESSED. SHOCKING: Bill Gates EXPOSED for secretly poisoning the water supply — the media won't tell you!,1
URGENT: Forward this to everyone — the Illuminati is planning population control by before the election. URGENT: Forward this to everyone — the Deep State is planning the New World Order plan by before the election. The REAL reason the economic crash happened will make your blood boil. They lied to us again. Government CAUGHT microchipping citizens to control the population — whistleblower reveals ALL.,1
The REAL reason the 2020 election happened will make your blood boil. They lied to us again. URGENT: Forward this to everyone — the CDC is planning population control by this year.,1
This apple cider vinegar CURES diabetes in 10 days — Big Pharma doesn't want you to know! This this simple herb CURES diabetes in 3 days — Big Pharma doesn't want you to know! URGENT: Forward this to everyone — the Illuminati is planning population control by this year.,1
World leaders gathered in New Delhi to discuss vaccine efficacy at the annual Economic Forum. An investigation by the Pentagon found no evidence of misconduct in the recent the regional crisis.,0
One weird trick the Illuminati doesn't want you to know about the flat earth. It's being SUPPRESSED. SHOCKING: the elite EXPOSED for secretly mind control experiments — the media won't tell you! The REAL reason the 2020 election happened will make your blood boil. They lied to us again.,1
URGENT: Forward this to everyone — the Illuminati is planning the great reset agenda by this year. ALIEN structures discovered on the Arctic. NASA is covering it up. See the proof here!,1
Market analysts say Samsung shares rose 3% after strong Q3 earnings. Scientists at Oxford have published findings on urban planning in the The Lancet journal. Market analysts say Goldman Sachs shares rose 2.5% after strong Q3 earnings. Scientists at Cambridge have published findings on climate change in the Science journal.,0
"An investigation by AP found no evidence of fraud in the recent the economic downturn. According to official reports, the Prime Minister stated that expanded healthcare access would be implemented by 2024. The Parliament passed legislation to regulate financial institutions following last month's summit.",0
SHOCKING: Bill Gates EXPOSED for secretly microchipping citizens — the media won't tell you! BREAKING: Scientists BANNED from revealing the truth about vaccine microchips. Share before it's deleted! Government CAUGHT microchipping citizens to control the population — whistleblower reveals ALL.,1
a top politician CONFIRMS the New World Order plan in leaked video that mainstream media is ignoring. URGENT: Forward this to everyone — the government is planning the great reset agenda by before the election. One weird trick Big Pharma doesn't want you to know about chemtrails. It's being SUPPRESSED. BREAKING: Scientists BANNED from revealing the truth about 5G towers. Share before it's deleted!,1
This this simple herb CURES autism in 3 days — Big Pharma doesn't want you to know! One weird trick Big Pharma doesn't want you to know about chemtrails. It's being SUPPRESSED.,1
This this simple herb CURES Alzheimer's in 10 days — Big Pharma doesn't want you to know! SHOCKING: George Soros EXPOSED for secretly mind control experiments — the media won't tell you! You won't BELIEVE what the Illuminati is hiding about apple cider vinegar. The cover-up is REAL. Government CAUGHT funding global warming hoax to control the population — whistleblower reveals ALL.,1
You won't BELIEVE what the Illuminati is hiding about apple cider vinegar. The cover-up is REAL. SHOCKING: Bill Gates EXPOSED for secretly mind control experiments — the media won't tell you! This black seed oil CURES cancer in 3 days — Big Pharma doesn't want you to know! The REAL reason the economic crash happened will make your blood boil. They lied to us again.,1
"Market analysts say BP shares rose 1.2% after strong Q2 earnings. Scientists at Oxford have published findings on urban planning in the Nature journal. According to official reports, the Prime Minister stated that stricter emissions standards would be implemented by next fiscal year.",0
"An investigation by the Federal Reserve found no evidence of bias in the recent rising tensions. Scientists at MIT have published findings on climate change in the Science journal. According to official reports, the spokesperson stated that the new trade agreement would be implemented by 2024. According to official reports, the Prime Minister stated that the new trade agreement would be implemented by next fiscal year.",0
The REAL reason 9/11 happened will make your blood boil. They lied to us again. ALIEN structures discovered on Mars. NASA is covering it up. See the proof here! SHOCKING: Bill Gates EXPOSED for secretly poisoning the water supply — the media won't tell you!,1
The REAL reason the pandemic happened will make your blood boil. They lied to us again. ALIEN structures discovered on Antarctica. NASA is covering it up. See the proof here! BREAKING: Scientists BANNED from revealing the truth about the flat earth. Share before it's deleted! URGENT: Forward this to everyone — the CDC is planning population control by before the election.,1
"Health authorities confirmed 4,500 new cases of dengue fever in Western Europe. The central bank raised interest rates by 2.5% to combat rising inflation. Health authorities confirmed 1,200 new cases of COVID-19 subvariant in Western Europe. An investigation by the Pentagon found no evidence of misconduct in the recent rising tensions.",0
"Market analysts say Toyota shares rose 1.2% after strong Q3 earnings. According to official reports, the Secretary of State stated that stricter emissions standards would be implemented by 2025. An investigation by the Federal Reserve found no evidence of misconduct in the recent the regional crisis. Market analysts say Toyota shares rose 1.2% after strong Q1 earnings.",0
URGENT: Forward this to everyone — the government is planning the New World Order plan by 2025. Government CAUGHT funding global warming hoax to control the population — whistleblower reveals ALL.,1
URGENT: Forward this to everyone — Big Pharma is planning the great reset agenda by 2025. BREAKING: Scientists BANNED from revealing the truth about 5G towers. Share before it's deleted! Government CAUGHT funding global warming hoax to control the population — whistleblower reveals ALL.,1
BREAKING: Scientists BANNED from revealing the truth about the flat earth. Share before it's deleted! a top politician CONFIRMS population control in leaked video that mainstream media is ignoring. BREAKING: Scientists BANNED from revealing the truth about the deep state. Share before it's deleted! This this simple herb CURES autism in just 2 days — Big Pharma doesn't want you to know!,1
Government CAUGHT microchipping citizens to control the population — whistleblower reveals ALL. ALIEN structures discovered on the Arctic. NASA is covering it up. See the proof here!,1
"The the Federal Reserve announced a formal inquiry following last month's summit in Washington D.C.. Health authorities confirmed 1,200 new cases of COVID-19 subvariant in South America. An investigation by the Federal Reserve found no evidence of data manipulation in the recent the regional crisis. Scientists at Cambridge have published findings on climate change in the Nature journal.",0
The REAL reason 9/11 happened will make your blood boil. They lied to us again. URGENT: Forward this to everyone — the CDC is planning the New World Order plan by this year.,1
The the regulatory body passed legislation to regulate social media platforms following last month's summit. Scientists at Stanford have published findings on urban planning in the The Lancet journal.,0
URGENT: Forward this to everyone — the government is planning the New World Order plan by 2025. URGENT: Forward this to everyone — the Illuminati is planning the New World Order plan by this year. This this ancient remedy CURES COVID in 7 days — Big Pharma doesn't want you to know!,1
Market analysts say Samsung shares rose 0.75% after strong Q4 earnings. Scientists at Stanford have published findings on genomic research in the Nature journal. The AP announced emergency measures following rising tensions in Geneva. Market analysts say Samsung shares rose 1.2% after strong Q1 earnings.,0
One weird trick the CDC doesn't want you to know about 5G towers. It's being SUPPRESSED. George Soros CONFIRMS the New World Order plan in leaked video that mainstream media is ignoring.,1
Scientists at Cambridge have published findings on AI safety in the Nature journal. Health authorities confirmed 340 new cases of dengue fever in Southeast Asia. Scientists at Cambridge have published findings on AI safety in the Science journal.,0
Health authorities confirmed 78 new cases of COVID-19 subvariant in Southeast Asia. The the Federal Reserve announced a formal inquiry following the regional crisis in New Delhi.,0
BREAKING: Scientists BANNED from revealing the truth about vaccine microchips. Share before it's deleted! You won't BELIEVE what the Illuminati is hiding about apple cider vinegar. The cover-up is REAL. The REAL reason the pandemic happened will make your blood boil. They lied to us again.,1
Government CAUGHT mind control experiments to control the population — whistleblower reveals ALL. URGENT: Forward this to everyone — the Illuminati is planning population control by this year.,1
Market analysts say Apple shares rose 1.2% after strong Q2 earnings. Scientists at Johns Hopkins have published findings on climate change in the The Lancet journal. An investigation by WHO found no evidence of fraud in the recent last month's summit.,0
BREAKING: Scientists BANNED from revealing the truth about the flat earth. Share before it's deleted! One weird trick the Illuminati doesn't want you to know about chemtrails. It's being SUPPRESSED. BREAKING: Scientists BANNED from revealing the truth about lizard people. Share before it's deleted!,1
One weird trick the CDC doesn't want you to know about chemtrails. It's being SUPPRESSED. SHOCKING: George Soros EXPOSED for secretly funding global warming hoax — the media won't tell you! BREAKING: Scientists BANNED from revealing the truth about vaccine microchips. Share before it's deleted!,1
The central bank raised interest rates by 0.75% to combat rising inflation. Market analysts say Apple shares rose 1.2% after strong Q4 earnings. Health authorities confirmed 78 new cases of influenza A in Southeast Asia.,0
The Canada government approved a 20 billion dollar budget for renewable energy. The the Federal Reserve announced emergency measures following the regional crisis in Washington D.C.. The AP announced emergency measures following the regional crisis in Brussels.,0
This apple cider vinegar CURES Alzheimer's in just 2 days — Big Pharma doesn't want you to know! ALIEN structures discovered on Mars. NASA is covering it up. See the proof here! The REAL reason the pandemic happened will make your blood boil. They lied to us again.,1
SHOCKING: the elite EXPOSED for secretly poisoning the water supply — the media won't tell you! URGENT: Forward this to everyone — the Deep State is planning the New World Order plan by 2025. SHOCKING: Bill Gates EXPOSED for secretly funding global warming hoax — the media won't tell you! Government CAUGHT microchipping citizens to control the population — whistleblower reveals ALL.,1
the elite CONFIRMS population control in leaked video that mainstream media is ignoring. SHOCKING: a famous actor EXPOSED for secretly poisoning the water supply — the media won't tell you!,1
"The AP announced a formal inquiry following last month's summit in Geneva. According to official reports, the Secretary of State stated that expanded healthcare access would be implemented by 2025. An investigation by United Nations found no evidence of misconduct in the recent the economic downturn.",0
"Health authorities confirmed 340 new cases of COVID-19 subvariant in Southeast Asia. According to official reports, the spokesperson stated that expanded healthcare access would be implemented by next fiscal year. World leaders gathered in Brussels to discuss climate change at the annual Climate Conference. Scientists at MIT have published findings on vaccine efficacy in the Science journal.",0
This apple cider vinegar CURES Alzheimer's in just 2 days — Big Pharma doesn't want you to know! The REAL reason the economic crash happened will make your blood boil. They lied to us again. Government CAUGHT microchipping citizens to control the population — whistleblower reveals ALL. One weird trick the Illuminati doesn't want you to know about the deep state. It's being SUPPRESSED.,1
You won't BELIEVE what the Illuminati is hiding about this simple herb. The cover-up is REAL. URGENT: Forward this to everyone — the Illuminati is planning the great reset agenda by before the election.,1
Government CAUGHT poisoning the water supply to control the population — whistleblower reveals ALL. the elite CONFIRMS the New World Order plan in leaked video that mainstream media is ignoring. Bill Gates CONFIRMS the New World Order plan in leaked video that mainstream media is ignoring.,1
You won't BELIEVE what Big Pharma is hiding about apple cider vinegar. The cover-up is REAL. a famous actor CONFIRMS the New World Order plan in leaked video that mainstream media is ignoring. Bill Gates CONFIRMS the New World Order plan in leaked video that mainstream media is ignoring.,1
a famous actor CONFIRMS the great reset agenda in leaked video that mainstream media is ignoring. George Soros CONFIRMS population control in leaked video that mainstream media is ignoring. ALIEN structures discovered on Mars. NASA is covering it up. See the proof here!,1
Government CAUGHT mind control experiments to control the population — whistleblower reveals ALL. BREAKING: Scientists BANNED from revealing the truth about vaccine microchips. Share before it's deleted!,1
This this simple herb CURES Alzheimer's in 7 days — Big Pharma doesn't want you to know! One weird trick the CDC doesn't want you to know about the deep state. It's being SUPPRESSED. You won't BELIEVE what the CDC is hiding about apple cider vinegar. The cover-up is REAL.,1
"Health authorities confirmed 1,200 new cases of measles in sub-Saharan Africa. The the Federal Reserve announced new guidelines following the economic downturn in Washington D.C..",0
a famous actor CONFIRMS the great reset agenda in leaked video that mainstream media is ignoring. Government CAUGHT poisoning the water supply to control the population — whistleblower reveals ALL. You won't BELIEVE what the Deep State is hiding about this simple herb. The cover-up is REAL.,1
You won't BELIEVE what the CDC is hiding about this simple herb. The cover-up is REAL. One weird trick the CDC doesn't want you to know about vaccine microchips. It's being SUPPRESSED. SHOCKING: Bill Gates EXPOSED for secretly microchipping citizens — the media won't tell you! URGENT: Forward this to everyone — Big Pharma is planning the great reset agenda by this year.,1
"World leaders gathered in Tokyo to discuss climate change at the annual Security Forum. Health authorities confirmed 78 new cases of influenza A in sub-Saharan Africa. World leaders gathered in Brussels to discuss urban planning at the annual Security Forum. According to official reports, the Director General stated that expanded healthcare access would be implemented by 2024.",0
An investigation by NASA found no evidence of data manipulation in the recent rising tensions. Market analysts say Apple shares rose 0.75% after strong Q1 earnings. The central bank raised interest rates by 3% to combat rising inflation.,0
Market analysts say Toyota shares rose 1.2% after strong Q3 earnings. The The US government approved a 0.8 billion dollar budget for healthcare.,0
"The central bank raised interest rates by 3% to combat rising inflation. Health authorities confirmed 1,200 new cases of dengue fever in Southeast Asia. Scientists at Oxford have published findings on vaccine efficacy in the The Lancet journal. The NASA announced financial aid following rising tensions in Brussels.",0
URGENT: Forward this to everyone — the Deep State is planning population control by 2025. Bill Gates CONFIRMS population control in leaked video that mainstream media is ignoring. a top politician CONFIRMS the New World Order plan in leaked video that mainstream media is ignoring. ALIEN structures discovered on Mars. NASA is covering it up. See the proof here!,1
Scientists at Cambridge have published findings on AI safety in the The Lancet journal. World leaders gathered in New Delhi to discuss urban planning at the annual Climate Conference. The Senate passed legislation to regulate financial institutions following the regional crisis.,0
ALIEN structures discovered on the Moon. NASA is covering it up. See the proof here! The REAL reason the pandemic happened will make your blood boil. They lied to us again.,1
The REAL reason 9/11 happened will make your blood boil. They lied to us again. Government CAUGHT mind control experiments to control the population — whistleblower reveals ALL. a famous actor CONFIRMS the great reset agenda in leaked video that mainstream media is ignoring.,1
"Market analysts say Apple shares rose 2.5% after strong Q1 earnings. An investigation by NASA found no evidence of data manipulation in the recent last month's summit. The the Federal Reserve announced emergency measures following the regional crisis in Tokyo. According to official reports, the Prime Minister stated that the new trade agreement would be implemented by next fiscal year.",0
SHOCKING: George Soros EXPOSED for secretly poisoning the water supply — the media won't tell you! URGENT: Forward this to everyone — the CDC is planning the New World Order plan by this year.,1
"World leaders gathered in New Delhi to discuss genomic research at the annual Climate Conference. According to official reports, the Secretary of State stated that the new trade agreement would be implemented by next fiscal year.",0
An investigation by the Federal Reserve found no evidence of bias in the recent rising tensions. Market analysts say Toyota shares rose 2.5% after strong Q4 earnings. World leaders gathered in London to discuss urban planning at the annual G20 Summit.,0
The India government approved a 20 billion dollar budget for defense. The United Nations announced a formal inquiry following the economic downturn in New Delhi.,0
Government CAUGHT poisoning the water supply to control the population — whistleblower reveals ALL. Government CAUGHT microchipping citizens to control the population — whistleblower reveals ALL. You won't BELIEVE what Big Pharma is hiding about this ancient remedy. The cover-up is REAL.,1
"The Parliament passed legislation to regulate financial institutions following the regional crisis. Health authorities confirmed 4,500 new cases of dengue fever in sub-Saharan Africa. World leaders gathered in London to discuss urban planning at the annual Climate Conference. The the oversight committee passed legislation to regulate pharmaceutical companies following the economic downturn.",0
"An investigation by AP found no evidence of fraud in the recent the regional crisis. Market analysts say Toyota shares rose 2.5% after strong Q4 earnings. Health authorities confirmed 340 new cases of influenza A in Southeast Asia. According to official reports, the Prime Minister stated that expanded healthcare access would be implemented by 2025.",0
"An investigation by NASA found no evidence of data manipulation in the recent rising tensions. Health authorities confirmed 1,200 new cases of influenza A in Southeast Asia.",0
An investigation by WHO found no evidence of bias in the recent rising tensions. The Japan government approved a 5 billion dollar budget for renewable energy.,0
George Soros CONFIRMS population control in leaked video that mainstream media is ignoring. This black seed oil CURES Alzheimer's in 3 days — Big Pharma doesn't want you to know!,1
Market analysts say BP shares rose 3% after strong Q4 earnings. The the Pentagon announced financial aid following last month's summit in London.,0
Health authorities confirmed 78 new cases of influenza A in Southeast Asia. An investigation by AP found no evidence of bias in the recent the economic downturn. Scientists at Cambridge have published findings on urban planning in the The Lancet journal. World leaders gathered in New Delhi to discuss urban planning at the annual Economic Forum.,0
This apple cider vinegar CURES diabetes in 3 days — Big Pharma doesn't want you to know! BREAKING: Scientists BANNED from revealing the truth about vaccine microchips. Share before it's deleted! SHOCKING: the elite EXPOSED for secretly microchipping citizens — the media won't tell you! This this simple herb CURES cancer in 3 days — Big Pharma doesn't want you to know!,1
George Soros CONFIRMS the New World Order plan in leaked video that mainstream media is ignoring. Government CAUGHT funding global warming hoax to control the population — whistleblower reveals ALL. Bill Gates CONFIRMS the great reset agenda in leaked video that mainstream media is ignoring.,1
You won't BELIEVE what the government is hiding about this ancient remedy. The cover-up is REAL. SHOCKING: George Soros EXPOSED for secretly microchipping citizens — the media won't tell you! Government CAUGHT poisoning the water supply to control the population — whistleblower reveals ALL. SHOCKING: the elite EXPOSED for secretly mind control experiments — the media won't tell you!,1
"World leaders gathered in Tokyo to discuss vaccine efficacy at the annual G20 Summit. World leaders gathered in New Delhi to discuss vaccine efficacy at the annual G20 Summit. The Reuters announced financial aid following last month's summit in London. According to official reports, the spokesperson stated that the new trade agreement would be implemented by 2024.",0
the elite CONFIRMS the great reset agenda in leaked video that mainstream media is ignoring. SHOCKING: a top politician EXPOSED for secretly mind control experiments — the media won't tell you! Government CAUGHT poisoning the water supply to control the population — whistleblower reveals ALL.,1
Bill Gates CONFIRMS the New World Order plan in leaked video that mainstream media is ignoring. You won't BELIEVE what the Illuminati is hiding about black seed oil. The cover-up is REAL. George Soros CONFIRMS the great reset agenda in leaked video that mainstream media is ignoring.,1
The REAL reason 9/11 happened will make your blood boil. They lied to us again. Government CAUGHT poisoning the water supply to control the population — whistleblower reveals ALL.,1
SHOCKING: Bill Gates EXPOSED for secretly funding global warming hoax — the media won't tell you! BREAKING: Scientists BANNED from revealing the truth about 5G towers. Share before it's deleted! Bill Gates CONFIRMS the New World Order plan in leaked video that mainstream media is ignoring. BREAKING: Scientists BANNED from revealing the truth about the flat earth. Share before it's deleted!,1
You won't BELIEVE what the CDC is hiding about apple cider vinegar. The cover-up is REAL. This apple cider vinegar CURES Alzheimer's in 7 days — Big Pharma doesn't want you to know! This this simple herb CURES diabetes in just 2 days — Big Pharma doesn't want you to know! the elite CONFIRMS population control in leaked video that mainstream media is ignoring.,1
Government CAUGHT poisoning the water supply to control the population — whistleblower reveals ALL. Government CAUGHT funding global warming hoax to control the population — whistleblower reveals ALL. One weird trick the Illuminati doesn't want you to know about the deep state. It's being SUPPRESSED. URGENT: Forward this to everyone — the Deep State is planning the great reset agenda by before the election.,1
You won't BELIEVE what the CDC is hiding about this simple herb. The cover-up is REAL. You won't BELIEVE what the CDC is hiding about apple cider vinegar. The cover-up is REAL. SHOCKING: a famous actor EXPOSED for secretly poisoning the water supply — the media won't tell you!,1
The Senate passed legislation to regulate pharmaceutical companies following last month's summit. Health authorities confirmed 340 new cases of influenza A in sub-Saharan Africa. The central bank raised interest rates by 1.2% to combat rising inflation. The Parliament passed legislation to regulate social media platforms following the economic downturn.,0
The Germany government approved a 20 billion dollar budget for renewable energy. Scientists at Oxford have published findings on AI safety in the Nature journal.,0
"The the oversight committee passed legislation to regulate social media platforms following the regional crisis. The the regulatory body passed legislation to regulate financial institutions following rising tensions. According to official reports, the Director General stated that expanded healthcare access would be implemented by 2024.",0
You won't BELIEVE what the CDC is hiding about black seed oil. The cover-up is REAL. the elite CONFIRMS the New World Order plan in leaked video that mainstream media is ignoring. SHOCKING: the elite EXPOSED for secretly mind control experiments — the media won't tell you! One weird trick the CDC doesn't want you to know about chemtrails. It's being SUPPRESSED.,1
the elite CONFIRMS the New World Order plan in leaked video that mainstream media is ignoring. ALIEN structures discovered on the Moon. NASA is covering it up. See the proof here!,1
ALIEN structures discovered on Antarctica. NASA is covering it up. See the proof here! URGENT: Forward this to everyone — the government is planning the great reset agenda by 2025.,1
An investigation by WHO found no evidence of misconduct in the recent the regional crisis. The Reuters announced a formal inquiry following the regional crisis in New Delhi.,0
SHOCKING: the elite EXPOSED for secretly mind control experiments — the media won't tell you! Government CAUGHT mind control experiments to control the population — whistleblower reveals ALL.,1
An investigation by Reuters found no evidence of misconduct in the recent last month's summit. Scientists at Stanford have published findings on genomic research in the The Lancet journal.,0
Scientists at Stanford have published findings on genomic research in the Science journal. The central bank raised interest rates by 2.5% to combat rising inflation.,0
The REAL reason the 2020 election happened will make your blood boil. They lied to us again. Government CAUGHT microchipping citizens to control the population — whistleblower reveals ALL. You won't BELIEVE what the government is hiding about apple cider vinegar. The cover-up is REAL. You won't BELIEVE what the government is hiding about black seed oil. The cover-up is REAL.,1
SHOCKING: a top politician EXPOSED for secretly mind control experiments — the media won't tell you! The REAL reason the 2020 election happened will make your blood boil. They lied to us again.,1
The central bank raised interest rates by 1.2% to combat rising inflation. The the Pentagon announced a formal inquiry following the economic downturn in Washington D.C..,0
ALIEN structures discovered on Antarctica. NASA is covering it up. See the proof here! a top politician CONFIRMS the great reset agenda in leaked video that mainstream media is ignoring. ALIEN structures discovered on Mars. NASA is covering it up. See the proof here! The REAL reason 9/11 happened will make your blood boil. They lied to us again.,1
The Senate passed legislation to regulate financial institutions following rising tensions. World leaders gathered in Tokyo to discuss climate change at the annual G20 Summit. An investigation by WHO found no evidence of misconduct in the recent rising tensions.,0
One weird trick the Illuminati doesn't want you to know about 5G towers. It's being SUPPRESSED. The REAL reason the 2020 election happened will make your blood boil. They lied to us again.,1
"According to official reports, the Director General stated that stricter emissions standards would be implemented by 2025. World leaders gathered in Geneva to discuss climate change at the annual Climate Conference. An investigation by the Pentagon found no evidence of data manipulation in the recent last month's summit. According to official reports, the Secretary of State stated that stricter emissions standards would be implemented by 2025.",0
"The central bank raised interest rates by 4% to combat rising inflation. Market analysts say Samsung shares rose 3% after strong Q2 earnings. According to official reports, the Prime Minister stated that expanded healthcare access would be implemented by 2024. The central bank raised interest rates by 0.75% to combat rising inflation.",0
"The United Nations announced a formal inquiry following rising tensions in Washington D.C.. The central bank raised interest rates by 2.5% to combat rising inflation. According to official reports, the Prime Minister stated that stricter emissions standards would be implemented by 2024. Scientists at MIT have published findings on urban planning in the The Lancet journal.",0
"Market analysts say Toyota shares rose 3% after strong Q1 earnings. Market analysts say BP shares rose 0.75% after strong Q2 earnings. According to official reports, the spokesperson stated that stricter emissions standards would be implemented by next fiscal year.",0
World leaders gathered in Tokyo to discuss genomic research at the annual Security Forum. The WHO announced new guidelines following rising tensions in Brussels. An investigation by WHO found no evidence of data manipulation in the recent the regional crisis. Scientists at Oxford have published findings on AI safety in the The Lancet journal.,0
Government CAUGHT mind control experiments to control the population — whistleblower reveals ALL. BREAKING: Scientists BANNED from revealing the truth about the deep state. Share before it's deleted!,1
The Australia government approved a 3.5 billion dollar budget for education. The the oversight committee passed legislation to regulate pharmaceutical companies following last month's summit. The AP announced a formal inquiry following the regional crisis in Geneva.,0
"According to official reports, the Director General stated that stricter emissions standards would be implemented by next fiscal year. The Germany government approved a 5 billion dollar budget for defense. The the oversight committee passed legislation to regulate pharmaceutical companies following rising tensions.",0
The central bank raised interest rates by 1.2% to combat rising inflation. An investigation by AP found no evidence of fraud in the recent rising tensions.,0
"According to official reports, the Secretary of State stated that stricter emissions standards would be implemented by next fiscal year. The AP announced new guidelines following the regional crisis in Geneva.",0
George Soros CONFIRMS population control in leaked video that mainstream media is ignoring. BREAKING: Scientists BANNED from revealing the truth about the deep state. Share before it's deleted! You won't BELIEVE what the CDC is hiding about this simple herb. The cover-up is REAL. One weird trick the Deep State doesn't want you to know about vaccine microchips. It's being SUPPRESSED.,1
Scientists at Johns Hopkins have published findings on vaccine efficacy in the The Lancet journal. The central bank raised interest rates by 4% to combat rising inflation. Scientists at Johns Hopkins have published findings on vaccine efficacy in the Nature journal. The the Pentagon announced emergency measures following the regional crisis in Washington D.C..,0
An investigation by WHO found no evidence of data manipulation in the recent the economic downturn. The the regulatory body passed legislation to regulate social media platforms following rising tensions. World leaders gathered in Tokyo to discuss genomic research at the annual Security Forum. Market analysts say Toyota shares rose 3% after strong Q4 earnings.,0
a top politician CONFIRMS the great reset agenda in leaked video that mainstream media is ignoring. One weird trick the Deep State doesn't want you to know about vaccine microchips. It's being SUPPRESSED. a famous actor CONFIRMS population control in leaked video that mainstream media is ignoring. One weird trick Big Pharma doesn't want you to know about the deep state. It's being SUPPRESSED.,1
"According to official reports, the spokesperson stated that expanded healthcare access would be implemented by 2024. World leaders gathered in London to discuss genomic research at the annual Climate Conference. According to official reports, the spokesperson stated that expanded healthcare access would be implemented by next fiscal year. World leaders gathered in Geneva to discuss genomic research at the annual Security Forum.",0
This this simple herb CURES cancer in 3 days — Big Pharma doesn't want you to know! This apple cider vinegar CURES Alzheimer's in 3 days — Big Pharma doesn't want you to know! BREAKING: Scientists BANNED from revealing the truth about vaccine microchips. Share before it's deleted! One weird trick the Illuminati doesn't want you to know about lizard people. It's being SUPPRESSED.,1
"Health authorities confirmed 4,500 new cases of COVID-19 subvariant in South America. World leaders gathered in New Delhi to discuss AI safety at the annual Climate Conference. Scientists at Stanford have published findings on vaccine efficacy in the Nature journal.",0
BREAKING: Scientists BANNED from revealing the truth about vaccine microchips. Share before it's deleted! ALIEN structures discovered on the Arctic. NASA is covering it up. See the proof here!,1
You won't BELIEVE what the Illuminati is hiding about this simple herb. The cover-up is REAL. You won't BELIEVE what the government is hiding about this ancient remedy. The cover-up is REAL.,1
"According to official reports, the Secretary of State stated that the new trade agreement would be implemented by 2024. The central bank raised interest rates by 0.75% to combat rising inflation. Health authorities confirmed 4,500 new cases of measles in South America. Health authorities confirmed 340 new cases of dengue fever in sub-Saharan Africa.",0
The Senate passed legislation to regulate social media platforms following the regional crisis. An investigation by NASA found no evidence of bias in the recent the economic downturn.,0
Market analysts say Apple shares rose 1.2% after strong Q2 earnings. The Senate passed legislation to regulate financial institutions following the economic downturn.,0
The Parliament passed legislation to regulate pharmaceutical companies following rising tensions. An investigation by United Nations found no evidence of fraud in the recent rising tensions. Health authorities confirmed 340 new cases of COVID-19 subvariant in sub-Saharan Africa. Health authorities confirmed 78 new cases of measles in Southeast Asia.,0
The Parliament passed legislation to regulate financial institutions following rising tensions. The Australia government approved a 1.2 billion dollar budget for infrastructure.,0
The Canada government approved a 5 billion dollar budget for education. The WHO announced financial aid following rising tensions in Washington D.C.. World leaders gathered in Washington D.C. to discuss genomic research at the annual Economic Forum.,0
The the Federal Reserve announced financial aid following the regional crisis in Brussels. Market analysts say BP shares rose 0.75% after strong Q2 earnings.,0
An investigation by the Federal Reserve found no evidence of misconduct in the recent last month's summit. World leaders gathered in London to discuss genomic research at the annual Climate Conference. The the oversight committee passed legislation to regulate pharmaceutical companies following the regional crisis. The central bank raised interest rates by 2.5% to combat rising inflation.,0
The Parliament passed legislation to regulate social media platforms following last month's summit. Health authorities confirmed 340 new cases of COVID-19 subvariant in Southeast Asia. Market analysts say Goldman Sachs shares rose 1.2% after strong Q4 earnings.,0
SHOCKING: a top politician EXPOSED for secretly funding global warming hoax — the media won't tell you! a famous actor CONFIRMS population control in leaked video that mainstream media is ignoring.,1
"The WHO announced emergency measures following the economic downturn in Washington D.C.. According to official reports, the Prime Minister stated that stricter emissions standards would be implemented by 2025. World leaders gathered in Tokyo to discuss genomic research at the annual G20 Summit.",0
ALIEN structures discovered on the Moon. NASA is covering it up. See the proof here! You won't BELIEVE what the Illuminati is hiding about this simple herb. The cover-up is REAL. The REAL reason the 2020 election happened will make your blood boil. They lied to us again. One weird trick the government doesn't want you to know about the flat earth. It's being SUPPRESSED.,1
You won't BELIEVE what the Deep State is hiding about black seed oil. The cover-up is REAL. SHOCKING: George Soros EXPOSED for secretly microchipping citizens — the media won't tell you! SHOCKING: a famous actor EXPOSED for secretly poisoning the water supply — the media won't tell you!,1
World leaders gathered in London to discuss vaccine efficacy at the annual G20 Summit. An investigation by Reuters found no evidence of fraud in the recent last month's summit. The central bank raised interest rates by 4% to combat rising inflation. Scientists at Cambridge have published findings on vaccine efficacy in the The Lancet journal.,0
The central bank raised interest rates by 0.75% to combat rising inflation. Scientists at Cambridge have published findings on climate change in the Nature journal. The Parliament passed legislation to regulate social media platforms following the economic downturn.,0
The Germany government approved a 0.8 billion dollar budget for renewable energy. Scientists at MIT have published findings on vaccine efficacy in the Nature journal. Market analysts say Goldman Sachs shares rose 4% after strong Q4 earnings. Health authorities confirmed 78 new cases of influenza A in Southeast Asia.,0
One weird trick the government doesn't want you to know about lizard people. It's being SUPPRESSED. URGENT: Forward this to everyone — the government is planning population control by before the election. ALIEN structures discovered on the Arctic. NASA is covering it up. See the proof here!,1
Health authorities confirmed 340 new cases of COVID-19 subvariant in Western Europe. The the oversight committee passed legislation to regulate social media platforms following rising tensions. The Australia government approved a 20 billion dollar budget for education.,0
Market analysts say Toyota shares rose 1.2% after strong Q2 earnings. An investigation by United Nations found no evidence of bias in the recent rising tensions.,0
World leaders gathered in Geneva to discuss vaccine efficacy at the annual G20 Summit. The India government approved a 5 billion dollar budget for education. Market analysts say Samsung shares rose 1.2% after strong Q1 earnings. The India government approved a 3.5 billion dollar budget for defense.,0
The NASA announced financial aid following the economic downturn in Tokyo. The central bank raised interest rates by 0.75% to combat rising inflation.,0
The United Nations announced new guidelines following rising tensions in Washington D.C.. The the Federal Reserve announced financial aid following the economic downturn in New Delhi.,0
The AP announced new guidelines following rising tensions in Tokyo. World leaders gathered in Brussels to discuss climate change at the annual G20 Summit. The Senate passed legislation to regulate financial institutions following the economic downturn. An investigation by Reuters found no evidence of fraud in the recent the regional crisis.,0
Government CAUGHT funding global warming hoax to control the population — whistleblower reveals ALL. You won't BELIEVE what the government is hiding about black seed oil. The cover-up is REAL.,1
You won't BELIEVE what the Illuminati is hiding about black seed oil. The cover-up is REAL. a top politician CONFIRMS the great reset agenda in leaked video that mainstream media is ignoring. The REAL reason 9/11 happened will make your blood boil. They lied to us again.,1
The REAL reason 9/11 happened will make your blood boil. They lied to us again. You won't BELIEVE what the CDC is hiding about this simple herb. The cover-up is REAL.,1
George Soros CONFIRMS the great reset agenda in leaked video that mainstream media is ignoring. One weird trick the Illuminati doesn't want you to know about the flat earth. It's being SUPPRESSED. This apple cider vinegar CURES autism in 10 days — Big Pharma doesn't want you to know! One weird trick the Deep State doesn't want you to know about 5G towers. It's being SUPPRESSED.,1
URGENT: Forward this to everyone — the Illuminati is planning population control by 2025. You won't BELIEVE what the CDC is hiding about black seed oil. The cover-up is REAL.,1
"World leaders gathered in Tokyo to discuss AI safety at the annual Economic Forum. Scientists at Johns Hopkins have published findings on AI safety in the Science journal. The central bank raised interest rates by 4% to combat rising inflation. Health authorities confirmed 1,200 new cases of COVID-19 subvariant in sub-Saharan Africa.",0
URGENT: Forward this to everyone — the CDC is planning the New World Order plan by this year. SHOCKING: the elite EXPOSED for secretly funding global warming hoax — the media won't tell you! URGENT: Forward this to everyone — Big Pharma is planning the great reset agenda by this year.,1
World leaders gathered in London to discuss urban planning at the annual Security Forum. The Germany government approved a 3.5 billion dollar budget for defense.,0
You won't BELIEVE what Big Pharma is hiding about this simple herb. The cover-up is REAL. ALIEN structures discovered on the Arctic. NASA is covering it up. See the proof here! This this ancient remedy CURES Alzheimer's in 10 days — Big Pharma doesn't want you to know! ALIEN structures discovered on Antarctica. NASA is covering it up. See the proof here!,1
The REAL reason the 2020 election happened will make your blood boil. They lied to us again. Bill Gates CONFIRMS the great reset agenda in leaked video that mainstream media is ignoring. BREAKING: Scientists BANNED from revealing the truth about chemtrails. Share before it's deleted!,1
"According to official reports, the Prime Minister stated that expanded healthcare access would be implemented by 2024. The central bank raised interest rates by 2.5% to combat rising inflation.",0
SHOCKING: a famous actor EXPOSED for secretly funding global warming hoax — the media won't tell you! This this simple herb CURES COVID in 3 days — Big Pharma doesn't want you to know! You won't BELIEVE what the CDC is hiding about this ancient remedy. The cover-up is REAL. Bill Gates CONFIRMS population control in leaked video that mainstream media is ignoring.,1
This black seed oil CURES autism in 10 days — Big Pharma doesn't want you to know! BREAKING: Scientists BANNED from revealing the truth about 5G towers. Share before it's deleted!,1
"The the Federal Reserve announced emergency measures following last month's summit in Brussels. Scientists at Cambridge have published findings on vaccine efficacy in the Science journal. Health authorities confirmed 4,500 new cases of measles in South America. Scientists at Johns Hopkins have published findings on urban planning in the Science journal.",0
World leaders gathered in Washington D.C. to discuss urban planning at the annual G20 Summit. Health authorities confirmed 340 new cases of influenza A in Western Europe. An investigation by the Pentagon found no evidence of data manipulation in the recent the economic downturn.,0
BREAKING: Scientists BANNED from revealing the truth about vaccine microchips. Share before it's deleted! This this simple herb CURES diabetes in 10 days — Big Pharma doesn't want you to know!,1
George Soros CONFIRMS the great reset agenda in leaked video that mainstream media is ignoring. URGENT: Forward this to everyone — the CDC is planning the great reset agenda by before the election. You won't BELIEVE what the government is hiding about this simple herb. The cover-up is REAL. URGENT: Forward this to everyone — the Deep State is planning population control by before the election.,1
ALIEN structures discovered on the Arctic. NASA is covering it up. See the proof here! Government CAUGHT microchipping citizens to control the population — whistleblower reveals ALL. SHOCKING: the elite EXPOSED for secretly microchipping citizens — the media won't tell you!,1
This apple cider vinegar CURES diabetes in 7 days — Big Pharma doesn't want you to know! Bill Gates CONFIRMS the New World Order plan in leaked video that mainstream media is ignoring.,1
The REAL reason the pandemic happened will make your blood boil. They lied to us again. ALIEN structures discovered on Mars. NASA is covering it up. See the proof here! SHOCKING: Bill Gates EXPOSED for secretly poisoning the water supply — the media won't tell you! SHOCKING: George Soros EXPOSED for secretly mind control experiments — the media won't tell you!,1
"The AP announced a formal inquiry following the regional crisis in Brussels. According to official reports, the Prime Minister stated that the new trade agreement would be implemented by 2025.",0
One weird trick Big Pharma doesn't want you to know about vaccine microchips. It's being SUPPRESSED. BREAKING: Scientists BANNED from revealing the truth about lizard people. Share before it's deleted!,1
"According to official reports, the Secretary of State stated that expanded healthcare access would be implemented by next fiscal year. Market analysts say Apple shares rose 4% after strong Q3 earnings. World leaders gathered in London to discuss vaccine efficacy at the annual G20 Summit.",0
This black seed oil CURES Alzheimer's in 7 days — Big Pharma doesn't want you to know! ALIEN structures discovered on the Moon. NASA is covering it up. See the proof here! SHOCKING: the elite EXPOSED for secretly poisoning the water supply — the media won't tell you!,1
The REAL reason 9/11 happened will make your blood boil. They lied to us again. One weird trick the Illuminati doesn't want you to know about lizard people. It's being SUPPRESSED. a top politician CONFIRMS the New World Order plan in leaked video that mainstream media is ignoring.,1
SHOCKING: George Soros EXPOSED for secretly mind control experiments — the media won't tell you! BREAKING: Scientists BANNED from revealing the truth about chemtrails. Share before it's deleted! SHOCKING: George Soros EXPOSED for secretly poisoning the water supply — the media won't tell you! URGENT: Forward this to everyone — the government is planning population control by 2025.,1
"Health authorities confirmed 1,200 new cases of influenza A in sub-Saharan Africa. An investigation by WHO found no evidence of misconduct in the recent rising tensions. World leaders gathered in London to discuss vaccine efficacy at the annual Security Forum.",0
Scientists at Stanford have published findings on genomic research in the Nature journal. The the Federal Reserve announced emergency measures following rising tensions in Washington D.C.. An investigation by Reuters found no evidence of misconduct in the recent the regional crisis. The Reuters announced financial aid following the economic downturn in New Delhi.,0
This black seed oil CURES diabetes in 7 days — Big Pharma doesn't want you to know! This apple cider vinegar CURES Alzheimer's in 7 days — Big Pharma doesn't want you to know!,1
The REAL reason the pandemic happened will make your blood boil. They lied to us again. You won't BELIEVE what the CDC is hiding about this ancient remedy. The cover-up is REAL. This this ancient remedy CURES COVID in 10 days — Big Pharma doesn't want you to know!,1
Market analysts say Samsung shares rose 3% after strong Q3 earnings. World leaders gathered in New Delhi to discuss climate change at the annual Security Forum.,0
"Health authorities confirmed 4,500 new cases of influenza A in Southeast Asia. The central bank raised interest rates by 0.75% to combat rising inflation. The AP announced financial aid following rising tensions in Washington D.C.. Health authorities confirmed 4,500 new cases of influenza A in Southeast Asia.",0
"The central bank raised interest rates by 0.75% to combat rising inflation. Market analysts say Samsung shares rose 3% after strong Q3 earnings. According to official reports, the Secretary of State stated that expanded healthcare access would be implemented by 2025. Scientists at MIT have published findings on urban planning in the Science journal.",0
The central bank raised interest rates by 4% to combat rising inflation. World leaders gathered in Washington D.C. to discuss genomic research at the annual Climate Conference.,0
"According to official reports, the Director General stated that stricter emissions standards would be implemented by next fiscal year. The central bank raised interest rates by 0.75% to combat rising inflation. The central bank raised interest rates by 1.2% to combat rising inflation.",0
The United Nations announced emergency measures following the regional crisis in Brussels. Health authorities confirmed 78 new cases of influenza A in sub-Saharan Africa.,0
Market analysts say Apple shares rose 1.2% after strong Q2 earnings. Market analysts say Samsung shares rose 1.2% after strong Q1 earnings. World leaders gathered in Washington D.C. to discuss climate change at the annual Economic Forum. The Reuters announced financial aid following the economic downturn in Brussels.,0
ALIEN structures discovered on the Arctic. NASA is covering it up. See the proof here! SHOCKING: a top politician EXPOSED for secretly mind control experiments — the media won't tell you!,1
The the oversight committee passed legislation to regulate pharmaceutical companies following the regional crisis. Scientists at MIT have published findings on urban planning in the Nature journal.,0
"According to official reports, the spokesperson stated that the new trade agreement would be implemented by 2024. World leaders gathered in London to discuss urban planning at the annual Economic Forum. Health authorities confirmed 1,200 new cases of measles in sub-Saharan Africa. World leaders gathered in Brussels to discuss genomic research at the annual Economic Forum.",0
SHOCKING: a famous actor EXPOSED for secretly microchipping citizens — the media won't tell you! This black seed oil CURES Alzheimer's in 10 days — Big Pharma doesn't want you to know! One weird trick Big Pharma doesn't want you to know about chemtrails. It's being SUPPRESSED.,1
Market analysts say Toyota shares rose 0.75% after strong Q3 earnings. The Germany government approved a 3.5 billion dollar budget for healthcare. The India government approved a 5 billion dollar budget for education. The Canada government approved a 3.5 billion dollar budget for renewable energy.,0
SHOCKING: George Soros EXPOSED for secretly microchipping citizens — the media won't tell you! Government CAUGHT funding global warming hoax to control the population — whistleblower reveals ALL. The REAL reason the pandemic happened will make your blood boil. They lied to us again. a famous actor CONFIRMS population control in leaked video that mainstream media is ignoring.,1
One weird trick the Deep State doesn't want you to know about chemtrails. It's being SUPPRESSED. ALIEN structures discovered on Antarctica. NASA is covering it up. See the proof here! BREAKING: Scientists BANNED from revealing the truth about the flat earth. Share before it's deleted!,1
Health authorities confirmed 340 new cases of influenza A in South America. The central bank raised interest rates by 4% to combat rising inflation.,0
This black seed oil CURES diabetes in 10 days — Big Pharma doesn't want you to know! URGENT: Forward this to everyone — the Illuminati is planning the New World Order plan by this year. One weird trick Big Pharma doesn't want you to know about chemtrails. It's being SUPPRESSED. The REAL reason the economic crash happened will make your blood boil. They lied to us again.,1
World leaders gathered in Brussels to discuss AI safety at the annual G20 Summit. Market analysts say BP shares rose 3% after strong Q1 earnings. Market analysts say BP shares rose 4% after strong Q3 earnings. Market analysts say Toyota shares rose 4% after strong Q2 earnings.,0
Scientists at Oxford have published findings on climate change in the Nature journal. Health authorities confirmed 78 new cases of COVID-19 subvariant in South America. World leaders gathered in Geneva to discuss AI safety at the annual Climate Conference.,0
The Senate passed legislation to regulate pharmaceutical companies following the economic downturn. The Canada government approved a 5 billion dollar budget for infrastructure. An investigation by United Nations found no evidence of bias in the recent rising tensions.,0
The REAL reason the pandemic happened will make your blood boil. They lied to us again. ALIEN structures discovered on Mars. NASA is covering it up. See the proof here! BREAKING: Scientists BANNED from revealing the truth about the deep state. Share before it's deleted! URGENT: Forward this to everyone — the Illuminati is planning the great reset agenda by this year.,1
Government CAUGHT mind control experiments to control the population — whistleblower reveals ALL. One weird trick Big Pharma doesn't want you to know about lizard people. It's being SUPPRESSED.,1
Market analysts say Toyota shares rose 4% after strong Q1 earnings. The India government approved a 20 billion dollar budget for defense. Market analysts say Apple shares rose 1.2% after strong Q4 earnings. An investigation by United Nations found no evidence of data manipulation in the recent rising tensions.,0
The The US government approved a 1.2 billion dollar budget for infrastructure. The Senate passed legislation to regulate pharmaceutical companies following last month's summit. The the oversight committee passed legislation to regulate social media platforms following the regional crisis.,0
The REAL reason the 2020 election happened will make your blood boil. They lied to us again. URGENT: Forward this to everyone — the Illuminati is planning population control by before the election. The REAL reason the 2020 election happened will make your blood boil. They lied to us again.,1
The the oversight committee passed legislation to regulate pharmaceutical companies following last month's summit. The Senate passed legislation to regulate financial institutions following rising tensions. Scientists at Cambridge have published findings on AI safety in the Nature journal.,0
Scientists at Stanford have published findings on vaccine efficacy in the Nature journal. The the Federal Reserve announced emergency measures following rising tensions in Tokyo. World leaders gathered in Tokyo to discuss climate change at the annual Climate Conference.,0
a top politician CONFIRMS the New World Order plan in leaked video that mainstream media is ignoring. ALIEN structures discovered on the Arctic. NASA is covering it up. See the proof here! Bill Gates CONFIRMS the New World Order plan in leaked video that mainstream media is ignoring. SHOCKING: a top politician EXPOSED for secretly mind control experiments — the media won't tell you!,1
"World leaders gathered in New Delhi to discuss genomic research at the annual Economic Forum. According to official reports, the Prime Minister stated that stricter emissions standards would be implemented by 2024.",0
"According to official reports, the Secretary of State stated that expanded healthcare access would be implemented by next fiscal year. Scientists at MIT have published findings on climate change in the Nature journal.",0
SHOCKING: a famous actor EXPOSED for secretly microchipping citizens — the media won't tell you! URGENT: Forward this to everyone — Big Pharma is planning the great reset agenda by before the election. Government CAUGHT poisoning the water supply to control the population — whistleblower reveals ALL. BREAKING: Scientists BANNED from revealing the truth about the flat earth. Share before it's deleted!,1
"According to official reports, the spokesperson stated that stricter emissions standards would be implemented by 2025. The Reuters announced emergency measures following last month's summit in Brussels. Scientists at Johns Hopkins have published findings on genomic research in the The Lancet journal. World leaders gathered in Geneva to discuss AI safety at the annual G20 Summit.",0
"World leaders gathered in New Delhi to discuss vaccine efficacy at the annual Climate Conference. The central bank raised interest rates by 0.75% to combat rising inflation. According to official reports, the Prime Minister stated that stricter emissions standards would be implemented by 2025.",0
Bill Gates CONFIRMS the New World Order plan in leaked video that mainstream media is ignoring. BREAKING: Scientists BANNED from revealing the truth about chemtrails. Share before it's deleted! This black seed oil CURES diabetes in 7 days — Big Pharma doesn't want you to know! ALIEN structures discovered on Antarctica. NASA is covering it up. See the proof here!,1
The Canada government approved a 0.8 billion dollar budget for defense. The Parliament passed legislation to regulate financial institutions following rising tensions. The Australia government approved a 3.5 billion dollar budget for renewable energy.,0
This black seed oil CURES diabetes in just 2 days — Big Pharma doesn't want you to know! The REAL reason the economic crash happened will make your blood boil. They lied to us again. Government CAUGHT microchipping citizens to control the population — whistleblower reveals ALL.,1
The central bank raised interest rates by 2.5% to combat rising inflation. The Parliament passed legislation to regulate pharmaceutical companies following the regional crisis. Market analysts say Toyota shares rose 1.2% after strong Q2 earnings. The Parliament passed legislation to regulate social media platforms following the economic downturn.,0
This this simple herb CURES autism in 7 days — Big Pharma doesn't want you to know! One weird trick the government doesn't want you to know about the flat earth. It's being SUPPRESSED. BREAKING: Scientists BANNED from revealing the truth about the flat earth. Share before it's deleted!,1
This black seed oil CURES diabetes in 3 days — Big Pharma doesn't want you to know! This apple cider vinegar CURES diabetes in just 2 days — Big Pharma doesn't want you to know! URGENT: Forward this to everyone — the Illuminati is planning population control by before the election. One weird trick the Deep State doesn't want you to know about lizard people. It's being SUPPRESSED.,1
This black seed oil CURES Alzheimer's in just 2 days — Big Pharma doesn't want you to know! One weird trick the government doesn't want you to know about the flat earth. It's being SUPPRESSED.,1
The REAL reason the economic crash happened will make your blood boil. They lied to us again. The REAL reason the pandemic happened will make your blood boil. They lied to us again.,1
SHOCKING: George Soros EXPOSED for secretly microchipping citizens — the media won't tell you! Government CAUGHT poisoning the water supply to control the population — whistleblower reveals ALL.,1
George Soros CONFIRMS the great reset agenda in leaked video that mainstream media is ignoring. BREAKING: Scientists BANNED from revealing the truth about vaccine microchips. Share before it's deleted! BREAKING: Scientists BANNED from revealing the truth about chemtrails. Share before it's deleted!,1
BREAKING: Scientists BANNED from revealing the truth about 5G towers. Share before it's deleted! URGENT: Forward this to everyone — Big Pharma is planning the great reset agenda by before the election.,1
The India government approved a 0.8 billion dollar budget for defense. An investigation by NASA found no evidence of misconduct in the recent last month's summit. Market analysts say Apple shares rose 3% after strong Q3 earnings.,0
This apple cider vinegar CURES diabetes in 10 days — Big Pharma doesn't want you to know! URGENT: Forward this to everyone — Big Pharma is planning population control by this year. ALIEN structures discovered on Antarctica. NASA is covering it up. See the proof here! Government CAUGHT microchipping citizens to control the population — whistleblower reveals ALL.,1
"The the oversight committee passed legislation to regulate financial institutions following the economic downturn. According to official reports, the Prime Minister stated that expanded healthcare access would be implemented by 2025. The United Nations announced new guidelines following last month's summit in Tokyo. Scientists at Oxford have published findings on climate change in the Science journal.",0
"The AP announced new guidelines following rising tensions in Washington D.C.. According to official reports, the Prime Minister stated that stricter emissions standards would be implemented by next fiscal year. The central bank raised interest rates by 4% to combat rising inflation. The AP announced financial aid following last month's summit in Brussels.",0
Scientists at MIT have published findings on vaccine efficacy in the Nature journal. Market analysts say Goldman Sachs shares rose 4% after strong Q1 earnings. The Canada government approved a 20 billion dollar budget for renewable energy.,0
the elite CONFIRMS the great reset agenda in leaked video that mainstream media is ignoring. SHOCKING: the elite EXPOSED for secretly microchipping citizens — the media won't tell you! This this ancient remedy CURES cancer in 7 days — Big Pharma doesn't want you to know!,1
This this simple herb CURES COVID in 3 days — Big Pharma doesn't want you to know! URGENT: Forward this to everyone — Big Pharma is planning the New World Order plan by 2025. SHOCKING: George Soros EXPOSED for secretly poisoning the water supply — the media won't tell you!,1
"The central bank raised interest rates by 0.75% to combat rising inflation. Health authorities confirmed 340 new cases of influenza A in sub-Saharan Africa. Scientists at Johns Hopkins have published findings on AI safety in the Nature journal. According to official reports, the Secretary of State stated that stricter emissions standards would be implemented by next fiscal year.",0
"The the Pentagon announced new guidelines following the economic downturn in London. According to official reports, the Secretary of State stated that stricter emissions standards would be implemented by 2025.",0
Government CAUGHT funding global warming hoax to control the population — whistleblower reveals ALL. ALIEN structures discovered on the Arctic. NASA is covering it up. See the proof here! SHOCKING: George Soros EXPOSED for secretly microchipping citizens — the media won't tell you! SHOCKING: Bill Gates EXPOSED for secretly mind control experiments — the media won't tell you!,1
Market analysts say Toyota shares rose 3% after strong Q2 earnings. Market analysts say Toyota shares rose 1.2% after strong Q1 earnings.,0
"World leaders gathered in Washington D.C. to discuss climate change at the annual G20 Summit. Health authorities confirmed 4,500 new cases of COVID-19 subvariant in Southeast Asia. The central bank raised interest rates by 2.5% to combat rising inflation. An investigation by NASA found no evidence of bias in the recent rising tensions.",0
The Australia government approved a 0.8 billion dollar budget for defense. Health authorities confirmed 340 new cases of dengue fever in Western Europe. World leaders gathered in Brussels to discuss vaccine efficacy at the annual G20 Summit. The Senate passed legislation to regulate financial institutions following the regional crisis.,0
"An investigation by AP found no evidence of fraud in the recent the economic downturn. The central bank raised interest rates by 4% to combat rising inflation. According to official reports, the spokesperson stated that expanded healthcare access would be implemented by next fiscal year.",0
"The central bank raised interest rates by 3% to combat rising inflation. The Germany government approved a 5 billion dollar budget for infrastructure. According to official reports, the Secretary of State stated that stricter emissions standards would be implemented by 2024.",0
Market analysts say Goldman Sachs shares rose 3% after strong Q3 earnings. The the oversight committee passed legislation to regulate financial institutions following the economic downturn. An investigation by Reuters found no evidence of misconduct in the recent rising tensions.,0
a top politician CONFIRMS the New World Order plan in leaked video that mainstream media is ignoring. the elite CONFIRMS the great reset agenda in leaked video that mainstream media is ignoring. One weird trick the Illuminati doesn't want you to know about the flat earth. It's being SUPPRESSED. Government CAUGHT mind control experiments to control the population — whistleblower reveals ALL.,1
Health authorities confirmed 340 new cases of measles in sub-Saharan Africa. The AP announced emergency measures following the regional crisis in Geneva. Health authorities confirmed 340 new cases of dengue fever in sub-Saharan Africa. World leaders gathered in Brussels to discuss urban planning at the annual Climate Conference.,0
Government CAUGHT mind control experiments to control the population — whistleblower reveals ALL. SHOCKING: Bill Gates EXPOSED for secretly funding global warming hoax — the media won't tell you! SHOCKING: Bill Gates EXPOSED for secretly microchipping citizens — the media won't tell you!,1
The NASA announced financial aid following the regional crisis in London. The Parliament passed legislation to regulate pharmaceutical companies following the regional crisis. The Parliament passed legislation to regulate social media platforms following the economic downturn.,0
Health authorities confirmed 340 new cases of measles in Western Europe. Market analysts say Goldman Sachs shares rose 4% after strong Q3 earnings. World leaders gathered in Tokyo to discuss climate change at the annual Security Forum. The central bank raised interest rates by 2.5% to combat rising inflation.,0
URGENT: Forward this to everyone — the Deep State is planning population control by before the election. One weird trick Big Pharma doesn't want you to know about vaccine microchips. It's being SUPPRESSED. Government CAUGHT microchipping citizens to control the population — whistleblower reveals ALL.,1
"Scientists at MIT have published findings on AI safety in the The Lancet journal. According to official reports, the Prime Minister stated that the new trade agreement would be implemented by 2024.",0
Health authorities confirmed 78 new cases of COVID-19 subvariant in Southeast Asia. The Parliament passed legislation to regulate pharmaceutical companies following rising tensions.,0
"According to official reports, the Director General stated that expanded healthcare access would be implemented by 2024. An investigation by United Nations found no evidence of fraud in the recent last month's summit. World leaders gathered in Geneva to discuss vaccine efficacy at the annual Economic Forum.",0
The United Nations announced emergency measures following the economic downturn in Tokyo. The Parliament passed legislation to regulate financial institutions following the economic downturn.,0
One weird trick the government doesn't want you to know about vaccine microchips. It's being SUPPRESSED. The REAL reason the pandemic happened will make your blood boil. They lied to us again.,1
The REAL reason the 2020 election happened will make your blood boil. They lied to us again. The REAL reason the economic crash happened will make your blood boil. They lied to us again.,1
The Australia government approved a 20 billion dollar budget for renewable energy. The central bank raised interest rates by 0.75% to combat rising inflation. Scientists at MIT have published findings on vaccine efficacy in the Science journal.,0
BREAKING: Scientists BANNED from revealing the truth about vaccine microchips. Share before it's deleted! The REAL reason the economic crash happened will make your blood boil. They lied to us again.,1
Scientists at Oxford have published findings on vaccine efficacy in the The Lancet journal. The Senate passed legislation to regulate financial institutions following the economic downturn. The The US government approved a 1.2 billion dollar budget for education. Market analysts say Samsung shares rose 3% after strong Q4 earnings.,0
"Market analysts say Toyota shares rose 3% after strong Q1 earnings. The WHO announced emergency measures following rising tensions in Tokyo. According to official reports, the spokesperson stated that expanded healthcare access would be implemented by 2024. An investigation by Reuters found no evidence of data manipulation in the recent the economic downturn.",0
"Market analysts say Samsung shares rose 2.5% after strong Q4 earnings. World leaders gathered in London to discuss urban planning at the annual Security Forum. The Japan government approved a 0.8 billion dollar budget for education. According to official reports, the Secretary of State stated that expanded healthcare access would be implemented by next fiscal year.",0
"The central bank raised interest rates by 4% to combat rising inflation. According to official reports, the spokesperson stated that the new trade agreement would be implemented by 2025. An investigation by NASA found no evidence of misconduct in the recent the regional crisis. Health authorities confirmed 1,200 new cases of influenza A in sub-Saharan Africa.",0
a top politician CONFIRMS the New World Order plan in leaked video that mainstream media is ignoring. Government CAUGHT microchipping citizens to control the population — whistleblower reveals ALL.,1
This apple cider vinegar CURES COVID in 7 days — Big Pharma doesn't want you to know! ALIEN structures discovered on Antarctica. NASA is covering it up. See the proof here! BREAKING: Scientists BANNED from revealing the truth about lizard people. Share before it's deleted! URGENT: Forward this to everyone — the CDC is planning population control by before the election.,1
"Health authorities confirmed 1,200 new cases of measles in South America. Health authorities confirmed 1,200 new cases of influenza A in sub-Saharan Africa. An investigation by the Pentagon found no evidence of bias in the recent the regional crisis. Scientists at Johns Hopkins have published findings on AI safety in the Nature journal.",0
Market analysts say Toyota shares rose 4% after strong Q2 earnings. The central bank raised interest rates by 4% to combat rising inflation.,0
Government CAUGHT microchipping citizens to control the population — whistleblower reveals ALL. The REAL reason 9/11 happened will make your blood boil. They lied to us again. SHOCKING: George Soros EXPOSED for secretly funding global warming hoax — the media won't tell you!,1
World leaders gathered in Geneva to discuss urban planning at the annual Security Forum. Market analysts say Toyota shares rose 1.2% after strong Q3 earnings.,0
World leaders gathered in Geneva to discuss climate change at the annual G20 Summit. The central bank raised interest rates by 4% to combat rising inflation. The the Pentagon announced financial aid following rising tensions in Tokyo.,0
"The central bank raised interest rates by 4% to combat rising inflation. According to official reports, the Director General stated that stricter emissions standards would be implemented by next fiscal year. According to official reports, the Director General stated that the new trade agreement would be implemented by next fiscal year.",0
The REAL reason 9/11 happened will make your blood boil. They lied to us again. This this ancient remedy CURES autism in just 2 days — Big Pharma doesn't want you to know! ALIEN structures discovered on Antarctica. NASA is covering it up. See the proof here!,1
BREAKING: Scientists BANNED from revealing the truth about vaccine microchips. Share before it's deleted! SHOCKING: a famous actor EXPOSED for secretly poisoning the water supply — the media won't tell you! BREAKING: Scientists BANNED from revealing the truth about the flat earth. Share before it's deleted! ALIEN structures discovered on Mars. NASA is covering it up. See the proof here!,1
"The Parliament passed legislation to regulate pharmaceutical companies following last month's summit. The central bank raised interest rates by 0.75% to combat rising inflation. According to official reports, the Prime Minister stated that expanded healthcare access would be implemented by 2024.",0
The central bank raised interest rates by 1.2% to combat rising inflation. The Canada government approved a 3.5 billion dollar budget for defense.,0
One weird trick Big Pharma doesn't want you to know about the flat earth. It's being SUPPRESSED. BREAKING: Scientists BANNED from revealing the truth about the flat earth. Share before it's deleted!,1
The the regulatory body passed legislation to regulate financial institutions following the economic downturn. The The US government approved a 0.8 billion dollar budget for healthcare. The Germany government approved a 5 billion dollar budget for education.,0
SHOCKING: a top politician EXPOSED for secretly mind control experiments — the media won't tell you! One weird trick the government doesn't want you to know about the deep state. It's being SUPPRESSED.,1
An investigation by WHO found no evidence of fraud in the recent last month's summit. Market analysts say Samsung shares rose 3% after strong Q4 earnings. An investigation by AP found no evidence of bias in the recent the economic downturn.,0
You won't BELIEVE what the CDC is hiding about black seed oil. The cover-up is REAL. URGENT: Forward this to everyone — the Illuminati is planning the New World Order plan by 2025.,1
This this ancient remedy CURES autism in just 2 days — Big Pharma doesn't want you to know! One weird trick the Deep State doesn't want you to know about 5G towers. It's being SUPPRESSED. the elite CONFIRMS the great reset agenda in leaked video that mainstream media is ignoring. SHOCKING: Bill Gates EXPOSED for secretly poisoning the water supply — the media won't tell you!,1
Government CAUGHT poisoning the water supply to control the population — whistleblower reveals ALL. This apple cider vinegar CURES autism in 3 days — Big Pharma doesn't want you to know!,1
An investigation by United Nations found no evidence of misconduct in the recent rising tensions. An investigation by the Pentagon found no evidence of data manipulation in the recent rising tensions.,0
World leaders gathered in Geneva to discuss AI safety at the annual Climate Conference. The United Nations announced a formal inquiry following the regional crisis in London.,0
"Market analysts say Goldman Sachs shares rose 2.5% after strong Q2 earnings. According to official reports, the Prime Minister stated that stricter emissions standards would be implemented by next fiscal year. World leaders gathered in Washington D.C. to discuss climate change at the annual G20 Summit.",0
Scientists at Stanford have published findings on genomic research in the Nature journal. Scientists at Stanford have published findings on urban planning in the Science journal.,0
Market analysts say Goldman Sachs shares rose 0.75% after strong Q3 earnings. The the Pentagon announced emergency measures following last month's summit in New Delhi. The central bank raised interest rates by 4% to combat rising inflation.,0
BREAKING: Scientists BANNED from revealing the truth about vaccine microchips. Share before it's deleted! One weird trick the Deep State doesn't want you to know about vaccine microchips. It's being SUPPRESSED. The REAL reason the 2020 election happened will make your blood boil. They lied to us again. One weird trick the Illuminati doesn't want you to know about 5G towers. It's being SUPPRESSED.,1
Government CAUGHT poisoning the water supply to control the population — whistleblower reveals ALL. The REAL reason 9/11 happened will make your blood boil. They lied to us again. This this simple herb CURES cancer in 7 days — Big Pharma doesn't want you to know! One weird trick the CDC doesn't want you to know about vaccine microchips. It's being SUPPRESSED.,1
ALIEN structures discovered on the Arctic. NASA is covering it up. See the proof here! Government CAUGHT funding global warming hoax to control the population — whistleblower reveals ALL.,1
URGENT: Forward this to everyone — the CDC is planning the New World Order plan by 2025. One weird trick Big Pharma doesn't want you to know about vaccine microchips. It's being SUPPRESSED. URGENT: Forward this to everyone — the CDC is planning the great reset agenda by 2025.,1
ALIEN structures discovered on the Arctic. NASA is covering it up. See the proof here! Government CAUGHT poisoning the water supply to control the population — whistleblower reveals ALL.,1
"Health authorities confirmed 4,500 new cases of influenza A in Southeast Asia. According to official reports, the Director General stated that the new trade agreement would be implemented by 2024. Scientists at Cambridge have published findings on genomic research in the The Lancet journal. According to official reports, the Secretary of State stated that stricter emissions standards would be implemented by next fiscal year.",0
This apple cider vinegar CURES COVID in 3 days — Big Pharma doesn't want you to know! This this simple herb CURES autism in 3 days — Big Pharma doesn't want you to know! George Soros CONFIRMS population control in leaked video that mainstream media is ignoring.,1
The Japan government approved a 3.5 billion dollar budget for education. The central bank raised interest rates by 4% to combat rising inflation.,0
The REAL reason the pandemic happened will make your blood boil. They lied to us again. You won't BELIEVE what the government is hiding about this simple herb. The cover-up is REAL. the elite CONFIRMS population control in leaked video that mainstream media is ignoring. This this simple herb CURES autism in just 2 days — Big Pharma doesn't want you to know!,1
"Health authorities confirmed 340 new cases of COVID-19 subvariant in Western Europe. The Australia government approved a 3.5 billion dollar budget for healthcare. Health authorities confirmed 4,500 new cases of influenza A in sub-Saharan Africa.",0
"According to official reports, the Director General stated that expanded healthcare access would be implemented by 2025. Health authorities confirmed 4,500 new cases of measles in South America.",0
ALIEN structures discovered on Mars. NASA is covering it up. See the proof here! a famous actor CONFIRMS the New World Order plan in leaked video that mainstream media is ignoring.,1
This apple cider vinegar CURES diabetes in 10 days — Big Pharma doesn't want you to know! The REAL reason the pandemic happened will make your blood boil. They lied to us again.,1
Market analysts say Apple shares rose 2.5% after strong Q1 earnings. The central bank raised interest rates by 0.75% to combat rising inflation.,0
The the regulatory body passed legislation to regulate pharmaceutical companies following the regional crisis. Market analysts say Toyota shares rose 4% after strong Q4 earnings. The Senate passed legislation to regulate social media platforms following last month's summit.,0
"According to official reports, the Director General stated that expanded healthcare access would be implemented by next fiscal year. The central bank raised interest rates by 0.75% to combat rising inflation. The The US government approved a 1.2 billion dollar budget for renewable energy.",0
ALIEN structures discovered on Mars. NASA is covering it up. See the proof here! SHOCKING: Bill Gates EXPOSED for secretly poisoning the water supply — the media won't tell you!,1
The Reuters announced new guidelines following last month's summit in Geneva. Market analysts say Goldman Sachs shares rose 2.5% after strong Q4 earnings. The central bank raised interest rates by 3% to combat rising inflation.,0
BREAKING: Scientists BANNED from revealing the truth about vaccine microchips. Share before it's deleted! ALIEN structures discovered on Mars. NASA is covering it up. See the proof here!,1
World leaders gathered in London to discuss genomic research at the annual Security Forum. An investigation by the Pentagon found no evidence of data manipulation in the recent the regional crisis. Scientists at Johns Hopkins have published findings on urban planning in the Science journal.,0
The the regulatory body passed legislation to regulate financial institutions following the economic downturn. Scientists at Oxford have published findings on climate change in the Nature journal. Market analysts say BP shares rose 4% after strong Q3 earnings.,0
"The Parliament passed legislation to regulate financial institutions following rising tensions. Scientists at Cambridge have published findings on urban planning in the Science journal. According to official reports, the Prime Minister stated that the new trade agreement would be implemented by next fiscal year. An investigation by the Pentagon found no evidence of misconduct in the recent last month's summit.",0
BREAKING: Scientists BANNED from revealing the truth about chemtrails. Share before it's deleted! URGENT: Forward this to everyone — Big Pharma is planning population control by before the election. One weird trick the Illuminati doesn't want you to know about 5G towers. It's being SUPPRESSED. The REAL reason the 2020 election happened will make your blood boil. They lied to us again.,1
Government CAUGHT mind control experiments to control the population — whistleblower reveals ALL. You won't BELIEVE what the Deep State is hiding about this ancient remedy. The cover-up is REAL. George Soros CONFIRMS the New World Order plan in leaked video that mainstream media is ignoring. One weird trick the government doesn't want you to know about 5G towers. It's being SUPPRESSED.,1
Health authorities confirmed 78 new cases of COVID-19 subvariant in sub-Saharan Africa. The Canada government approved a 1.2 billion dollar budget for defense. The the regulatory body passed legislation to regulate social media platforms following the economic downturn.,0
The central bank raised interest rates by 4% to combat rising inflation. The the Federal Reserve announced new guidelines following the regional crisis in Brussels. The AP announced financial aid following the regional crisis in Geneva.,0
One weird trick Big Pharma doesn't want you to know about vaccine microchips. It's being SUPPRESSED. ALIEN structures discovered on Antarctica. NASA is covering it up. See the proof here!,1
One weird trick the Deep State doesn't want you to know about lizard people. It's being SUPPRESSED. BREAKING: Scientists BANNED from revealing the truth about vaccine microchips. Share before it's deleted! You won't BELIEVE what the Deep State is hiding about black seed oil. The cover-up is REAL.,1
The central bank raised interest rates by 4% to combat rising inflation. World leaders gathered in Brussels to discuss climate change at the annual G20 Summit. The central bank raised interest rates by 4% to combat rising inflation.,0
a famous actor CONFIRMS the great reset agenda in leaked video that mainstream media is ignoring. Government CAUGHT funding global warming hoax to control the population — whistleblower reveals ALL. One weird trick the Illuminati doesn't want you to know about the flat earth. It's being SUPPRESSED.,1
SHOCKING: Bill Gates EXPOSED for secretly poisoning the water supply — the media won't tell you! This this simple herb CURES Alzheimer's in 3 days — Big Pharma doesn't want you to know! The REAL reason the economic crash happened will make your blood boil. They lied to us again. Government CAUGHT microchipping citizens to control the population — whistleblower reveals ALL.,1
Government CAUGHT microchipping citizens to control the population — whistleblower reveals ALL. SHOCKING: the elite EXPOSED for secretly poisoning the water supply — the media won't tell you! BREAKING: Scientists BANNED from revealing the truth about chemtrails. Share before it's deleted!,1
the elite CONFIRMS population control in leaked video that mainstream media is ignoring. Government CAUGHT mind control experiments to control the population — whistleblower reveals ALL. One weird trick the CDC doesn't want you to know about chemtrails. It's being SUPPRESSED. The REAL reason the 2020 election happened will make your blood boil. They lied to us again.,1
One weird trick Big Pharma doesn't want you to know about chemtrails. It's being SUPPRESSED. SHOCKING: the elite EXPOSED for secretly poisoning the water supply — the media won't tell you! BREAKING: Scientists BANNED from revealing the truth about the deep state. Share before it's deleted!,1
SHOCKING: Bill Gates EXPOSED for secretly microchipping citizens — the media won't tell you! BREAKING: Scientists BANNED from revealing the truth about lizard people. Share before it's deleted! Government CAUGHT funding global warming hoax to control the population — whistleblower reveals ALL.,1
"According to official reports, the spokesperson stated that the new trade agreement would be implemented by next fiscal year. Scientists at Oxford have published findings on vaccine efficacy in the Science journal.",0
The the Pentagon announced financial aid following last month's summit in Brussels. Scientists at MIT have published findings on urban planning in the Science journal. The The US government approved a 1.2 billion dollar budget for renewable energy.,0
"Scientists at Stanford have published findings on urban planning in the Science journal. Health authorities confirmed 78 new cases of measles in sub-Saharan Africa. The central bank raised interest rates by 4% to combat rising inflation. According to official reports, the Prime Minister stated that expanded healthcare access would be implemented by 2024.",0
ALIEN structures discovered on the Arctic. NASA is covering it up. See the proof here! BREAKING: Scientists BANNED from revealing the truth about the deep state. Share before it's deleted!,1
SHOCKING: George Soros EXPOSED for secretly poisoning the water supply — the media won't tell you! a famous actor CONFIRMS population control in leaked video that mainstream media is ignoring.,1
One weird trick the CDC doesn't want you to know about the flat earth. It's being SUPPRESSED. Government CAUGHT microchipping citizens to control the population — whistleblower reveals ALL. Government CAUGHT poisoning the water supply to control the population — whistleblower reveals ALL. BREAKING: Scientists BANNED from revealing the truth about the deep state. Share before it's deleted!,1
URGENT: Forward this to everyone — the Deep State is planning the New World Order plan by before the election. Government CAUGHT poisoning the water supply to control the population — whistleblower reveals ALL.,1
One weird trick the CDC doesn't want you to know about the deep state. It's being SUPPRESSED. You won't BELIEVE what the CDC is hiding about this simple herb. The cover-up is REAL. SHOCKING: the elite EXPOSED for secretly microchipping citizens — the media won't tell you!,1
The Senate passed legislation to regulate social media platforms following rising tensions. The Reuters announced emergency measures following the economic downturn in Brussels. The WHO announced new guidelines following rising tensions in Tokyo. The AP announced a formal inquiry following the economic downturn in Washington D.C..,0
The central bank raised interest rates by 0.75% to combat rising inflation. The central bank raised interest rates by 1.2% to combat rising inflation.,0
The central bank raised interest rates by 0.75% to combat rising inflation. Market analysts say Apple shares rose 4% after strong Q3 earnings. World leaders gathered in New Delhi to discuss AI safety at the annual Security Forum.,0
a famous actor CONFIRMS the New World Order plan in leaked video that mainstream media is ignoring. The REAL reason the 2020 election happened will make your blood boil. They lied to us again. SHOCKING: the elite EXPOSED for secretly poisoning the water supply — the media won't tell you! BREAKING: Scientists BANNED from revealing the truth about the flat earth. Share before it's deleted!,1
The the regulatory body passed legislation to regulate social media platforms following the regional crisis. Scientists at Oxford have published findings on urban planning in the Nature journal. The Canada government approved a 3.5 billion dollar budget for education.,0
Health authorities confirmed 340 new cases of influenza A in Western Europe. Scientists at Johns Hopkins have published findings on vaccine efficacy in the Nature journal. An investigation by United Nations found no evidence of data manipulation in the recent the regional crisis. Scientists at Oxford have published findings on climate change in the Science journal.,0
"Market analysts say Toyota shares rose 3% after strong Q2 earnings. Health authorities confirmed 1,200 new cases of COVID-19 subvariant in Southeast Asia.",0
The REAL reason 9/11 happened will make your blood boil. They lied to us again. ALIEN structures discovered on the Moon. NASA is covering it up. See the proof here! You won't BELIEVE what the government is hiding about apple cider vinegar. The cover-up is REAL.,1
Government CAUGHT microchipping citizens to control the population — whistleblower reveals ALL. This black seed oil CURES Alzheimer's in 10 days — Big Pharma doesn't want you to know!,1
ALIEN structures discovered on the Moon. NASA is covering it up. See the proof here! You won't BELIEVE what the Deep State is hiding about this ancient remedy. The cover-up is REAL. One weird trick Big Pharma doesn't want you to know about the deep state. It's being SUPPRESSED.,1
URGENT: Forward this to everyone — Big Pharma is planning the great reset agenda by this year. One weird trick Big Pharma doesn't want you to know about chemtrails. It's being SUPPRESSED.,1
SHOCKING: the elite EXPOSED for secretly funding global warming hoax — the media won't tell you! URGENT: Forward this to everyone — the Deep State is planning the great reset agenda by 2025.,1
"An investigation by Reuters found no evidence of fraud in the recent the regional crisis. According to official reports, the Prime Minister stated that the new trade agreement would be implemented by 2024. Market analysts say Goldman Sachs shares rose 2.5% after strong Q2 earnings.",0
Scientists at Johns Hopkins have published findings on urban planning in the Science journal. Market analysts say BP shares rose 4% after strong Q4 earnings. The Canada government approved a 5 billion dollar budget for defense.,0
"According to official reports, the Prime Minister stated that expanded healthcare access would be implemented by 2025. The central bank raised interest rates by 2.5% to combat rising inflation. The Australia government approved a 3.5 billion dollar budget for renewable energy. Health authorities confirmed 4,500 new cases of measles in South America.",0
One weird trick the Illuminati doesn't want you to know about lizard people. It's being SUPPRESSED. Government CAUGHT microchipping citizens to control the population — whistleblower reveals ALL. You won't BELIEVE what the Deep State is hiding about apple cider vinegar. The cover-up is REAL.,1
"According to official reports, the Prime Minister stated that stricter emissions standards would be implemented by next fiscal year. According to official reports, the Secretary of State stated that expanded healthcare access would be implemented by next fiscal year.",0
One weird trick the Deep State doesn't want you to know about the deep state. It's being SUPPRESSED. Government CAUGHT funding global warming hoax to control the population — whistleblower reveals ALL. SHOCKING: a famous actor EXPOSED for secretly mind control experiments — the media won't tell you! a famous actor CONFIRMS population control in leaked video that mainstream media is ignoring.,1
SHOCKING: a famous actor EXPOSED for secretly microchipping citizens — the media won't tell you! This this simple herb CURES cancer in 3 days — Big Pharma doesn't want you to know! the elite CONFIRMS the great reset agenda in leaked video that mainstream media is ignoring.,1
ALIEN structures discovered on Antarctica. NASA is covering it up. See the proof here! This apple cider vinegar CURES diabetes in just 2 days — Big Pharma doesn't want you to know!,1
"Health authorities confirmed 1,200 new cases of measles in Western Europe. The Senate passed legislation to regulate financial institutions following rising tensions. Scientists at MIT have published findings on urban planning in the The Lancet journal. World leaders gathered in Geneva to discuss genomic research at the annual Economic Forum.",0
You won't BELIEVE what the Deep State is hiding about this simple herb. The cover-up is REAL. ALIEN structures discovered on the Moon. NASA is covering it up. See the proof here! One weird trick the Deep State doesn't want you to know about chemtrails. It's being SUPPRESSED. ALIEN structures discovered on the Moon. NASA is covering it up. See the proof here!,1
ALIEN structures discovered on the Moon. NASA is covering it up. See the proof here! SHOCKING: Bill Gates EXPOSED for secretly mind control experiments — the media won't tell you!,1
ALIEN structures discovered on Antarctica. NASA is covering it up. See the proof here! One weird trick the Deep State doesn't want you to know about 5G towers. It's being SUPPRESSED. Government CAUGHT microchipping citizens to control the population — whistleblower reveals ALL.,1
ALIEN structures discovered on the Moon. NASA is covering it up. See the proof here! One weird trick the Illuminati doesn't want you to know about the flat earth. It's being SUPPRESSED.,1
This this simple herb CURES COVID in just 2 days — Big Pharma doesn't want you to know! BREAKING: Scientists BANNED from revealing the truth about chemtrails. Share before it's deleted!,1
The Germany government approved a 5 billion dollar budget for healthcare. Market analysts say Goldman Sachs shares rose 2.5% after strong Q3 earnings.,0
SHOCKING: George Soros EXPOSED for secretly microchipping citizens — the media won't tell you! Bill Gates CONFIRMS the New World Order plan in leaked video that mainstream media is ignoring.,1
the elite CONFIRMS the great reset agenda in leaked video that mainstream media is ignoring. URGENT: Forward this to everyone — the Illuminati is planning population control by before the election.,1
World leaders gathered in Brussels to discuss AI safety at the annual G20 Summit. Market analysts say BP shares rose 1.2% after strong Q3 earnings. The WHO announced a formal inquiry following the regional crisis in New Delhi. An investigation by NASA found no evidence of bias in the recent rising tensions.,0
Bill Gates CONFIRMS the great reset agenda in leaked video that mainstream media is ignoring. URGENT: Forward this to everyone — the CDC is planning the New World Order plan by 2025.,1
"According to official reports, the spokesperson stated that the new trade agreement would be implemented by 2024. Health authorities confirmed 4,500 new cases of dengue fever in Southeast Asia. The Canada government approved a 3.5 billion dollar budget for education.",0
URGENT: Forward this to everyone — the CDC is planning the great reset agenda by 2025. ALIEN structures discovered on Mars. NASA is covering it up. See the proof here! Government CAUGHT mind control experiments to control the population — whistleblower reveals ALL. ALIEN structures discovered on Antarctica. NASA is covering it up. See the proof here!,1
URGENT: Forward this to everyone — the government is planning population control by 2025. This this simple herb CURES diabetes in just 2 days — Big Pharma doesn't want you to know!,1
BREAKING: Scientists BANNED from revealing the truth about chemtrails. Share before it's deleted! URGENT: Forward this to everyone — the government is planning the New World Order plan by before the election.,1
Scientists at Cambridge have published findings on urban planning in the The Lancet journal. An investigation by AP found no evidence of bias in the recent the regional crisis.,0
The Australia government approved a 20 billion dollar budget for infrastructure. World leaders gathered in New Delhi to discuss climate change at the annual G20 Summit. World leaders gathered in Geneva to discuss climate change at the annual Economic Forum. World leaders gathered in Geneva to discuss AI safety at the annual G20 Summit.,0
BREAKING: Scientists BANNED from revealing the truth about vaccine microchips. Share before it's deleted! This apple cider vinegar CURES autism in 3 days — Big Pharma doesn't want you to know! You won't BELIEVE what the CDC is hiding about black seed oil. The cover-up is REAL.,1
The Germany government approved a 5 billion dollar budget for healthcare. Market analysts say BP shares rose 0.75% after strong Q1 earnings. The the Pentagon announced a formal inquiry following the economic downturn in London. Market analysts say Samsung shares rose 3% after strong Q1 earnings.,0
Health authorities confirmed 78 new cases of influenza A in South America. World leaders gathered in Geneva to discuss urban planning at the annual Security Forum. Market analysts say BP shares rose 4% after strong Q3 earnings.,0
Government CAUGHT mind control experiments to control the population — whistleblower reveals ALL. a top politician CONFIRMS population control in leaked video that mainstream media is ignoring.,1
The the Pentagon announced a formal inquiry following the regional crisis in Geneva. World leaders gathered in New Delhi to discuss urban planning at the annual Security Forum. World leaders gathered in London to discuss urban planning at the annual Climate Conference.,0
BREAKING: Scientists BANNED from revealing the truth about the deep state. Share before it's deleted! ALIEN structures discovered on Antarctica. NASA is covering it up. See the proof here! ALIEN structures discovered on the Moon. NASA is covering it up. See the proof here! One weird trick Big Pharma doesn't want you to know about lizard people. It's being SUPPRESSED.,1
Government CAUGHT mind control experiments to control the population — whistleblower reveals ALL. BREAKING: Scientists BANNED from revealing the truth about the deep state. Share before it's deleted! Government CAUGHT funding global warming hoax to control the population — whistleblower reveals ALL. BREAKING: Scientists BANNED from revealing the truth about the flat earth. Share before it's deleted!,1
"The WHO announced financial aid following the economic downturn in Washington D.C.. Market analysts say Samsung shares rose 0.75% after strong Q1 earnings. According to official reports, the Secretary of State stated that expanded healthcare access would be implemented by 2025. An investigation by Reuters found no evidence of misconduct in the recent rising tensions.",0
"According to official reports, the Secretary of State stated that the new trade agreement would be implemented by 2024. The the Pentagon announced emergency measures following the economic downturn in Tokyo. World leaders gathered in New Delhi to discuss urban planning at the annual Security Forum. Health authorities confirmed 340 new cases of dengue fever in Western Europe.",0
Market analysts say Samsung shares rose 1.2% after strong Q2 earnings. Scientists at Oxford have published findings on genomic research in the The Lancet journal.,0
The central bank raised interest rates by 3% to combat rising inflation. Market analysts say Samsung shares rose 0.75% after strong Q3 earnings. Market analysts say BP shares rose 3% after strong Q4 earnings. The The US government approved a 5 billion dollar budget for education.,0
"The central bank raised interest rates by 2.5% to combat rising inflation. The the oversight committee passed legislation to regulate pharmaceutical companies following the regional crisis. Health authorities confirmed 4,500 new cases of dengue fever in Western Europe. The WHO announced emergency measures following the regional crisis in Washington D.C..",0
BREAKING: Scientists BANNED from revealing the truth about chemtrails. Share before it's deleted! ALIEN structures discovered on Mars. NASA is covering it up. See the proof here! the elite CONFIRMS the great reset agenda in leaked video that mainstream media is ignoring. The REAL reason 9/11 happened will make your blood boil. They lied to us again.,1
"An investigation by Reuters found no evidence of fraud in the recent rising tensions. Health authorities confirmed 4,500 new cases of COVID-19 subvariant in South America.",0
"Scientists at Oxford have published findings on urban planning in the The Lancet journal. The United Nations announced financial aid following rising tensions in London. According to official reports, the Director General stated that expanded healthcare access would be implemented by 2024.",0
This this simple herb CURES COVID in 3 days — Big Pharma doesn't want you to know! Government CAUGHT mind control experiments to control the population — whistleblower reveals ALL.,1
Health authorities confirmed 340 new cases of dengue fever in Southeast Asia. The NASA announced financial aid following last month's summit in Brussels. Scientists at Oxford have published findings on vaccine efficacy in the The Lancet journal. Health authorities confirmed 340 new cases of dengue fever in sub-Saharan Africa.,0
"According to official reports, the Secretary of State stated that expanded healthcare access would be implemented by 2025. Health authorities confirmed 4,500 new cases of measles in Southeast Asia. An investigation by NASA found no evidence of misconduct in the recent rising tensions. The Canada government approved a 0.8 billion dollar budget for renewable energy.",0
BREAKING: Scientists BANNED from revealing the truth about the deep state. Share before it's deleted! Government CAUGHT poisoning the water supply to control the population — whistleblower reveals ALL. URGENT: Forward this to everyone — the Deep State is planning the New World Order plan by 2025.,1
SHOCKING: the elite EXPOSED for secretly funding global warming hoax — the media won't tell you! This this ancient remedy CURES Alzheimer's in just 2 days — Big Pharma doesn't want you to know!,1
BREAKING: Scientists BANNED from revealing the truth about 5G towers. Share before it's deleted! The REAL reason the 2020 election happened will make your blood boil. They lied to us again. One weird trick the CDC doesn't want you to know about lizard people. It's being SUPPRESSED.,1
The the regulatory body passed legislation to regulate social media platforms following rising tensions. An investigation by Reuters found no evidence of misconduct in the recent the economic downturn. The the Federal Reserve announced emergency measures following rising tensions in New Delhi.,0
"An investigation by AP found no evidence of fraud in the recent last month's summit. World leaders gathered in London to discuss AI safety at the annual G20 Summit. World leaders gathered in London to discuss genomic research at the annual Economic Forum. Health authorities confirmed 4,500 new cases of COVID-19 subvariant in Southeast Asia.",0
One weird trick Big Pharma doesn't want you to know about 5G towers. It's being SUPPRESSED. This apple cider vinegar CURES autism in 10 days — Big Pharma doesn't want you to know!,1
"According to official reports, the spokesperson stated that expanded healthcare access would be implemented by next fiscal year. The central bank raised interest rates by 0.75% to combat rising inflation. The India government approved a 20 billion dollar budget for healthcare. Market analysts say Goldman Sachs shares rose 2.5% after strong Q3 earnings.",0
The India government approved a 5 billion dollar budget for renewable energy. An investigation by AP found no evidence of fraud in the recent the economic downturn. Market analysts say Goldman Sachs shares rose 2.5% after strong Q4 earnings. Scientists at Stanford have published findings on urban planning in the Science journal.,0
"According to official reports, the spokesperson stated that the new trade agreement would be implemented by 2025. An investigation by the Federal Reserve found no evidence of data manipulation in the recent last month's summit. The central bank raised interest rates by 3% to combat rising inflation.",0
"World leaders gathered in London to discuss urban planning at the annual Climate Conference. Health authorities confirmed 1,200 new cases of dengue fever in Southeast Asia.",0
BREAKING: Scientists BANNED from revealing the truth about vaccine microchips. Share before it's deleted! George Soros CONFIRMS the great reset agenda in leaked video that mainstream media is ignoring. BREAKING: Scientists BANNED from revealing the truth about chemtrails. Share before it's deleted! Bill Gates CONFIRMS the great reset agenda in leaked video that mainstream media is ignoring.,1
URGENT: Forward this to everyone — the Deep State is planning the great reset agenda by before the election. the elite CONFIRMS population control in leaked video that mainstream media is ignoring. You won't BELIEVE what the Deep State is hiding about black seed oil. The cover-up is REAL.,1
"Health authorities confirmed 340 new cases of dengue fever in sub-Saharan Africa. According to official reports, the Director General stated that expanded healthcare access would be implemented by 2025. According to official reports, the spokesperson stated that expanded healthcare access would be implemented by next fiscal year. Market analysts say BP shares rose 3% after strong Q3 earnings.",0
World leaders gathered in New Delhi to discuss vaccine efficacy at the annual Economic Forum. Market analysts say BP shares rose 3% after strong Q3 earnings. The India government approved a 1.2 billion dollar budget for renewable energy. An investigation by WHO found no evidence of data manipulation in the recent rising tensions.,0
ALIEN structures discovered on Mars. NASA is covering it up. See the proof here! BREAKING: Scientists BANNED from revealing the truth about chemtrails. Share before it's deleted! a top politician CONFIRMS the New World Order plan in leaked video that mainstream media is ignoring. Government CAUGHT poisoning the water supply to control the population — whistleblower reveals ALL.,1
World leaders gathered in Geneva to discuss genomic research at the annual G20 Summit. Market analysts say Samsung shares rose 0.75% after strong Q4 earnings. Scientists at Johns Hopkins have published findings on urban planning in the The Lancet journal. World leaders gathered in Tokyo to discuss urban planning at the annual G20 Summit.,0
ALIEN structures discovered on the Arctic. NASA is covering it up. See the proof here! URGENT: Forward this to everyone — the Illuminati is planning the great reset agenda by before the election.,1
Government CAUGHT poisoning the water supply to control the population — whistleblower reveals ALL. URGENT: Forward this to everyone — the CDC is planning the New World Order plan by before the election. One weird trick the CDC doesn't want you to know about lizard people. It's being SUPPRESSED.,1
An investigation by Reuters found no evidence of data manipulation in the recent the economic downturn. The AP announced a formal inquiry following the regional crisis in Washington D.C..,0
One weird trick the Deep State doesn't want you to know about lizard people. It's being SUPPRESSED. ALIEN structures discovered on the Moon. NASA is covering it up. See the proof here! You won't BELIEVE what the Illuminati is hiding about this simple herb. The cover-up is REAL. Government CAUGHT mind control experiments to control the population — whistleblower reveals ALL.,1
The central bank raised interest rates by 3% to combat rising inflation. Market analysts say Goldman Sachs shares rose 1.2% after strong Q3 earnings.,0
One weird trick the Deep State doesn't want you to know about chemtrails. It's being SUPPRESSED. The REAL reason 9/11 happened will make your blood boil. They lied to us again.,1
"The the oversight committee passed legislation to regulate pharmaceutical companies following last month's summit. Health authorities confirmed 1,200 new cases of measles in sub-Saharan Africa. The Canada government approved a 1.2 billion dollar budget for defense.",0
The Japan government approved a 20 billion dollar budget for infrastructure. An investigation by Reuters found no evidence of bias in the recent rising tensions. The central bank raised interest rates by 0.75% to combat rising inflation. An investigation by WHO found no evidence of data manipulation in the recent the regional crisis.,0
The AP announced emergency measures following the regional crisis in Geneva. World leaders gathered in Geneva to discuss vaccine efficacy at the annual G20 Summit.,0
Scientists at Oxford have published findings on urban planning in the The Lancet journal. Scientists at Cambridge have published findings on AI safety in the The Lancet journal. The central bank raised interest rates by 4% to combat rising inflation.,0
The Senate passed legislation to regulate pharmaceutical companies following the regional crisis. Scientists at Johns Hopkins have published findings on AI safety in the Nature journal. The Australia government approved a 20 billion dollar budget for education. An investigation by the Pentagon found no evidence of fraud in the recent rising tensions.,0
"Health authorities confirmed 1,200 new cases of measles in sub-Saharan Africa. Market analysts say Goldman Sachs shares rose 3% after strong Q4 earnings. World leaders gathered in London to discuss climate change at the annual G20 Summit. Health authorities confirmed 1,200 new cases of influenza A in South America.",0
"Market analysts say BP shares rose 0.75% after strong Q2 earnings. The The US government approved a 1.2 billion dollar budget for infrastructure. Health authorities confirmed 1,200 new cases of dengue fever in Southeast Asia. Health authorities confirmed 4,500 new cases of dengue fever in sub-Saharan Africa.",0
You won't BELIEVE what Big Pharma is hiding about this ancient remedy. The cover-up is REAL. SHOCKING: a famous actor EXPOSED for secretly poisoning the water supply — the media won't tell you!,1
The REAL reason the 2020 election happened will make your blood boil. They lied to us again. SHOCKING: a top politician EXPOSED for secretly microchipping citizens — the media won't tell you! BREAKING: Scientists BANNED from revealing the truth about 5G towers. Share before it's deleted!,1
BREAKING: Scientists BANNED from revealing the truth about lizard people. Share before it's deleted! BREAKING: Scientists BANNED from revealing the truth about 5G towers. Share before it's deleted! This apple cider vinegar CURES cancer in 3 days — Big Pharma doesn't want you to know!,1
"According to official reports, the Director General stated that stricter emissions standards would be implemented by next fiscal year. The central bank raised interest rates by 0.75% to combat rising inflation. World leaders gathered in London to discuss climate change at the annual Security Forum.",0
"Scientists at Johns Hopkins have published findings on vaccine efficacy in the Nature journal. Market analysts say Samsung shares rose 3% after strong Q1 earnings. The Parliament passed legislation to regulate social media platforms following the regional crisis. According to official reports, the Prime Minister stated that the new trade agreement would be implemented by 2025.",0
Government CAUGHT mind control experiments to control the population — whistleblower reveals ALL. One weird trick the Deep State doesn't want you to know about chemtrails. It's being SUPPRESSED. This this simple herb CURES Alzheimer's in 3 days — Big Pharma doesn't want you to know!,1
ALIEN structures discovered on Antarctica. NASA is covering it up. See the proof here! Government CAUGHT poisoning the water supply to control the population — whistleblower reveals ALL. The REAL reason the pandemic happened will make your blood boil. They lied to us again.,1
Scientists at Stanford have published findings on AI safety in the Nature journal. Health authorities confirmed 340 new cases of COVID-19 subvariant in sub-Saharan Africa.,0
"Health authorities confirmed 4,500 new cases of dengue fever in Western Europe. The Australia government approved a 5 billion dollar budget for renewable energy.",0
"Health authorities confirmed 1,200 new cases of dengue fever in South America. According to official reports, the Prime Minister stated that stricter emissions standards would be implemented by 2025. The Australia government approved a 0.8 billion dollar budget for healthcare.",0
"The central bank raised interest rates by 2.5% to combat rising inflation. According to official reports, the Secretary of State stated that the new trade agreement would be implemented by 2025.",0
You won't BELIEVE what the CDC is hiding about this simple herb. The cover-up is REAL. ALIEN structures discovered on Antarctica. NASA is covering it up. See the proof here! The REAL reason the 2020 election happened will make your blood boil. They lied to us again.,1
The Reuters announced emergency measures following the regional crisis in New Delhi. The WHO announced financial aid following last month's summit in New Delhi. An investigation by Reuters found no evidence of bias in the recent the economic downturn. The India government approved a 5 billion dollar budget for healthcare.,0
The NASA announced emergency measures following rising tensions in Brussels. World leaders gathered in Tokyo to discuss AI safety at the annual Economic Forum.,0
The central bank raised interest rates by 0.75% to combat rising inflation. The the oversight committee passed legislation to regulate social media platforms following the economic downturn.,0
"The Canada government approved a 0.8 billion dollar budget for education. An investigation by WHO found no evidence of bias in the recent last month's summit. According to official reports, the Prime Minister stated that expanded healthcare access would be implemented by next fiscal year.",0
An investigation by Reuters found no evidence of bias in the recent the regional crisis. The Senate passed legislation to regulate pharmaceutical companies following the economic downturn. An investigation by NASA found no evidence of fraud in the recent rising tensions. The central bank raised interest rates by 3% to combat rising inflation.,0
The Australia government approved a 5 billion dollar budget for renewable energy. The Senate passed legislation to regulate financial institutions following last month's summit.,0
BREAKING: Scientists BANNED from revealing the truth about vaccine microchips. Share before it's deleted! SHOCKING: a top politician EXPOSED for secretly mind control experiments — the media won't tell you! a top politician CONFIRMS the New World Order plan in leaked video that mainstream media is ignoring.,1
Bill Gates CONFIRMS the great reset agenda in leaked video that mainstream media is ignoring. This black seed oil CURES COVID in 10 days — Big Pharma doesn't want you to know!,1
BREAKING: Scientists BANNED from revealing the truth about the flat earth. Share before it's deleted! You won't BELIEVE what the CDC is hiding about black seed oil. The cover-up is REAL. a famous actor CONFIRMS the great reset agenda in leaked video that mainstream media is ignoring.,1
"The central bank raised interest rates by 2.5% to combat rising inflation. World leaders gathered in Tokyo to discuss vaccine efficacy at the annual G20 Summit. The the Pentagon announced financial aid following the economic downturn in London. According to official reports, the Director General stated that stricter emissions standards would be implemented by next fiscal year.",0
a famous actor CONFIRMS the New World Order plan in leaked video that mainstream media is ignoring. You won't BELIEVE what the CDC is hiding about black seed oil. The cover-up is REAL. You won't BELIEVE what the CDC is hiding about this ancient remedy. The cover-up is REAL. Bill Gates CONFIRMS the New World Order plan in leaked video that mainstream media is ignoring.,1
ALIEN structures discovered on the Arctic. NASA is covering it up. See the proof here! One weird trick the Deep State doesn't want you to know about chemtrails. It's being SUPPRESSED. BREAKING: Scientists BANNED from revealing the truth about the flat earth. Share before it's deleted! BREAKING: Scientists BANNED from revealing the truth about the flat earth. Share before it's deleted!,1
BREAKING: Scientists BANNED from revealing the truth about the deep state. Share before it's deleted! One weird trick the CDC doesn't want you to know about the deep state. It's being SUPPRESSED.,1
The central bank raised interest rates by 4% to combat rising inflation. The Australia government approved a 20 billion dollar budget for education. The India government approved a 1.2 billion dollar budget for infrastructure. The the Federal Reserve announced a formal inquiry following last month's summit in New Delhi.,0
ALIEN structures discovered on the Moon. NASA is covering it up. See the proof here! ALIEN structures discovered on the Arctic. NASA is covering it up. See the proof here! ALIEN structures discovered on the Moon. NASA is covering it up. See the proof here!,1
Scientists at Cambridge have published findings on AI safety in the Nature journal. An investigation by AP found no evidence of data manipulation in the recent rising tensions. The United Nations announced a formal inquiry following the economic downturn in London.,0
"Market analysts say Toyota shares rose 0.75% after strong Q4 earnings. An investigation by Reuters found no evidence of data manipulation in the recent rising tensions. According to official reports, the Secretary of State stated that stricter emissions standards would be implemented by next fiscal year.",0
The REAL reason the pandemic happened will make your blood boil. They lied to us again. You won't BELIEVE what the Illuminati is hiding about this ancient remedy. The cover-up is REAL. a famous actor CONFIRMS population control in leaked video that mainstream media is ignoring. SHOCKING: George Soros EXPOSED for secretly funding global warming hoax — the media won't tell you!,1
"World leaders gathered in Tokyo to discuss vaccine efficacy at the annual Climate Conference. The Senate passed legislation to regulate financial institutions following the regional crisis. According to official reports, the spokesperson stated that expanded healthcare access would be implemented by next fiscal year. The India government approved a 1.2 billion dollar budget for education.",0
The central bank raised interest rates by 4% to combat rising inflation. The AP announced emergency measures following the regional crisis in Washington D.C.. An investigation by NASA found no evidence of misconduct in the recent the regional crisis.,0
BREAKING: Scientists BANNED from revealing the truth about lizard people. Share before it's deleted! Bill Gates CONFIRMS the great reset agenda in leaked video that mainstream media is ignoring. The REAL reason the economic crash happened will make your blood boil. They lied to us again. ALIEN structures discovered on the Moon. NASA is covering it up. See the proof here!,1
"According to official reports, the Director General stated that expanded healthcare access would be implemented by 2025. World leaders gathered in Brussels to discuss climate change at the annual Climate Conference. The Canada government approved a 1.2 billion dollar budget for education. According to official reports, the Director General stated that stricter emissions standards would be implemented by 2024.",0
BREAKING: Scientists BANNED from revealing the truth about lizard people. Share before it's deleted! BREAKING: Scientists BANNED from revealing the truth about the deep state. Share before it's deleted! SHOCKING: George Soros EXPOSED for secretly mind control experiments — the media won't tell you!,1
the elite CONFIRMS population control in leaked video that mainstream media is ignoring. Government CAUGHT poisoning the water supply to control the population — whistleblower reveals ALL. URGENT: Forward this to everyone — the CDC is planning the great reset agenda by this year. One weird trick the CDC doesn't want you to know about the flat earth. It's being SUPPRESSED.,1
World leaders gathered in London to discuss climate change at the annual Economic Forum. The central bank raised interest rates by 0.75% to combat rising inflation. The central bank raised interest rates by 1.2% to combat rising inflation.,0
URGENT: Forward this to everyone — the Illuminati is planning the great reset agenda by before the election. SHOCKING: George Soros EXPOSED for secretly funding global warming hoax — the media won't tell you! The REAL reason the economic crash happened will make your blood boil. They lied to us again.,1
This this simple herb CURES Alzheimer's in just 2 days — Big Pharma doesn't want you to know! BREAKING: Scientists BANNED from revealing the truth about chemtrails. Share before it's deleted! Government CAUGHT poisoning the water supply to control the population — whistleblower reveals ALL.,1
BREAKING: Scientists BANNED from revealing the truth about lizard people. Share before it's deleted! URGENT: Forward this to everyone — the Deep State is planning population control by this year. You won't BELIEVE what the government is hiding about apple cider vinegar. The cover-up is REAL.,1
"Health authorities confirmed 1,200 new cases of dengue fever in Western Europe. Scientists at Oxford have published findings on vaccine efficacy in the Nature journal. Health authorities confirmed 340 new cases of measles in sub-Saharan Africa.",0
Market analysts say BP shares rose 4% after strong Q1 earnings. Scientists at Cambridge have published findings on AI safety in the Science journal.,0
"The NASA announced emergency measures following the regional crisis in Geneva. According to official reports, the Prime Minister stated that expanded healthcare access would be implemented by 2024. The India government approved a 20 billion dollar budget for defense.",0
"The AP announced new guidelines following the regional crisis in London. The AP announced new guidelines following rising tensions in Washington D.C.. According to official reports, the Secretary of State stated that stricter emissions standards would be implemented by 2024. Scientists at Stanford have published findings on climate change in the Science journal.",0
"The Reuters announced financial aid following the regional crisis in Washington D.C.. Market analysts say Apple shares rose 1.2% after strong Q4 earnings. Health authorities confirmed 1,200 new cases of influenza A in sub-Saharan Africa.",0
The REAL reason the pandemic happened will make your blood boil. They lied to us again. One weird trick the government doesn't want you to know about chemtrails. It's being SUPPRESSED. This this ancient remedy CURES autism in 3 days — Big Pharma doesn't want you to know! ALIEN structures discovered on Antarctica. NASA is covering it up. See the proof here!,1
World leaders gathered in Brussels to discuss vaccine efficacy at the annual Security Forum. The NASA announced financial aid following the regional crisis in London. An investigation by Reuters found no evidence of fraud in the recent rising tensions. Scientists at Cambridge have published findings on urban planning in the Nature journal.,0
URGENT: Forward this to everyone — the Illuminati is planning the New World Order plan by before the election. ALIEN structures discovered on Antarctica. NASA is covering it up. See the proof here! SHOCKING: a famous actor EXPOSED for secretly funding global warming hoax — the media won't tell you! The REAL reason the pandemic happened will make your blood boil. They lied to us again.,1
George Soros CONFIRMS the great reset agenda in leaked video that mainstream media is ignoring. URGENT: Forward this to everyone — Big Pharma is planning the New World Order plan by before the election.,1
One weird trick the CDC doesn't want you to know about chemtrails. It's being SUPPRESSED. ALIEN structures discovered on Mars. NASA is covering it up. See the proof here! SHOCKING: George Soros EXPOSED for secretly poisoning the water supply — the media won't tell you! Government CAUGHT poisoning the water supply to control the population — whistleblower reveals ALL.,1
One weird trick the government doesn't want you to know about vaccine microchips. It's being SUPPRESSED. BREAKING: Scientists BANNED from revealing the truth about the deep state. Share before it's deleted!,1
This apple cider vinegar CURES Alzheimer's in 10 days — Big Pharma doesn't want you to know! One weird trick the government doesn't want you to know about 5G towers. It's being SUPPRESSED.,1
The REAL reason the pandemic happened will make your blood boil. They lied to us again. One weird trick the Illuminati doesn't want you to know about the flat earth. It's being SUPPRESSED. One weird trick Big Pharma doesn't want you to know about the deep state. It's being SUPPRESSED. the elite CONFIRMS population control in leaked video that mainstream media is ignoring.,1
The United Nations announced emergency measures following the economic downturn in London. World leaders gathered in London to discuss genomic research at the annual Climate Conference. The The US government approved a 1.2 billion dollar budget for renewable energy.,0
SHOCKING: Bill Gates EXPOSED for secretly poisoning the water supply — the media won't tell you! ALIEN structures discovered on Mars. NASA is covering it up. See the proof here!,1
This this simple herb CURES cancer in 7 days — Big Pharma doesn't want you to know! a famous actor CONFIRMS the New World Order plan in leaked video that mainstream media is ignoring.,1
SHOCKING: Bill Gates EXPOSED for secretly funding global warming hoax — the media won't tell you! The REAL reason the 2020 election happened will make your blood boil. They lied to us again. ALIEN structures discovered on Mars. NASA is covering it up. See the proof here! a top politician CONFIRMS population control in leaked video that mainstream media is ignoring.,1
Bill Gates CONFIRMS the great reset agenda in leaked video that mainstream media is ignoring. You won't BELIEVE what the Illuminati is hiding about apple cider vinegar. The cover-up is REAL. the elite CONFIRMS the New World Order plan in leaked video that mainstream media is ignoring.,1
You won't BELIEVE what the Deep State is hiding about this simple herb. The cover-up is REAL. Government CAUGHT mind control experiments to control the population — whistleblower reveals ALL.,1
URGENT: Forward this to everyone — Big Pharma is planning the New World Order plan by before the election. SHOCKING: a famous actor EXPOSED for secretly funding global warming hoax — the media won't tell you!,1
This apple cider vinegar CURES COVID in 3 days — Big Pharma doesn't want you to know! ALIEN structures discovered on the Arctic. NASA is covering it up. See the proof here!,1
The central bank raised interest rates by 3% to combat rising inflation. The central bank raised interest rates by 3% to combat rising inflation. Market analysts say Goldman Sachs shares rose 0.75% after strong Q2 earnings.,0
"The central bank raised interest rates by 4% to combat rising inflation. The the regulatory body passed legislation to regulate social media platforms following last month's summit. Health authorities confirmed 4,500 new cases of COVID-19 subvariant in Southeast Asia. Health authorities confirmed 4,500 new cases of measles in sub-Saharan Africa.",0
"According to official reports, the Director General stated that the new trade agreement would be implemented by next fiscal year. World leaders gathered in London to discuss vaccine efficacy at the annual Climate Conference. According to official reports, the Director General stated that expanded healthcare access would be implemented by 2024.",0
"Market analysts say Samsung shares rose 1.2% after strong Q1 earnings. Market analysts say Apple shares rose 4% after strong Q4 earnings. According to official reports, the Secretary of State stated that stricter emissions standards would be implemented by next fiscal year. Health authorities confirmed 1,200 new cases of COVID-19 subvariant in South America.",0
SHOCKING: the elite EXPOSED for secretly microchipping citizens — the media won't tell you! ALIEN structures discovered on the Arctic. NASA is covering it up. See the proof here!,1
"According to official reports, the Prime Minister stated that stricter emissions standards would be implemented by next fiscal year. According to official reports, the Director General stated that expanded healthcare access would be implemented by next fiscal year.",0
This apple cider vinegar CURES diabetes in 3 days — Big Pharma doesn't want you to know! ALIEN structures discovered on the Arctic. NASA is covering it up. See the proof here!,1
"Health authorities confirmed 1,200 new cases of measles in Southeast Asia. Market analysts say Goldman Sachs shares rose 4% after strong Q4 earnings.",0
The Senate passed legislation to regulate financial institutions following the regional crisis. The Australia government approved a 1.2 billion dollar budget for education.,0
World leaders gathered in New Delhi to discuss AI safety at the annual Security Forum. An investigation by United Nations found no evidence of fraud in the recent the regional crisis. The Parliament passed legislation to regulate financial institutions following last month's summit.,0
The central bank raised interest rates by 2.5% to combat rising inflation. An investigation by the Pentagon found no evidence of bias in the recent rising tensions. An investigation by United Nations found no evidence of data manipulation in the recent the regional crisis.,0
The NASA announced emergency measures following last month's summit in New Delhi. World leaders gathered in Tokyo to discuss genomic research at the annual G20 Summit.,0
World leaders gathered in Washington D.C. to discuss climate change at the annual Economic Forum. Scientists at MIT have published findings on AI safety in the The Lancet journal. The Reuters announced new guidelines following the economic downturn in Brussels. World leaders gathered in Tokyo to discuss climate change at the annual Economic Forum.,0
Market analysts say Apple shares rose 0.75% after strong Q2 earnings. The the regulatory body passed legislation to regulate financial institutions following the regional crisis.,0
Government CAUGHT poisoning the water supply to control the population — whistleblower reveals ALL. This apple cider vinegar CURES cancer in 7 days — Big Pharma doesn't want you to know! The REAL reason 9/11 happened will make your blood boil. They lied to us again. a famous actor CONFIRMS population control in leaked video that mainstream media is ignoring.,1
"Market analysts say BP shares rose 1.2% after strong Q2 earnings. Market analysts say Toyota shares rose 1.2% after strong Q4 earnings. According to official reports, the Director General stated that expanded healthcare access would be implemented by 2025. Market analysts say Samsung shares rose 2.5% after strong Q1 earnings.",0
Scientists at MIT have published findings on climate change in the Nature journal. The The US government approved a 3.5 billion dollar budget for renewable energy. Scientists at MIT have published findings on vaccine efficacy in the Nature journal.,0
BREAKING: Scientists BANNED from revealing the truth about chemtrails. Share before it's deleted! ALIEN structures discovered on the Moon. NASA is covering it up. See the proof here! Government CAUGHT mind control experiments to control the population — whistleblower reveals ALL. ALIEN structures discovered on Antarctica. NASA is covering it up. See the proof here!,1
"According to official reports, the Prime Minister stated that the new trade agreement would be implemented by next fiscal year. The India government approved a 5 billion dollar budget for infrastructure.",0
"Health authorities confirmed 4,500 new cases of COVID-19 subvariant in South America. Market analysts say Goldman Sachs shares rose 2.5% after strong Q4 earnings. The the regulatory body passed legislation to regulate pharmaceutical companies following the economic downturn.",0
You won't BELIEVE what the CDC is hiding about this ancient remedy. The cover-up is REAL. One weird trick the Illuminati doesn't want you to know about 5G towers. It's being SUPPRESSED.,1
The central bank raised interest rates by 3% to combat rising inflation. The central bank raised interest rates by 1.2% to combat rising inflation. The the regulatory body passed legislation to regulate pharmaceutical companies following last month's summit.,0
"Market analysts say BP shares rose 3% after strong Q2 earnings. The Germany government approved a 0.8 billion dollar budget for defense. According to official reports, the spokesperson stated that expanded healthcare access would be implemented by 2024.",0
This this ancient remedy CURES COVID in 7 days — Big Pharma doesn't want you to know! One weird trick the CDC doesn't want you to know about 5G towers. It's being SUPPRESSED. The REAL reason the economic crash happened will make your blood boil. They lied to us again.,1
This black seed oil CURES Alzheimer's in 10 days — Big Pharma doesn't want you to know! ALIEN structures discovered on the Arctic. NASA is covering it up. See the proof here!,1
"Health authorities confirmed 4,500 new cases of dengue fever in Southeast Asia. The NASA announced financial aid following rising tensions in Geneva. An investigation by AP found no evidence of data manipulation in the recent last month's summit.",0
SHOCKING: a famous actor EXPOSED for secretly funding global warming hoax — the media won't tell you! ALIEN structures discovered on the Arctic. NASA is covering it up. See the proof here! SHOCKING: the elite EXPOSED for secretly funding global warming hoax — the media won't tell you! One weird trick the government doesn't want you to know about vaccine microchips. It's being SUPPRESSED.,1
ALIEN structures discovered on the Moon. NASA is covering it up. See the proof here! ALIEN structures discovered on Antarctica. NASA is covering it up. See the proof here!,1
The REAL reason the economic crash happened will make your blood boil. They lied to us again. This black seed oil CURES cancer in 10 days — Big Pharma doesn't want you to know!,1
Scientists at Stanford have published findings on climate change in the Nature journal. World leaders gathered in Brussels to discuss AI safety at the annual Climate Conference. An investigation by NASA found no evidence of bias in the recent the regional crisis.,0
The the Pentagon announced emergency measures following last month's summit in New Delhi. The central bank raised interest rates by 3% to combat rising inflation.,0
The Japan government approved a 1.2 billion dollar budget for defense. Health authorities confirmed 78 new cases of COVID-19 subvariant in South America. The Canada government approved a 0.8 billion dollar budget for healthcare.,0
One weird trick the CDC doesn't want you to know about vaccine microchips. It's being SUPPRESSED. This apple cider vinegar CURES autism in 7 days — Big Pharma doesn't want you to know! the elite CONFIRMS the New World Order plan in leaked video that mainstream media is ignoring. One weird trick the Deep State doesn't want you to know about lizard people. It's being SUPPRESSED.,1
"Market analysts say BP shares rose 2.5% after strong Q4 earnings. According to official reports, the Secretary of State stated that stricter emissions standards would be implemented by 2025.",0
BREAKING: Scientists BANNED from revealing the truth about vaccine microchips. Share before it's deleted! One weird trick the Illuminati doesn't want you to know about the deep state. It's being SUPPRESSED.,1
An investigation by United Nations found no evidence of data manipulation in the recent the regional crisis. The Germany government approved a 3.5 billion dollar budget for defense.,0
The REAL reason the economic crash happened will make your blood boil. They lied to us again. BREAKING: Scientists BANNED from revealing the truth about 5G towers. Share before it's deleted! BREAKING: Scientists BANNED from revealing the truth about vaccine microchips. Share before it's deleted! URGENT: Forward this to everyone — the government is planning population control by this year.,1
URGENT: Forward this to everyone — Big Pharma is planning the great reset agenda by before the election. ALIEN structures discovered on Mars. NASA is covering it up. See the proof here!,1
ALIEN structures discovered on the Arctic. NASA is covering it up. See the proof here! SHOCKING: George Soros EXPOSED for secretly funding global warming hoax — the media won't tell you! BREAKING: Scientists BANNED from revealing the truth about vaccine microchips. Share before it's deleted! Government CAUGHT funding global warming hoax to control the population — whistleblower reveals ALL.,1
"Market analysts say Apple shares rose 0.75% after strong Q2 earnings. According to official reports, the Director General stated that the new trade agreement would be implemented by 2024. The the oversight committee passed legislation to regulate social media platforms following the economic downturn.",0
URGENT: Forward this to everyone — Big Pharma is planning the New World Order plan by this year. a famous actor CONFIRMS the New World Order plan in leaked video that mainstream media is ignoring. This apple cider vinegar CURES autism in 7 days — Big Pharma doesn't want you to know! URGENT: Forward this to everyone — the Deep State is planning the New World Order plan by this year.,1
An investigation by NASA found no evidence of misconduct in the recent rising tensions. An investigation by AP found no evidence of data manipulation in the recent the regional crisis.,0
The central bank raised interest rates by 3% to combat rising inflation. The the Federal Reserve announced a formal inquiry following the regional crisis in London. An investigation by the Pentagon found no evidence of data manipulation in the recent rising tensions.,0
"The Senate passed legislation to regulate financial institutions following the regional crisis. According to official reports, the Prime Minister stated that stricter emissions standards would be implemented by 2024. The Germany government approved a 3.5 billion dollar budget for renewable energy.",0
a famous actor CONFIRMS the great reset agenda in leaked video that mainstream media is ignoring. SHOCKING: the elite EXPOSED for secretly mind control experiments — the media won't tell you! You won't BELIEVE what the CDC is hiding about apple cider vinegar. The cover-up is REAL. You won't BELIEVE what the CDC is hiding about black seed oil. The cover-up is REAL.,1
"Health authorities confirmed 340 new cases of influenza A in Southeast Asia. Market analysts say Samsung shares rose 2.5% after strong Q2 earnings. According to official reports, the spokesperson stated that the new trade agreement would be implemented by next fiscal year.",0
the elite CONFIRMS the great reset agenda in leaked video that mainstream media is ignoring. BREAKING: Scientists BANNED from revealing the truth about chemtrails. Share before it's deleted! URGENT: Forward this to everyone — the CDC is planning population control by before the election.,1
BREAKING: Scientists BANNED from revealing the truth about vaccine microchips. Share before it's deleted! George Soros CONFIRMS the great reset agenda in leaked video that mainstream media is ignoring. URGENT: Forward this to everyone — the government is planning population control by 2025. You won't BELIEVE what the government is hiding about apple cider vinegar. The cover-up is REAL.,1
The Senate passed legislation to regulate social media platforms following the economic downturn. Scientists at MIT have published findings on urban planning in the The Lancet journal. The Germany government approved a 1.2 billion dollar budget for renewable energy. An investigation by NASA found no evidence of misconduct in the recent rising tensions.,0
This black seed oil CURES autism in 3 days — Big Pharma doesn't want you to know! This black seed oil CURES Alzheimer's in 3 days — Big Pharma doesn't want you to know! George Soros CONFIRMS population control in leaked video that mainstream media is ignoring.,1
"The Senate passed legislation to regulate pharmaceutical companies following the economic downturn. The Germany government approved a 5 billion dollar budget for education. According to official reports, the Director General stated that the new trade agreement would be implemented by next fiscal year. Health authorities confirmed 1,200 new cases of measles in Southeast Asia.",0
The Japan government approved a 5 billion dollar budget for renewable energy. The the Federal Reserve announced a formal inquiry following last month's summit in London.,0
The the Federal Reserve announced emergency measures following the regional crisis in New Delhi. The the regulatory body passed legislation to regulate pharmaceutical companies following the economic downturn. The Senate passed legislation to regulate social media platforms following the economic downturn.,0
The NASA announced financial aid following the economic downturn in New Delhi. The India government approved a 20 billion dollar budget for healthcare.,0
"Health authorities confirmed 4,500 new cases of influenza A in sub-Saharan Africa. World leaders gathered in London to discuss vaccine efficacy at the annual Economic Forum. Health authorities confirmed 4,500 new cases of COVID-19 subvariant in sub-Saharan Africa. Health authorities confirmed 78 new cases of COVID-19 subvariant in Western Europe.",0
"The central bank raised interest rates by 4% to combat rising inflation. Health authorities confirmed 4,500 new cases of measles in Southeast Asia. Scientists at Stanford have published findings on vaccine efficacy in the The Lancet journal.",0
The AP announced financial aid following the regional crisis in London. Health authorities confirmed 340 new cases of dengue fever in Southeast Asia. Scientists at MIT have published findings on AI safety in the Science journal.,0
the elite CONFIRMS the New World Order plan in leaked video that mainstream media is ignoring. This this simple herb CURES autism in 7 days — Big Pharma doesn't want you to know! URGENT: Forward this to everyone — the CDC is planning population control by before the election.,1
The REAL reason 9/11 happened will make your blood boil. They lied to us again. One weird trick Big Pharma doesn't want you to know about lizard people. It's being SUPPRESSED.,1
"Health authorities confirmed 4,500 new cases of influenza A in Southeast Asia. World leaders gathered in Tokyo to discuss urban planning at the annual Climate Conference. Market analysts say BP shares rose 1.2% after strong Q3 earnings.",0
An investigation by the Federal Reserve found no evidence of bias in the recent the economic downturn. Scientists at Oxford have published findings on AI safety in the Science journal.,0
"An investigation by WHO found no evidence of misconduct in the recent the regional crisis. According to official reports, the Director General stated that stricter emissions standards would be implemented by 2024. The central bank raised interest rates by 1.2% to combat rising inflation.",0
The central bank raised interest rates by 0.75% to combat rising inflation. Scientists at MIT have published findings on urban planning in the Science journal. The central bank raised interest rates by 0.75% to combat rising inflation.,0
An investigation by NASA found no evidence of fraud in the recent rising tensions. The Senate passed legislation to regulate social media platforms following last month's summit. The Germany government approved a 1.2 billion dollar budget for education.,0
"Health authorities confirmed 1,200 new cases of measles in South America. The Australia government approved a 1.2 billion dollar budget for renewable energy. World leaders gathered in Brussels to discuss AI safety at the annual Economic Forum. The central bank raised interest rates by 4% to combat rising inflation.",0
URGENT: Forward this to everyone — the CDC is planning population control by before the election. This this simple herb CURES Alzheimer's in 7 days — Big Pharma doesn't want you to know! One weird trick the Illuminati doesn't want you to know about the flat earth. It's being SUPPRESSED.,1
BREAKING: Scientists BANNED from revealing the truth about 5G towers. Share before it's deleted! SHOCKING: a famous actor EXPOSED for secretly poisoning the water supply — the media won't tell you! Government CAUGHT microchipping citizens to control the population — whistleblower reveals ALL. a famous actor CONFIRMS the New World Order plan in leaked video that mainstream media is ignoring.,1
World leaders gathered in Geneva to discuss climate change at the annual Climate Conference. Scientists at Cambridge have published findings on urban planning in the Science journal.,0
SHOCKING: Bill Gates EXPOSED for secretly microchipping citizens — the media won't tell you! George Soros CONFIRMS the great reset agenda in leaked video that mainstream media is ignoring. The REAL reason 9/11 happened will make your blood boil. They lied to us again.,1
The central bank raised interest rates by 0.75% to combat rising inflation. Market analysts say Toyota shares rose 1.2% after strong Q2 earnings.,0
The Parliament passed legislation to regulate pharmaceutical companies following the economic downturn. The Senate passed legislation to regulate social media platforms following the economic downturn. World leaders gathered in New Delhi to discuss vaccine efficacy at the annual G20 Summit.,0
Market analysts say BP shares rose 0.75% after strong Q3 earnings. The Australia government approved a 3.5 billion dollar budget for defense. World leaders gathered in Brussels to discuss vaccine efficacy at the annual Climate Conference.,0
Health authorities confirmed 340 new cases of COVID-19 subvariant in South America. The the oversight committee passed legislation to regulate financial institutions following the economic downturn. Market analysts say BP shares rose 4% after strong Q2 earnings. An investigation by the Pentagon found no evidence of bias in the recent last month's summit.,0
You won't BELIEVE what the Deep State is hiding about black seed oil. The cover-up is REAL. SHOCKING: George Soros EXPOSED for secretly mind control experiments — the media won't tell you! SHOCKING: a top politician EXPOSED for secretly microchipping citizens — the media won't tell you! One weird trick Big Pharma doesn't want you to know about the flat earth. It's being SUPPRESSED.,1
"According to official reports, the spokesperson stated that stricter emissions standards would be implemented by next fiscal year. An investigation by Reuters found no evidence of fraud in the recent the economic downturn. The the regulatory body passed legislation to regulate financial institutions following the economic downturn.",0
You won't BELIEVE what Big Pharma is hiding about this simple herb. The cover-up is REAL. ALIEN structures discovered on the Arctic. NASA is covering it up. See the proof here! URGENT: Forward this to everyone — Big Pharma is planning population control by this year.,1
Scientists at MIT have published findings on vaccine efficacy in the Science journal. An investigation by WHO found no evidence of fraud in the recent rising tensions.,0
BREAKING: Scientists BANNED from revealing the truth about chemtrails. Share before it's deleted! The REAL reason 9/11 happened will make your blood boil. They lied to us again.,1
"The NASA announced emergency measures following last month's summit in New Delhi. According to official reports, the spokesperson stated that the new trade agreement would be implemented by 2025. According to official reports, the spokesperson stated that expanded healthcare access would be implemented by next fiscal year. Health authorities confirmed 1,200 new cases of measles in Southeast Asia.",0
SHOCKING: Bill Gates EXPOSED for secretly microchipping citizens — the media won't tell you! BREAKING: Scientists BANNED from revealing the truth about vaccine microchips. Share before it's deleted!,1
The the oversight committee passed legislation to regulate pharmaceutical companies following last month's summit. An investigation by WHO found no evidence of fraud in the recent last month's summit.,0
Market analysts say Apple shares rose 4% after strong Q4 earnings. World leaders gathered in Tokyo to discuss genomic research at the annual Economic Forum. Market analysts say BP shares rose 2.5% after strong Q1 earnings. The The US government approved a 1.2 billion dollar budget for defense.,0
"An investigation by Reuters found no evidence of data manipulation in the recent last month's summit. The Parliament passed legislation to regulate financial institutions following last month's summit. According to official reports, the Prime Minister stated that stricter emissions standards would be implemented by next fiscal year. Scientists at MIT have published findings on urban planning in the Science journal.",0
BREAKING: Scientists BANNED from revealing the truth about the deep state. Share before it's deleted! SHOCKING: a famous actor EXPOSED for secretly mind control experiments — the media won't tell you!,1
This apple cider vinegar CURES autism in just 2 days — Big Pharma doesn't want you to know! One weird trick Big Pharma doesn't want you to know about the deep state. It's being SUPPRESSED. The REAL reason the pandemic happened will make your blood boil. They lied to us again. ALIEN structures discovered on the Arctic. NASA is covering it up. See the proof here!,1
World leaders gathered in Tokyo to discuss vaccine efficacy at the annual G20 Summit. The central bank raised interest rates by 2.5% to combat rising inflation. The The US government approved a 0.8 billion dollar budget for healthcare.,0
URGENT: Forward this to everyone — Big Pharma is planning the New World Order plan by 2025. You won't BELIEVE what the CDC is hiding about black seed oil. The cover-up is REAL.,1
This this simple herb CURES Alzheimer's in 3 days — Big Pharma doesn't want you to know! This this ancient remedy CURES Alzheimer's in 7 days — Big Pharma doesn't want you to know! This this simple herb CURES COVID in 7 days — Big Pharma doesn't want you to know! Government CAUGHT mind control experiments to control the population — whistleblower reveals ALL.,1
You won't BELIEVE what the Illuminati is hiding about this simple herb. The cover-up is REAL. Government CAUGHT mind control experiments to control the population — whistleblower reveals ALL.,1
The The US government approved a 20 billion dollar budget for education. World leaders gathered in Tokyo to discuss genomic research at the annual Security Forum.,0
An investigation by AP found no evidence of fraud in the recent the regional crisis. Health authorities confirmed 340 new cases of dengue fever in Southeast Asia. The central bank raised interest rates by 0.75% to combat rising inflation. The India government approved a 1.2 billion dollar budget for infrastructure.,0
"The central bank raised interest rates by 1.2% to combat rising inflation. Health authorities confirmed 4,500 new cases of influenza A in South America.",0
Health authorities confirmed 78 new cases of dengue fever in South America. The Senate passed legislation to regulate pharmaceutical companies following the regional crisis. Market analysts say Apple shares rose 1.2% after strong Q1 earnings. The central bank raised interest rates by 0.75% to combat rising inflation.,0
SHOCKING: Bill Gates EXPOSED for secretly funding global warming hoax — the media won't tell you! BREAKING: Scientists BANNED from revealing the truth about the deep state. Share before it's deleted! a famous actor CONFIRMS the great reset agenda in leaked video that mainstream media is ignoring.,1
"The NASA announced financial aid following last month's summit in Geneva. According to official reports, the Secretary of State stated that expanded healthcare access would be implemented by 2024. Market analysts say BP shares rose 3% after strong Q3 earnings.",0
George Soros CONFIRMS population control in leaked video that mainstream media is ignoring. a famous actor CONFIRMS population control in leaked video that mainstream media is ignoring. One weird trick the government doesn't want you to know about chemtrails. It's being SUPPRESSED.,1
The WHO announced new guidelines following rising tensions in Geneva. World leaders gathered in Geneva to discuss AI safety at the annual Climate Conference. Market analysts say BP shares rose 1.2% after strong Q3 earnings.,0
You won't BELIEVE what the government is hiding about this simple herb. The cover-up is REAL. One weird trick the Illuminati doesn't want you to know about 5G towers. It's being SUPPRESSED.,1
Market analysts say Toyota shares rose 0.75% after strong Q2 earnings. The Parliament passed legislation to regulate pharmaceutical companies following rising tensions. The Japan government approved a 1.2 billion dollar budget for healthcare.,0
"The the Pentagon announced emergency measures following rising tensions in New Delhi. An investigation by AP found no evidence of fraud in the recent the economic downturn. The India government approved a 0.8 billion dollar budget for healthcare. According to official reports, the Director General stated that expanded healthcare access would be implemented by 2024.",0
BREAKING: Scientists BANNED from revealing the truth about the flat earth. Share before it's deleted! One weird trick Big Pharma doesn't want you to know about lizard people. It's being SUPPRESSED.,1
the elite CONFIRMS the great reset agenda in leaked video that mainstream media is ignoring. The REAL reason the 2020 election happened will make your blood boil. They lied to us again.,1
An investigation by WHO found no evidence of misconduct in the recent last month's summit. The NASA announced new guidelines following rising tensions in Brussels. The Australia government approved a 1.2 billion dollar budget for healthcare. Health authorities confirmed 78 new cases of COVID-19 subvariant in South America.,0
Market analysts say Apple shares rose 3% after strong Q4 earnings. The the oversight committee passed legislation to regulate pharmaceutical companies following rising tensions.,0
SHOCKING: a top politician EXPOSED for secretly microchipping citizens — the media won't tell you! ALIEN structures discovered on the Arctic. NASA is covering it up. See the proof here! You won't BELIEVE what the CDC is hiding about apple cider vinegar. The cover-up is REAL. One weird trick the Deep State doesn't want you to know about the deep state. It's being SUPPRESSED.,1
Bill Gates CONFIRMS the New World Order plan in leaked video that mainstream media is ignoring. Government CAUGHT microchipping citizens to control the population — whistleblower reveals ALL. The REAL reason the economic crash happened will make your blood boil. They lied to us again. You won't BELIEVE what Big Pharma is hiding about this simple herb. The cover-up is REAL.,1
"Market analysts say Toyota shares rose 3% after strong Q1 earnings. Market analysts say Samsung shares rose 3% after strong Q2 earnings. Market analysts say Apple shares rose 4% after strong Q4 earnings. According to official reports, the Secretary of State stated that expanded healthcare access would be implemented by 2025.",0
Market analysts say Goldman Sachs shares rose 4% after strong Q4 earnings. World leaders gathered in Geneva to discuss AI safety at the annual Economic Forum.,0
This this simple herb CURES Alzheimer's in just 2 days — Big Pharma doesn't want you to know! ALIEN structures discovered on the Arctic. NASA is covering it up. See the proof here! ALIEN structures discovered on Mars. NASA is covering it up. See the proof here!,1
This black seed oil CURES autism in 3 days — Big Pharma doesn't want you to know! SHOCKING: Bill Gates EXPOSED for secretly mind control experiments — the media won't tell you!,1
The the oversight committee passed legislation to regulate social media platforms following last month's summit. An investigation by the Federal Reserve found no evidence of fraud in the recent last month's summit. The central bank raised interest rates by 4% to combat rising inflation. The the regulatory body passed legislation to regulate financial institutions following the regional crisis.,0
Government CAUGHT microchipping citizens to control the population — whistleblower reveals ALL. This black seed oil CURES diabetes in just 2 days — Big Pharma doesn't want you to know! SHOCKING: George Soros EXPOSED for secretly microchipping citizens — the media won't tell you! You won't BELIEVE what the CDC is hiding about apple cider vinegar. The cover-up is REAL.,1
Government CAUGHT microchipping citizens to control the population — whistleblower reveals ALL. a famous actor CONFIRMS the great reset agenda in leaked video that mainstream media is ignoring. George Soros CONFIRMS population control in leaked video that mainstream media is ignoring. Bill Gates CONFIRMS the New World Order plan in leaked video that mainstream media is ignoring.,1
a top politician CONFIRMS population control in leaked video that mainstream media is ignoring. ALIEN structures discovered on Mars. NASA is covering it up. See the proof here! BREAKING: Scientists BANNED from revealing the truth about chemtrails. Share before it's deleted!,1
George Soros CONFIRMS the New World Order plan in leaked video that mainstream media is ignoring. You won't BELIEVE what Big Pharma is hiding about this simple herb. The cover-up is REAL. Government CAUGHT mind control experiments to control the population — whistleblower reveals ALL.,1
The central bank raised interest rates by 3% to combat rising inflation. The Canada government approved a 20 billion dollar budget for renewable energy. The NASA announced emergency measures following the regional crisis in Brussels.,0
This apple cider vinegar CURES COVID in 10 days — Big Pharma doesn't want you to know! Government CAUGHT poisoning the water supply to control the population — whistleblower reveals ALL. a top politician CONFIRMS population control in leaked video that mainstream media is ignoring.,1
"Health authorities confirmed 78 new cases of measles in sub-Saharan Africa. According to official reports, the Director General stated that the new trade agreement would be implemented by next fiscal year.",0
One weird trick the Illuminati doesn't want you to know about lizard people. It's being SUPPRESSED. You won't BELIEVE what Big Pharma is hiding about this simple herb. The cover-up is REAL. BREAKING: Scientists BANNED from revealing the truth about chemtrails. Share before it's deleted!,1
This black seed oil CURES diabetes in just 2 days — Big Pharma doesn't want you to know! URGENT: Forward this to everyone — Big Pharma is planning the New World Order plan by before the election. BREAKING: Scientists BANNED from revealing the truth about 5G towers. Share before it's deleted! URGENT: Forward this to everyone — the CDC is planning the New World Order plan by before the election.,1
"According to official reports, the spokesperson stated that the new trade agreement would be implemented by 2024. Market analysts say Samsung shares rose 4% after strong Q2 earnings. Market analysts say Samsung shares rose 4% after strong Q3 earnings.",0
Bill Gates CONFIRMS the great reset agenda in leaked video that mainstream media is ignoring. URGENT: Forward this to everyone — the CDC is planning the New World Order plan by this year. This this ancient remedy CURES autism in 10 days — Big Pharma doesn't want you to know! URGENT: Forward this to everyone — the Illuminati is planning the great reset agenda by 2025.,1
BREAKING: Scientists BANNED from revealing the truth about chemtrails. Share before it's deleted! SHOCKING: the elite EXPOSED for secretly mind control experiments — the media won't tell you!,1
One weird trick the Deep State doesn't want you to know about lizard people. It's being SUPPRESSED. Government CAUGHT poisoning the water supply to control the population — whistleblower reveals ALL.,1
You won't BELIEVE what the government is hiding about apple cider vinegar. The cover-up is REAL. You won't BELIEVE what the Illuminati is hiding about black seed oil. The cover-up is REAL.,1
The central bank raised interest rates by 4% to combat rising inflation. Scientists at Cambridge have published findings on urban planning in the Nature journal.,0
ALIEN structures discovered on the Moon. NASA is covering it up. See the proof here! Government CAUGHT microchipping citizens to control the population — whistleblower reveals ALL. ALIEN structures discovered on the Arctic. NASA is covering it up. See the proof here! This this ancient remedy CURES diabetes in 3 days — Big Pharma doesn't want you to know!,1
One weird trick the Illuminati doesn't want you to know about lizard people. It's being SUPPRESSED. URGENT: Forward this to everyone — the government is planning population control by before the election. URGENT: Forward this to everyone — the Deep State is planning the New World Order plan by this year.,1
Government CAUGHT poisoning the water supply to control the population — whistleblower reveals ALL. URGENT: Forward this to everyone — the CDC is planning the New World Order plan by this year. This black seed oil CURES cancer in 3 days — Big Pharma doesn't want you to know!,1
An investigation by United Nations found no evidence of data manipulation in the recent the regional crisis. An investigation by NASA found no evidence of data manipulation in the recent the regional crisis. The Japan government approved a 3.5 billion dollar budget for education.,0
The AP announced financial aid following rising tensions in Tokyo. Market analysts say Goldman Sachs shares rose 3% after strong Q1 earnings. The central bank raised interest rates by 2.5% to combat rising inflation.,0
BREAKING: Scientists BANNED from revealing the truth about 5G towers. Share before it's deleted! The REAL reason the economic crash happened will make your blood boil. They lied to us again. SHOCKING: a famous actor EXPOSED for secretly mind control experiments — the media won't tell you! URGENT: Forward this to everyone — the Illuminati is planning the New World Order plan by this year.,1
"The NASA announced new guidelines following the regional crisis in Tokyo. The WHO announced financial aid following the economic downturn in New Delhi. According to official reports, the Secretary of State stated that expanded healthcare access would be implemented by next fiscal year. The Australia government approved a 20 billion dollar budget for education.",0
"Health authorities confirmed 4,500 new cases of influenza A in Southeast Asia. Market analysts say Samsung shares rose 3% after strong Q3 earnings. Market analysts say Goldman Sachs shares rose 3% after strong Q2 earnings. The central bank raised interest rates by 4% to combat rising inflation.",0
"The AP announced financial aid following rising tensions in London. The Germany government approved a 1.2 billion dollar budget for renewable energy. According to official reports, the Secretary of State stated that the new trade agreement would be implemented by 2024. Health authorities confirmed 1,200 new cases of measles in sub-Saharan Africa.",0
BREAKING: Scientists BANNED from revealing the truth about 5G towers. Share before it's deleted! URGENT: Forward this to everyone — the Deep State is planning population control by before the election. BREAKING: Scientists BANNED from revealing the truth about lizard people. Share before it's deleted!,1
"Market analysts say BP shares rose 4% after strong Q4 earnings. Health authorities confirmed 78 new cases of influenza A in Western Europe. According to official reports, the Prime Minister stated that the new trade agreement would be implemented by 2024.",0
The Senate passed legislation to regulate financial institutions following rising tensions. Scientists at Stanford have published findings on genomic research in the The Lancet journal. The central bank raised interest rates by 0.75% to combat rising inflation.,0
SHOCKING: Bill Gates EXPOSED for secretly funding global warming hoax — the media won't tell you! Government CAUGHT microchipping citizens to control the population — whistleblower reveals ALL. SHOCKING: Bill Gates EXPOSED for secretly mind control experiments — the media won't tell you!,1
Health authorities confirmed 340 new cases of COVID-19 subvariant in South America. An investigation by Reuters found no evidence of misconduct in the recent the economic downturn. The WHO announced new guidelines following the economic downturn in Geneva. World leaders gathered in Washington D.C. to discuss vaccine efficacy at the annual Economic Forum.,0
This this simple herb CURES diabetes in 7 days — Big Pharma doesn't want you to know! One weird trick Big Pharma doesn't want you to know about chemtrails. It's being SUPPRESSED. Government CAUGHT funding global warming hoax to control the population — whistleblower reveals ALL. SHOCKING: the elite EXPOSED for secretly funding global warming hoax — the media won't tell you!,1
BREAKING: Scientists BANNED from revealing the truth about lizard people. Share before it's deleted! One weird trick the Illuminati doesn't want you to know about chemtrails. It's being SUPPRESSED.,1
One weird trick the government doesn't want you to know about 5G towers. It's being SUPPRESSED. URGENT: Forward this to everyone — the Deep State is planning population control by before the election. SHOCKING: George Soros EXPOSED for secretly mind control experiments — the media won't tell you! The REAL reason 9/11 happened will make your blood boil. They lied to us again.,1
URGENT: Forward this to everyone — the government is planning the great reset agenda by this year. The REAL reason 9/11 happened will make your blood boil. They lied to us again. One weird trick the Illuminati doesn't want you to know about 5G towers. It's being SUPPRESSED. BREAKING: Scientists BANNED from revealing the truth about the flat earth. Share before it's deleted!,1
BREAKING: Scientists BANNED from revealing the truth about the flat earth. Share before it's deleted! One weird trick the Deep State doesn't want you to know about chemtrails. It's being SUPPRESSED. ALIEN structures discovered on the Arctic. NASA is covering it up. See the proof here!,1
URGENT: Forward this to everyone — the Illuminati is planning the New World Order plan by before the election. the elite CONFIRMS population control in leaked video that mainstream media is ignoring.,1
The Reuters announced new guidelines following last month's summit in New Delhi. The the Federal Reserve announced emergency measures following last month's summit in New Delhi. The the regulatory body passed legislation to regulate social media platforms following last month's summit. The central bank raised interest rates by 0.75% to combat rising inflation.,0
"The Parliament passed legislation to regulate social media platforms following last month's summit. Health authorities confirmed 4,500 new cases of dengue fever in Western Europe. World leaders gathered in Brussels to discuss urban planning at the annual Economic Forum. According to official reports, the Director General stated that expanded healthcare access would be implemented by 2024.",0
Scientists at Oxford have published findings on climate change in the Nature journal. Scientists at Oxford have published findings on genomic research in the Nature journal.,0
The the oversight committee passed legislation to regulate financial institutions following rising tensions. Scientists at MIT have published findings on vaccine efficacy in the Nature journal.,0
World leaders gathered in Washington D.C. to discuss vaccine efficacy at the annual G20 Summit. The central bank raised interest rates by 0.75% to combat rising inflation.,0
An investigation by WHO found no evidence of fraud in the recent rising tensions. World leaders gathered in Geneva to discuss vaccine efficacy at the annual Security Forum. Health authorities confirmed 340 new cases of COVID-19 subvariant in Western Europe.,0
Health authorities confirmed 78 new cases of influenza A in South America. The WHO announced financial aid following the regional crisis in London. World leaders gathered in Geneva to discuss urban planning at the annual G20 Summit. The NASA announced new guidelines following the economic downturn in Washington D.C..,0
Scientists at Cambridge have published findings on urban planning in the Nature journal. Scientists at Cambridge have published findings on vaccine efficacy in the Nature journal.,0
BREAKING: Scientists BANNED from revealing the truth about 5G towers. Share before it's deleted! One weird trick the CDC doesn't want you to know about 5G towers. It's being SUPPRESSED. Government CAUGHT funding global warming hoax to control the population — whistleblower reveals ALL. SHOCKING: Bill Gates EXPOSED for secretly funding global warming hoax — the media won't tell you!,1
SHOCKING: a famous actor EXPOSED for secretly microchipping citizens — the media won't tell you! URGENT: Forward this to everyone — the Illuminati is planning population control by 2025.,1
"World leaders gathered in Geneva to discuss genomic research at the annual Climate Conference. According to official reports, the Secretary of State stated that the new trade agreement would be implemented by 2024. The the oversight committee passed legislation to regulate pharmaceutical companies following last month's summit.",0
URGENT: Forward this to everyone — the Illuminati is planning population control by before the election. This black seed oil CURES cancer in 3 days — Big Pharma doesn't want you to know! BREAKING: Scientists BANNED from revealing the truth about the deep state. Share before it's deleted! SHOCKING: a famous actor EXPOSED for secretly poisoning the water supply — the media won't tell you!,1
One weird trick the Illuminati doesn't want you to know about vaccine microchips. It's being SUPPRESSED. SHOCKING: George Soros EXPOSED for secretly mind control experiments — the media won't tell you! ALIEN structures discovered on the Moon. NASA is covering it up. See the proof here! SHOCKING: a famous actor EXPOSED for secretly funding global warming hoax — the media won't tell you!,1
ALIEN structures discovered on the Moon. NASA is covering it up. See the proof here! ALIEN structures discovered on Antarctica. NASA is covering it up. See the proof here! You won't BELIEVE what the CDC is hiding about this ancient remedy. The cover-up is REAL. This black seed oil CURES autism in just 2 days — Big Pharma doesn't want you to know!,1
The Senate passed legislation to regulate pharmaceutical companies following the economic downturn. The central bank raised interest rates by 0.75% to combat rising inflation. World leaders gathered in Geneva to discuss climate change at the annual Economic Forum.,0
"Health authorities confirmed 1,200 new cases of measles in Western Europe. The central bank raised interest rates by 1.2% to combat rising inflation.",0
"According to official reports, the Prime Minister stated that stricter emissions standards would be implemented by 2025. Market analysts say BP shares rose 4% after strong Q4 earnings. Market analysts say Apple shares rose 2.5% after strong Q2 earnings.",0
The REAL reason 9/11 happened will make your blood boil. They lied to us again. URGENT: Forward this to everyone — the Deep State is planning the New World Order plan by 2025. You won't BELIEVE what the CDC is hiding about black seed oil. The cover-up is REAL. Government CAUGHT funding global warming hoax to control the population — whistleblower reveals ALL.,1
World leaders gathered in Tokyo to discuss urban planning at the annual Security Forum. Scientists at Stanford have published findings on genomic research in the Nature journal. The central bank raised interest rates by 4% to combat rising inflation.,0
"According to official reports, the spokesperson stated that expanded healthcare access would be implemented by 2025. Health authorities confirmed 78 new cases of COVID-19 subvariant in Western Europe. Scientists at Stanford have published findings on vaccine efficacy in the Science journal.",0
The The US government approved a 3.5 billion dollar budget for healthcare. The The US government approved a 20 billion dollar budget for healthcare. The Canada government approved a 3.5 billion dollar budget for defense.,0
Bill Gates CONFIRMS population control in leaked video that mainstream media is ignoring. URGENT: Forward this to everyone — the Illuminati is planning population control by 2025. George Soros CONFIRMS the great reset agenda in leaked video that mainstream media is ignoring. ALIEN structures discovered on Antarctica. NASA is covering it up. See the proof here!,1
The the oversight committee passed legislation to regulate social media platforms following rising tensions. Market analysts say Samsung shares rose 2.5% after strong Q3 earnings. The the regulatory body passed legislation to regulate pharmaceutical companies following the regional crisis. An investigation by the Federal Reserve found no evidence of misconduct in the recent the regional crisis.,0
ALIEN structures discovered on the Arctic. NASA is covering it up. See the proof here! You won't BELIEVE what the Illuminati is hiding about this simple herb. The cover-up is REAL.,1
Government CAUGHT mind control experiments to control the population — whistleblower reveals ALL. The REAL reason the 2020 election happened will make your blood boil. They lied to us again. BREAKING: Scientists BANNED from revealing the truth about chemtrails. Share before it's deleted! BREAKING: Scientists BANNED from revealing the truth about the deep state. Share before it's deleted!,1
The REAL reason the pandemic happened will make your blood boil. They lied to us again. URGENT: Forward this to everyone — the Deep State is planning the great reset agenda by before the election. Government CAUGHT microchipping citizens to control the population — whistleblower reveals ALL. This black seed oil CURES COVID in 7 days — Big Pharma doesn't want you to know!,1
ALIEN structures discovered on Antarctica. NASA is covering it up. See the proof here! BREAKING: Scientists BANNED from revealing the truth about vaccine microchips. Share before it's deleted! BREAKING: Scientists BANNED from revealing the truth about the deep state. Share before it's deleted! ALIEN structures discovered on the Arctic. NASA is covering it up. See the proof here!,1
The Reuters announced financial aid following the economic downturn in New Delhi. The central bank raised interest rates by 0.75% to combat rising inflation. Health authorities confirmed 78 new cases of COVID-19 subvariant in South America. An investigation by NASA found no evidence of data manipulation in the recent the economic downturn.,0
"According to official reports, the Prime Minister stated that expanded healthcare access would be implemented by 2025. The central bank raised interest rates by 4% to combat rising inflation. Health authorities confirmed 1,200 new cases of influenza A in sub-Saharan Africa.",0
Government CAUGHT poisoning the water supply to control the population — whistleblower reveals ALL. URGENT: Forward this to everyone — the CDC is planning the great reset agenda by before the election.,1
Scientists at Stanford have published findings on vaccine efficacy in the The Lancet journal. The central bank raised interest rates by 2.5% to combat rising inflation. The Japan government approved a 0.8 billion dollar budget for infrastructure. An investigation by NASA found no evidence of data manipulation in the recent rising tensions.,0
The India government approved a 20 billion dollar budget for defense. The central bank raised interest rates by 0.75% to combat rising inflation. The Australia government approved a 20 billion dollar budget for renewable energy. Market analysts say Samsung shares rose 0.75% after strong Q1 earnings.,0
The the Federal Reserve announced emergency measures following rising tensions in Geneva. An investigation by Reuters found no evidence of data manipulation in the recent last month's summit.,0
"Scientists at Cambridge have published findings on urban planning in the Science journal. The Reuters announced new guidelines following the regional crisis in Washington D.C.. According to official reports, the Prime Minister stated that stricter emissions standards would be implemented by 2025.",0
One weird trick the Illuminati doesn't want you to know about the deep state. It's being SUPPRESSED. You won't BELIEVE what Big Pharma is hiding about black seed oil. The cover-up is REAL. BREAKING: Scientists BANNED from revealing the truth about chemtrails. Share before it's deleted! ALIEN structures discovered on Mars. NASA is covering it up. See the proof here!,1
Scientists at Stanford have published findings on urban planning in the Nature journal. The the oversight committee passed legislation to regulate social media platforms following last month's summit. Scientists at Cambridge have published findings on urban planning in the Science journal. An investigation by AP found no evidence of fraud in the recent the regional crisis.,0
ALIEN structures discovered on the Arctic. NASA is covering it up. See the proof here! SHOCKING: Bill Gates EXPOSED for secretly mind control experiments — the media won't tell you! URGENT: Forward this to everyone — the government is planning population control by before the election.,1
SHOCKING: the elite EXPOSED for secretly mind control experiments — the media won't tell you! BREAKING: Scientists BANNED from revealing the truth about chemtrails. Share before it's deleted! SHOCKING: the elite EXPOSED for secretly mind control experiments — the media won't tell you! URGENT: Forward this to everyone — the Deep State is planning population control by before the election.,1
One weird trick Big Pharma doesn't want you to know about the deep state. It's being SUPPRESSED. BREAKING: Scientists BANNED from revealing the truth about the deep state. Share before it's deleted!,1
The REAL reason the economic crash happened will make your blood boil. They lied to us again. ALIEN structures discovered on the Arctic. NASA is covering it up. See the proof here!,1
ALIEN structures discovered on the Arctic. NASA is covering it up. See the proof here! This apple cider vinegar CURES autism in 7 days — Big Pharma doesn't want you to know! ALIEN structures discovered on the Moon. NASA is covering it up. See the proof here! SHOCKING: the elite EXPOSED for secretly microchipping citizens — the media won't tell you!,1
Government CAUGHT poisoning the water supply to control the population — whistleblower reveals ALL. You won't BELIEVE what the Illuminati is hiding about apple cider vinegar. The cover-up is REAL. The REAL reason 9/11 happened will make your blood boil. They lied to us again.,1
The REAL reason the 2020 election happened will make your blood boil. They lied to us again. You won't BELIEVE what the CDC is hiding about this ancient remedy. The cover-up is REAL. SHOCKING: Bill Gates EXPOSED for secretly microchipping citizens — the media won't tell you! Government CAUGHT microchipping citizens to control the population — whistleblower reveals ALL.,1
ALIEN structures discovered on the Moon. NASA is covering it up. See the proof here! George Soros CONFIRMS population control in leaked video that mainstream media is ignoring. ALIEN structures discovered on the Moon. NASA is covering it up. See the proof here!,1
BREAKING: Scientists BANNED from revealing the truth about lizard people. Share before it's deleted! BREAKING: Scientists BANNED from revealing the truth about chemtrails. Share before it's deleted!,1
"Scientists at Stanford have published findings on climate change in the Nature journal. The the oversight committee passed legislation to regulate financial institutions following rising tensions. The Canada government approved a 20 billion dollar budget for healthcare. Health authorities confirmed 1,200 new cases of influenza A in Southeast Asia.",0
The the oversight committee passed legislation to regulate pharmaceutical companies following last month's summit. An investigation by the Pentagon found no evidence of fraud in the recent last month's summit. Scientists at Stanford have published findings on urban planning in the The Lancet journal.,0
a top politician CONFIRMS the great reset agenda in leaked video that mainstream media is ignoring. One weird trick Big Pharma doesn't want you to know about vaccine microchips. It's being SUPPRESSED.,1
Market analysts say Toyota shares rose 4% after strong Q3 earnings. Market analysts say Samsung shares rose 1.2% after strong Q4 earnings. Market analysts say Toyota shares rose 2.5% after strong Q2 earnings.,0
One weird trick the government doesn't want you to know about vaccine microchips. It's being SUPPRESSED. One weird trick the CDC doesn't want you to know about 5G towers. It's being SUPPRESSED.,1
An investigation by the Federal Reserve found no evidence of misconduct in the recent rising tensions. The Reuters announced financial aid following the regional crisis in London. Market analysts say Toyota shares rose 0.75% after strong Q4 earnings. World leaders gathered in Geneva to discuss genomic research at the annual Climate Conference.,0
This this simple herb CURES diabetes in 7 days — Big Pharma doesn't want you to know! a top politician CONFIRMS the New World Order plan in leaked video that mainstream media is ignoring. The REAL reason the pandemic happened will make your blood boil. They lied to us again. SHOCKING: the elite EXPOSED for secretly mind control experiments — the media won't tell you!,1
The the Federal Reserve announced emergency measures following the economic downturn in Geneva. World leaders gathered in Geneva to discuss vaccine efficacy at the annual Climate Conference. An investigation by NASA found no evidence of bias in the recent the regional crisis. Market analysts say Toyota shares rose 1.2% after strong Q4 earnings.,0
"The central bank raised interest rates by 4% to combat rising inflation. According to official reports, the Prime Minister stated that the new trade agreement would be implemented by next fiscal year. Scientists at Cambridge have published findings on urban planning in the The Lancet journal.",0
George Soros CONFIRMS the New World Order plan in leaked video that mainstream media is ignoring. Government CAUGHT mind control experiments to control the population — whistleblower reveals ALL. One weird trick the Deep State doesn't want you to know about chemtrails. It's being SUPPRESSED. The REAL reason 9/11 happened will make your blood boil. They lied to us again.,1
"World leaders gathered in Geneva to discuss climate change at the annual Climate Conference. According to official reports, the spokesperson stated that stricter emissions standards would be implemented by 2024. The Australia government approved a 5 billion dollar budget for renewable energy. The central bank raised interest rates by 2.5% to combat rising inflation.",0
The REAL reason the 2020 election happened will make your blood boil. They lied to us again. One weird trick the Deep State doesn't want you to know about vaccine microchips. It's being SUPPRESSED. The REAL reason the pandemic happened will make your blood boil. They lied to us again. ALIEN structures discovered on the Arctic. NASA is covering it up. See the proof here!,1
The Japan government approved a 20 billion dollar budget for defense. Market analysts say BP shares rose 1.2% after strong Q4 earnings. The India government approved a 3.5 billion dollar budget for education.,0
The REAL reason the economic crash happened will make your blood boil. They lied to us again. George Soros CONFIRMS the great reset agenda in leaked video that mainstream media is ignoring.,1
"Health authorities confirmed 4,500 new cases of COVID-19 subvariant in South America. The Parliament passed legislation to regulate pharmaceutical companies following last month's summit.",0
Government CAUGHT poisoning the water supply to control the population — whistleblower reveals ALL. This this simple herb CURES cancer in 10 days — Big Pharma doesn't want you to know! BREAKING: Scientists BANNED from revealing the truth about the flat earth. Share before it's deleted! ALIEN structures discovered on the Moon. NASA is covering it up. See the proof here!,1
Market analysts say Goldman Sachs shares rose 1.2% after strong Q3 earnings. Health authorities confirmed 78 new cases of measles in South America. Health authorities confirmed 78 new cases of COVID-19 subvariant in South America. World leaders gathered in London to discuss urban planning at the annual Security Forum.,0
Health authorities confirmed 340 new cases of dengue fever in Southeast Asia. The the Federal Reserve announced financial aid following rising tensions in London. The the oversight committee passed legislation to regulate pharmaceutical companies following rising tensions. The Senate passed legislation to regulate social media platforms following the economic downturn.,0
This this ancient remedy CURES diabetes in 7 days — Big Pharma doesn't want you to know! BREAKING: Scientists BANNED from revealing the truth about the deep state. Share before it's deleted! Government CAUGHT funding global warming hoax to control the population — whistleblower reveals ALL. George Soros CONFIRMS the New World Order plan in leaked video that mainstream media is ignoring.,1
Scientists at MIT have published findings on AI safety in the Nature journal. The the oversight committee passed legislation to regulate pharmaceutical companies following rising tensions.,0
"The central bank raised interest rates by 2.5% to combat rising inflation. World leaders gathered in Tokyo to discuss climate change at the annual Security Forum. According to official reports, the Prime Minister stated that the new trade agreement would be implemented by 2024.",0
The REAL reason the pandemic happened will make your blood boil. They lied to us again. This this ancient remedy CURES COVID in 10 days — Big Pharma doesn't want you to know!,1
"Health authorities confirmed 4,500 new cases of measles in Western Europe. Health authorities confirmed 4,500 new cases of dengue fever in Southeast Asia.",0
BREAKING: Scientists BANNED from revealing the truth about the deep state. Share before it's deleted! One weird trick the Deep State doesn't want you to know about vaccine microchips. It's being SUPPRESSED. You won't BELIEVE what the Deep State is hiding about apple cider vinegar. The cover-up is REAL. Government CAUGHT mind control experiments to control the population — whistleblower reveals ALL.,1
You won't BELIEVE what the Illuminati is hiding about apple cider vinegar. The cover-up is REAL. the elite CONFIRMS the great reset agenda in leaked video that mainstream media is ignoring.,1
ALIEN structures discovered on the Moon. NASA is covering it up. See the proof here! SHOCKING: a top politician EXPOSED for secretly microchipping citizens — the media won't tell you! URGENT: Forward this to everyone — the Illuminati is planning the New World Order plan by 2025.,1
World leaders gathered in London to discuss vaccine efficacy at the annual Climate Conference. The central bank raised interest rates by 4% to combat rising inflation. The the regulatory body passed legislation to regulate financial institutions following the regional crisis. The central bank raised interest rates by 1.2% to combat rising inflation.,0
"The Reuters announced emergency measures following the regional crisis in Brussels. According to official reports, the spokesperson stated that expanded healthcare access would be implemented by next fiscal year.",0
Government CAUGHT poisoning the water supply to control the population — whistleblower reveals ALL. The REAL reason the pandemic happened will make your blood boil. They lied to us again.,1
Health authorities confirmed 340 new cases of COVID-19 subvariant in sub-Saharan Africa. Scientists at Cambridge have published findings on climate change in the Nature journal. Market analysts say Apple shares rose 1.2% after strong Q1 earnings.,0
The Senate passed legislation to regulate pharmaceutical companies following the regional crisis. Scientists at Oxford have published findings on urban planning in the Nature journal.,0
"Health authorities confirmed 1,200 new cases of influenza A in sub-Saharan Africa. The Canada government approved a 0.8 billion dollar budget for education. An investigation by the Federal Reserve found no evidence of fraud in the recent last month's summit. The Japan government approved a 3.5 billion dollar budget for infrastructure.",0
The REAL reason the 2020 election happened will make your blood boil. They lied to us again. Government CAUGHT mind control experiments to control the population — whistleblower reveals ALL.,1
URGENT: Forward this to everyone — Big Pharma is planning the New World Order plan by before the election. ALIEN structures discovered on Mars. NASA is covering it up. See the proof here! URGENT: Forward this to everyone — the government is planning population control by before the election.,1
"The Canada government approved a 20 billion dollar budget for healthcare. Health authorities confirmed 4,500 new cases of dengue fever in Western Europe. The Parliament passed legislation to regulate pharmaceutical companies following the economic downturn. The NASA announced financial aid following last month's summit in Washington D.C..",0
You won't BELIEVE what the Deep State is hiding about this simple herb. The cover-up is REAL. a top politician CONFIRMS population control in leaked video that mainstream media is ignoring. BREAKING: Scientists BANNED from revealing the truth about the flat earth. Share before it's deleted! SHOCKING: George Soros EXPOSED for secretly funding global warming hoax — the media won't tell you!,1
One weird trick the government doesn't want you to know about chemtrails. It's being SUPPRESSED. URGENT: Forward this to everyone — the Illuminati is planning population control by before the election.,1
This apple cider vinegar CURES diabetes in 7 days — Big Pharma doesn't want you to know! ALIEN structures discovered on Mars. NASA is covering it up. See the proof here! This apple cider vinegar CURES Alzheimer's in 7 days — Big Pharma doesn't want you to know! Government CAUGHT microchipping citizens to control the population — whistleblower reveals ALL.,1
URGENT: Forward this to everyone — the government is planning the New World Order plan by this year. a top politician CONFIRMS the New World Order plan in leaked video that mainstream media is ignoring.,1
You won't BELIEVE what the government is hiding about apple cider vinegar. The cover-up is REAL. SHOCKING: a famous actor EXPOSED for secretly poisoning the water supply — the media won't tell you!,1
ALIEN structures discovered on the Moon. NASA is covering it up. See the proof here! The REAL reason 9/11 happened will make your blood boil. They lied to us again.,1
Market analysts say Goldman Sachs shares rose 4% after strong Q3 earnings. The central bank raised interest rates by 4% to combat rising inflation. The central bank raised interest rates by 4% to combat rising inflation.,0
The Senate passed legislation to regulate financial institutions following the regional crisis. Scientists at Stanford have published findings on climate change in the The Lancet journal.,0
Government CAUGHT microchipping citizens to control the population — whistleblower reveals ALL. One weird trick the Illuminati doesn't want you to know about the flat earth. It's being SUPPRESSED.,1
An investigation by United Nations found no evidence of bias in the recent last month's summit. The Parliament passed legislation to regulate financial institutions following last month's summit. The central bank raised interest rates by 0.75% to combat rising inflation.,0
The REAL reason 9/11 happened will make your blood boil. They lied to us again. BREAKING: Scientists BANNED from revealing the truth about vaccine microchips. Share before it's deleted!,1
URGENT: Forward this to everyone — the government is planning population control by 2025. The REAL reason the 2020 election happened will make your blood boil. They lied to us again. You won't BELIEVE what the Deep State is hiding about black seed oil. The cover-up is REAL. SHOCKING: George Soros EXPOSED for secretly funding global warming hoax — the media won't tell you!,1
SHOCKING: Bill Gates EXPOSED for secretly microchipping citizens — the media won't tell you! SHOCKING: the elite EXPOSED for secretly funding global warming hoax — the media won't tell you! SHOCKING: George Soros EXPOSED for secretly funding global warming hoax — the media won't tell you! ALIEN structures discovered on the Arctic. NASA is covering it up. See the proof here!,1
An investigation by AP found no evidence of data manipulation in the recent the regional crisis. Market analysts say Goldman Sachs shares rose 3% after strong Q2 earnings.,0
"An investigation by Reuters found no evidence of bias in the recent rising tensions. Health authorities confirmed 4,500 new cases of measles in Southeast Asia.",0
Government CAUGHT funding global warming hoax to control the population — whistleblower reveals ALL. SHOCKING: a top politician EXPOSED for secretly microchipping citizens — the media won't tell you! One weird trick the Illuminati doesn't want you to know about vaccine microchips. It's being SUPPRESSED. Government CAUGHT microchipping citizens to control the population — whistleblower reveals ALL.,1
SHOCKING: George Soros EXPOSED for secretly mind control experiments — the media won't tell you! BREAKING: Scientists BANNED from revealing the truth about lizard people. Share before it's deleted!,1
SHOCKING: George Soros EXPOSED for secretly poisoning the water supply — the media won't tell you! URGENT: Forward this to everyone — the Deep State is planning the great reset agenda by before the election.,1
URGENT: Forward this to everyone — Big Pharma is planning the New World Order plan by 2025. ALIEN structures discovered on Antarctica. NASA is covering it up. See the proof here! This black seed oil CURES autism in just 2 days — Big Pharma doesn't want you to know!,1
The central bank raised interest rates by 1.2% to combat rising inflation. Scientists at Stanford have published findings on vaccine efficacy in the The Lancet journal.,0
The the oversight committee passed legislation to regulate social media platforms following last month's summit. Market analysts say BP shares rose 3% after strong Q4 earnings. Scientists at Johns Hopkins have published findings on climate change in the Nature journal. The Parliament passed legislation to regulate social media platforms following last month's summit.,0
"According to official reports, the Director General stated that stricter emissions standards would be implemented by 2024. World leaders gathered in London to discuss AI safety at the annual Climate Conference.",0
The REAL reason 9/11 happened will make your blood boil. They lied to us again. a famous actor CONFIRMS population control in leaked video that mainstream media is ignoring. Government CAUGHT poisoning the water supply to control the population — whistleblower reveals ALL. Government CAUGHT microchipping citizens to control the population — whistleblower reveals ALL.,1
One weird trick the government doesn't want you to know about lizard people. It's being SUPPRESSED. One weird trick the CDC doesn't want you to know about 5G towers. It's being SUPPRESSED. Government CAUGHT mind control experiments to control the population — whistleblower reveals ALL. You won't BELIEVE what the government is hiding about black seed oil. The cover-up is REAL.,1
An investigation by the Pentagon found no evidence of data manipulation in the recent the regional crisis. Market analysts say Samsung shares rose 0.75% after strong Q4 earnings.,0
"Health authorities confirmed 4,500 new cases of dengue fever in Southeast Asia. An investigation by United Nations found no evidence of bias in the recent last month's summit. The WHO announced a formal inquiry following the economic downturn in Tokyo. Health authorities confirmed 4,500 new cases of influenza A in Southeast Asia.",0
"The NASA announced emergency measures following last month's summit in London. According to official reports, the Prime Minister stated that stricter emissions standards would be implemented by 2024. Market analysts say Samsung shares rose 0.75% after strong Q3 earnings. The central bank raised interest rates by 4% to combat rising inflation.",0
"World leaders gathered in Tokyo to discuss urban planning at the annual G20 Summit. Health authorities confirmed 4,500 new cases of measles in South America.",0
"An investigation by the Federal Reserve found no evidence of data manipulation in the recent rising tensions. The Parliament passed legislation to regulate pharmaceutical companies following the economic downturn. Health authorities confirmed 1,200 new cases of COVID-19 subvariant in Southeast Asia.",0
You won't BELIEVE what Big Pharma is hiding about apple cider vinegar. The cover-up is REAL. a top politician CONFIRMS population control in leaked video that mainstream media is ignoring.,1
You won't BELIEVE what Big Pharma is hiding about apple cider vinegar. The cover-up is REAL. The REAL reason the pandemic happened will make your blood boil. They lied to us again.,1
SHOCKING: George Soros EXPOSED for secretly poisoning the water supply — the media won't tell you! a famous actor CONFIRMS the New World Order plan in leaked video that mainstream media is ignoring. This black seed oil CURES diabetes in just 2 days — Big Pharma doesn't want you to know!,1
URGENT: Forward this to everyone — the Illuminati is planning population control by this year. One weird trick the CDC doesn't want you to know about vaccine microchips. It's being SUPPRESSED. One weird trick the CDC doesn't want you to know about the deep state. It's being SUPPRESSED. The REAL reason the pandemic happened will make your blood boil. They lied to us again.,1
SHOCKING: the elite EXPOSED for secretly funding global warming hoax — the media won't tell you! One weird trick the Deep State doesn't want you to know about vaccine microchips. It's being SUPPRESSED. One weird trick Big Pharma doesn't want you to know about chemtrails. It's being SUPPRESSED. This this simple herb CURES COVID in 7 days — Big Pharma doesn't want you to know!,1
ALIEN structures discovered on Mars. NASA is covering it up. See the proof here! This this simple herb CURES Alzheimer's in 3 days — Big Pharma doesn't want you to know! URGENT: Forward this to everyone — the CDC is planning population control by 2025.,1
An investigation by AP found no evidence of data manipulation in the recent last month's summit. Health authorities confirmed 78 new cases of measles in sub-Saharan Africa.,0
ALIEN structures discovered on the Moon. NASA is covering it up. See the proof here! SHOCKING: a famous actor EXPOSED for secretly microchipping citizens — the media won't tell you! a top politician CONFIRMS the New World Order plan in leaked video that mainstream media is ignoring.,1
ALIEN structures discovered on the Arctic. NASA is covering it up. See the proof here! One weird trick the CDC doesn't want you to know about 5G towers. It's being SUPPRESSED.,1
"According to official reports, the Secretary of State stated that expanded healthcare access would be implemented by 2025. An investigation by WHO found no evidence of misconduct in the recent the economic downturn. An investigation by Reuters found no evidence of misconduct in the recent last month's summit.",0
Bill Gates CONFIRMS population control in leaked video that mainstream media is ignoring. a top politician CONFIRMS the New World Order plan in leaked video that mainstream media is ignoring. BREAKING: Scientists BANNED from revealing the truth about the deep state. Share before it's deleted! Government CAUGHT mind control experiments to control the population — whistleblower reveals ALL.,1
Market analysts say Toyota shares rose 2.5% after strong Q3 earnings. The central bank raised interest rates by 4% to combat rising inflation. An investigation by Reuters found no evidence of misconduct in the recent the regional crisis. The India government approved a 1.2 billion dollar budget for healthcare.,0
The REAL reason the 2020 election happened will make your blood boil. They lied to us again. This this simple herb CURES Alzheimer's in 10 days — Big Pharma doesn't want you to know! SHOCKING: a top politician EXPOSED for secretly funding global warming hoax — the media won't tell you!,1
Government CAUGHT poisoning the water supply to control the population — whistleblower reveals ALL. BREAKING: Scientists BANNED from revealing the truth about 5G towers. Share before it's deleted! One weird trick the government doesn't want you to know about chemtrails. It's being SUPPRESSED.,1
"An investigation by the Pentagon found no evidence of bias in the recent the regional crisis. Market analysts say Apple shares rose 2.5% after strong Q1 earnings. Health authorities confirmed 1,200 new cases of dengue fever in Western Europe.",0
The Senate passed legislation to regulate social media platforms following rising tensions. Market analysts say Apple shares rose 0.75% after strong Q1 earnings.,0
You won't BELIEVE what Big Pharma is hiding about black seed oil. The cover-up is REAL. Government CAUGHT microchipping citizens to control the population — whistleblower reveals ALL.,1
The REAL reason 9/11 happened will make your blood boil. They lied to us again. Government CAUGHT poisoning the water supply to control the population — whistleblower reveals ALL.,1
One weird trick the CDC doesn't want you to know about lizard people. It's being SUPPRESSED. SHOCKING: George Soros EXPOSED for secretly funding global warming hoax — the media won't tell you!,1
URGENT: Forward this to everyone — Big Pharma is planning population control by this year. One weird trick Big Pharma doesn't want you to know about vaccine microchips. It's being SUPPRESSED. Government CAUGHT mind control experiments to control the population — whistleblower reveals ALL. This this ancient remedy CURES cancer in 10 days — Big Pharma doesn't want you to know!,1
Market analysts say Apple shares rose 1.2% after strong Q1 earnings. Market analysts say Toyota shares rose 2.5% after strong Q2 earnings.,0
One weird trick Big Pharma doesn't want you to know about vaccine microchips. It's being SUPPRESSED. This this ancient remedy CURES diabetes in 10 days — Big Pharma doesn't want you to know! You won't BELIEVE what the CDC is hiding about this ancient remedy. The cover-up is REAL.,1
Market analysts say Samsung shares rose 1.2% after strong Q2 earnings. Scientists at Stanford have published findings on urban planning in the The Lancet journal.,0
World leaders gathered in London to discuss genomic research at the annual Security Forum. Scientists at Cambridge have published findings on vaccine efficacy in the Science journal. The Senate passed legislation to regulate social media platforms following the regional crisis. An investigation by WHO found no evidence of fraud in the recent last month's summit.,0
Market analysts say Toyota shares rose 3% after strong Q1 earnings. Health authorities confirmed 78 new cases of measles in Southeast Asia. The Canada government approved a 1.2 billion dollar budget for infrastructure. The Japan government approved a 5 billion dollar budget for defense.,0
Health authorities confirmed 340 new cases of dengue fever in Western Europe. The Senate passed legislation to regulate pharmaceutical companies following the economic downturn.,0
World leaders gathered in Tokyo to discuss vaccine efficacy at the annual G20 Summit. World leaders gathered in Geneva to discuss vaccine efficacy at the annual Security Forum. World leaders gathered in Tokyo to discuss AI safety at the annual Security Forum. The Australia government approved a 3.5 billion dollar budget for education.,0
The Senate passed legislation to regulate social media platforms following last month's summit. The central bank raised interest rates by 1.2% to combat rising inflation. World leaders gathered in Washington D.C. to discuss urban planning at the annual Economic Forum.,0
URGENT: Forward this to everyone — the government is planning population control by before the election. ALIEN structures discovered on Antarctica. NASA is covering it up. See the proof here! BREAKING: Scientists BANNED from revealing the truth about vaccine microchips. Share before it's deleted!,1
Health authorities confirmed 340 new cases of dengue fever in Western Europe. The central bank raised interest rates by 3% to combat rising inflation. World leaders gathered in Tokyo to discuss climate change at the annual Economic Forum. Health authorities confirmed 340 new cases of dengue fever in Southeast Asia.,0
Market analysts say Goldman Sachs shares rose 0.75% after strong Q4 earnings. Scientists at Cambridge have published findings on AI safety in the Nature journal.,0
"The the regulatory body passed legislation to regulate pharmaceutical companies following last month's summit. According to official reports, the Prime Minister stated that the new trade agreement would be implemented by 2025. An investigation by the Pentagon found no evidence of bias in the recent rising tensions.",0
You won't BELIEVE what the Illuminati is hiding about black seed oil. The cover-up is REAL. SHOCKING: a famous actor EXPOSED for secretly microchipping citizens — the media won't tell you! One weird trick the Deep State doesn't want you to know about 5G towers. It's being SUPPRESSED. Government CAUGHT mind control experiments to control the population — whistleblower reveals ALL.,1
SHOCKING: Bill Gates EXPOSED for secretly microchipping citizens — the media won't tell you! SHOCKING: George Soros EXPOSED for secretly mind control experiments — the media won't tell you! a top politician CONFIRMS population control in leaked video that mainstream media is ignoring. Government CAUGHT microchipping citizens to control the population — whistleblower reveals ALL.,1
BREAKING: Scientists BANNED from revealing the truth about 5G towers. Share before it's deleted! The REAL reason the 2020 election happened will make your blood boil. They lied to us again. a famous actor CONFIRMS the New World Order plan in leaked video that mainstream media is ignoring. One weird trick the CDC doesn't want you to know about chemtrails. It's being SUPPRESSED.,1
One weird trick the CDC doesn't want you to know about the deep state. It's being SUPPRESSED. You won't BELIEVE what the CDC is hiding about black seed oil. The cover-up is REAL. You won't BELIEVE what the Illuminati is hiding about this simple herb. The cover-up is REAL. You won't BELIEVE what Big Pharma is hiding about this simple herb. The cover-up is REAL.,1
The central bank raised interest rates by 3% to combat rising inflation. The central bank raised interest rates by 2.5% to combat rising inflation. The the regulatory body passed legislation to regulate social media platforms following last month's summit.,0
The United Nations announced financial aid following last month's summit in Washington D.C.. Market analysts say Toyota shares rose 2.5% after strong Q2 earnings. The the Federal Reserve announced new guidelines following the economic downturn in Washington D.C.. Scientists at MIT have published findings on urban planning in the The Lancet journal.,0
This black seed oil CURES cancer in 7 days — Big Pharma doesn't want you to know! One weird trick Big Pharma doesn't want you to know about vaccine microchips. It's being SUPPRESSED. SHOCKING: a famous actor EXPOSED for secretly funding global warming hoax — the media won't tell you!,1
World leaders gathered in Tokyo to discuss AI safety at the annual Climate Conference. The central bank raised interest rates by 0.75% to combat rising inflation.,0
One weird trick the CDC doesn't want you to know about lizard people. It's being SUPPRESSED. You won't BELIEVE what Big Pharma is hiding about black seed oil. The cover-up is REAL.,1
the elite CONFIRMS population control in leaked video that mainstream media is ignoring. The REAL reason the 2020 election happened will make your blood boil. They lied to us again. You won't BELIEVE what the Deep State is hiding about black seed oil. The cover-up is REAL. One weird trick the CDC doesn't want you to know about 5G towers. It's being SUPPRESSED.,1
The AP announced a formal inquiry following the regional crisis in London. The the Federal Reserve announced emergency measures following last month's summit in Tokyo.,0
"Market analysts say Apple shares rose 0.75% after strong Q2 earnings. According to official reports, the spokesperson stated that stricter emissions standards would be implemented by 2025.",0
URGENT: Forward this to everyone — the Deep State is planning population control by 2025. SHOCKING: the elite EXPOSED for secretly microchipping citizens — the media won't tell you! a top politician CONFIRMS population control in leaked video that mainstream media is ignoring.,1
"According to official reports, the Director General stated that expanded healthcare access would be implemented by next fiscal year. The the Pentagon announced a formal inquiry following last month's summit in Tokyo. The Senate passed legislation to regulate social media platforms following last month's summit.",0
URGENT: Forward this to everyone — Big Pharma is planning the great reset agenda by before the election. ALIEN structures discovered on the Moon. NASA is covering it up. See the proof here! Bill Gates CONFIRMS the New World Order plan in leaked video that mainstream media is ignoring.,1
URGENT: Forward this to everyone — Big Pharma is planning the New World Order plan by this year. Bill Gates CONFIRMS the New World Order plan in leaked video that mainstream media is ignoring. BREAKING: Scientists BANNED from revealing the truth about chemtrails. Share before it's deleted! You won't BELIEVE what the government is hiding about this ancient remedy. The cover-up is REAL.,1
Scientists at MIT have published findings on genomic research in the The Lancet journal. The central bank raised interest rates by 4% to combat rising inflation.,0
BREAKING: Scientists BANNED from revealing the truth about lizard people. Share before it's deleted! URGENT: Forward this to everyone — the Deep State is planning the great reset agenda by before the election. You won't BELIEVE what Big Pharma is hiding about this ancient remedy. The cover-up is REAL. The REAL reason 9/11 happened will make your blood boil. They lied to us again.,1
"According to official reports, the spokesperson stated that the new trade agreement would be implemented by next fiscal year. The Senate passed legislation to regulate pharmaceutical companies following last month's summit. Health authorities confirmed 1,200 new cases of COVID-19 subvariant in South America. The central bank raised interest rates by 1.2% to combat rising inflation.",0
The Reuters announced financial aid following the economic downturn in Washington D.C.. Market analysts say Apple shares rose 3% after strong Q3 earnings. Scientists at Johns Hopkins have published findings on AI safety in the Science journal. World leaders gathered in New Delhi to discuss urban planning at the annual G20 Summit.,0
"The The US government approved a 0.8 billion dollar budget for healthcare. Health authorities confirmed 340 new cases of influenza A in Western Europe. Health authorities confirmed 1,200 new cases of measles in South America.",0
Scientists at Stanford have published findings on vaccine efficacy in the The Lancet journal. Scientists at Stanford have published findings on vaccine efficacy in the The Lancet journal.,0
"Health authorities confirmed 4,500 new cases of measles in Southeast Asia. The the Pentagon announced emergency measures following last month's summit in Tokyo. The India government approved a 1.2 billion dollar budget for renewable energy.",0
Health authorities confirmed 340 new cases of influenza A in South America. World leaders gathered in Geneva to discuss AI safety at the annual Security Forum. The the regulatory body passed legislation to regulate pharmaceutical companies following the regional crisis. Scientists at Cambridge have published findings on urban planning in the The Lancet journal.,0
ALIEN structures discovered on Antarctica. NASA is covering it up. See the proof here! This apple cider vinegar CURES Alzheimer's in 3 days — Big Pharma doesn't want you to know! SHOCKING: a top politician EXPOSED for secretly poisoning the water supply — the media won't tell you!,1
This this ancient remedy CURES cancer in just 2 days — Big Pharma doesn't want you to know! BREAKING: Scientists BANNED from revealing the truth about 5G towers. Share before it's deleted! ALIEN structures discovered on Mars. NASA is covering it up. See the proof here! URGENT: Forward this to everyone — the government is planning the New World Order plan by 2025.,1
The central bank raised interest rates by 2.5% to combat rising inflation. An investigation by AP found no evidence of bias in the recent the economic downturn. An investigation by the Federal Reserve found no evidence of data manipulation in the recent the economic downturn.,0
The the regulatory body passed legislation to regulate financial institutions following last month's summit. The Australia government approved a 20 billion dollar budget for defense. An investigation by United Nations found no evidence of misconduct in the recent rising tensions.,0
ALIEN structures discovered on Antarctica. NASA is covering it up. See the proof here! SHOCKING: a top politician EXPOSED for secretly microchipping citizens — the media won't tell you! a top politician CONFIRMS the great reset agenda in leaked video that mainstream media is ignoring.,1
The the oversight committee passed legislation to regulate pharmaceutical companies following last month's summit. The the Federal Reserve announced new guidelines following the economic downturn in Tokyo. Market analysts say Toyota shares rose 0.75% after strong Q2 earnings. Health authorities confirmed 340 new cases of dengue fever in Southeast Asia.,0
You won't BELIEVE what the Illuminati is hiding about black seed oil. The cover-up is REAL. ALIEN structures discovered on the Arctic. NASA is covering it up. See the proof here! You won't BELIEVE what the Deep State is hiding about this simple herb. The cover-up is REAL.,1
The AP announced a formal inquiry following the regional crisis in Brussels. Market analysts say Goldman Sachs shares rose 3% after strong Q4 earnings.,0
The Reuters announced new guidelines following the regional crisis in Geneva. Market analysts say Samsung shares rose 4% after strong Q4 earnings. The The US government approved a 20 billion dollar budget for renewable energy.,0
"The central bank raised interest rates by 3% to combat rising inflation. According to official reports, the Prime Minister stated that expanded healthcare access would be implemented by 2025. According to official reports, the Director General stated that stricter emissions standards would be implemented by 2025. An investigation by United Nations found no evidence of bias in the recent the regional crisis.",0
The REAL reason the pandemic happened will make your blood boil. They lied to us again. You won't BELIEVE what the Deep State is hiding about this simple herb. The cover-up is REAL.,1
An investigation by Reuters found no evidence of data manipulation in the recent last month's summit. Health authorities confirmed 340 new cases of measles in Southeast Asia.,0
"An investigation by AP found no evidence of fraud in the recent the economic downturn. Health authorities confirmed 1,200 new cases of influenza A in Western Europe.",0
the elite CONFIRMS population control in leaked video that mainstream media is ignoring. a top politician CONFIRMS the great reset agenda in leaked video that mainstream media is ignoring.,1
"World leaders gathered in Washington D.C. to discuss urban planning at the annual G20 Summit. The Senate passed legislation to regulate pharmaceutical companies following the regional crisis. Health authorities confirmed 1,200 new cases of dengue fever in Southeast Asia. The central bank raised interest rates by 2.5% to combat rising inflation.",0
Market analysts say Apple shares rose 1.2% after strong Q3 earnings. Market analysts say Toyota shares rose 4% after strong Q3 earnings.,0
This this simple herb CURES cancer in just 2 days — Big Pharma doesn't want you to know! URGENT: Forward this to everyone — the CDC is planning the great reset agenda by before the election. You won't BELIEVE what the government is hiding about this simple herb. The cover-up is REAL.,1
The REAL reason the 2020 election happened will make your blood boil. They lied to us again. BREAKING: Scientists BANNED from revealing the truth about the flat earth. Share before it's deleted!,1
An investigation by United Nations found no evidence of fraud in the recent rising tensions. Scientists at Stanford have published findings on vaccine efficacy in the Science journal.,0
Health authorities confirmed 78 new cases of dengue fever in sub-Saharan Africa. World leaders gathered in New Delhi to discuss vaccine efficacy at the annual Economic Forum.,0
BREAKING: Scientists BANNED from revealing the truth about the deep state. Share before it's deleted! This black seed oil CURES Alzheimer's in 3 days — Big Pharma doesn't want you to know!,1
BREAKING: Scientists BANNED from revealing the truth about vaccine microchips. Share before it's deleted! Government CAUGHT mind control experiments to control the population — whistleblower reveals ALL.,1
"Health authorities confirmed 4,500 new cases of dengue fever in Western Europe. World leaders gathered in London to discuss vaccine efficacy at the annual Economic Forum.",0
The the oversight committee passed legislation to regulate social media platforms following last month's summit. The central bank raised interest rates by 2.5% to combat rising inflation. The the regulatory body passed legislation to regulate financial institutions following rising tensions.,0
"Market analysts say Apple shares rose 2.5% after strong Q3 earnings. Health authorities confirmed 4,500 new cases of influenza A in Western Europe.",0
Government CAUGHT microchipping citizens to control the population — whistleblower reveals ALL. SHOCKING: Bill Gates EXPOSED for secretly mind control experiments — the media won't tell you! URGENT: Forward this to everyone — the CDC is planning population control by before the election. ALIEN structures discovered on the Moon. NASA is covering it up. See the proof here!,1
One weird trick the CDC doesn't want you to know about vaccine microchips. It's being SUPPRESSED. The REAL reason the economic crash happened will make your blood boil. They lied to us again. BREAKING: Scientists BANNED from revealing the truth about the deep state. Share before it's deleted!,1
This black seed oil CURES diabetes in 3 days — Big Pharma doesn't want you to know! This this simple herb CURES Alzheimer's in just 2 days — Big Pharma doesn't want you to know! the elite CONFIRMS the New World Order plan in leaked video that mainstream media is ignoring. One weird trick the government doesn't want you to know about chemtrails. It's being SUPPRESSED.,1
"The the oversight committee passed legislation to regulate financial institutions following last month's summit. World leaders gathered in Brussels to discuss urban planning at the annual Climate Conference. World leaders gathered in Tokyo to discuss vaccine efficacy at the annual Security Forum. According to official reports, the spokesperson stated that stricter emissions standards would be implemented by 2024.",0
One weird trick the CDC doesn't want you to know about the deep state. It's being SUPPRESSED. BREAKING: Scientists BANNED from revealing the truth about vaccine microchips. Share before it's deleted! This black seed oil CURES Alzheimer's in just 2 days — Big Pharma doesn't want you to know!,1
ALIEN structures discovered on Antarctica. NASA is covering it up. See the proof here! ALIEN structures discovered on Antarctica. NASA is covering it up. See the proof here! This apple cider vinegar CURES cancer in 10 days — Big Pharma doesn't want you to know!,1
Scientists at Oxford have published findings on vaccine efficacy in the Nature journal. The central bank raised interest rates by 2.5% to combat rising inflation. World leaders gathered in Brussels to discuss genomic research at the annual Climate Conference. Scientists at Johns Hopkins have published findings on climate change in the The Lancet journal.,0
The central bank raised interest rates by 4% to combat rising inflation. An investigation by United Nations found no evidence of bias in the recent the regional crisis. The central bank raised interest rates by 3% to combat rising inflation.,0
"According to official reports, the Prime Minister stated that expanded healthcare access would be implemented by 2024. Scientists at Oxford have published findings on AI safety in the The Lancet journal.",0
World leaders gathered in Washington D.C. to discuss climate change at the annual G20 Summit. Scientists at Johns Hopkins have published findings on genomic research in the Nature journal. The central bank raised interest rates by 3% to combat rising inflation.,0
The REAL reason the pandemic happened will make your blood boil. They lied to us again. Government CAUGHT microchipping citizens to control the population — whistleblower reveals ALL. Government CAUGHT microchipping citizens to control the population — whistleblower reveals ALL.,1
An investigation by United Nations found no evidence of misconduct in the recent last month's summit. The central bank raised interest rates by 3% to combat rising inflation. An investigation by United Nations found no evidence of misconduct in the recent rising tensions.,0
The Reuters announced a formal inquiry following rising tensions in Geneva. Health authorities confirmed 340 new cases of dengue fever in South America. World leaders gathered in London to discuss genomic research at the annual Economic Forum.,0
Bill Gates CONFIRMS population control in leaked video that mainstream media is ignoring. URGENT: Forward this to everyone — the Deep State is planning the great reset agenda by this year. The REAL reason 9/11 happened will make your blood boil. They lied to us again. This this ancient remedy CURES autism in 3 days — Big Pharma doesn't want you to know!,1
One weird trick the government doesn't want you to know about vaccine microchips. It's being SUPPRESSED. You won't BELIEVE what the CDC is hiding about this ancient remedy. The cover-up is REAL.,1
The Reuters announced emergency measures following rising tensions in Brussels. Market analysts say BP shares rose 0.75% after strong Q3 earnings. The the regulatory body passed legislation to regulate pharmaceutical companies following the regional crisis. Health authorities confirmed 340 new cases of dengue fever in Southeast Asia.,0
SHOCKING: George Soros EXPOSED for secretly poisoning the water supply — the media won't tell you! BREAKING: Scientists BANNED from revealing the truth about vaccine microchips. Share before it's deleted!,1
SHOCKING: the elite EXPOSED for secretly mind control experiments — the media won't tell you! URGENT: Forward this to everyone — the CDC is planning the New World Order plan by 2025. You won't BELIEVE what Big Pharma is hiding about this ancient remedy. The cover-up is REAL.,1
Scientists at Stanford have published findings on vaccine efficacy in the Science journal. The Reuters announced emergency measures following last month's summit in Tokyo.,0
One weird trick the Deep State doesn't want you to know about the flat earth. It's being SUPPRESSED. One weird trick the CDC doesn't want you to know about chemtrails. It's being SUPPRESSED.,1
"According to official reports, the Prime Minister stated that stricter emissions standards would be implemented by 2024. The NASA announced new guidelines following the economic downturn in Tokyo. An investigation by the Pentagon found no evidence of bias in the recent the economic downturn. The Reuters announced emergency measures following rising tensions in Brussels.",0
BREAKING: Scientists BANNED from revealing the truth about the deep state. Share before it's deleted! One weird trick the Illuminati doesn't want you to know about the flat earth. It's being SUPPRESSED.,1
ALIEN structures discovered on Mars. NASA is covering it up. See the proof here! ALIEN structures discovered on Antarctica. NASA is covering it up. See the proof here!,1
One weird trick the Illuminati doesn't want you to know about the deep state. It's being SUPPRESSED. The REAL reason the economic crash happened will make your blood boil. They lied to us again.,1
URGENT: Forward this to everyone — the Illuminati is planning the New World Order plan by this year. The REAL reason the economic crash happened will make your blood boil. They lied to us again.,1
An investigation by WHO found no evidence of fraud in the recent the economic downturn. The AP announced emergency measures following the economic downturn in New Delhi.,0
"An investigation by AP found no evidence of misconduct in the recent the regional crisis. Scientists at MIT have published findings on AI safety in the Nature journal. According to official reports, the spokesperson stated that stricter emissions standards would be implemented by 2025.",0
"An investigation by Reuters found no evidence of fraud in the recent rising tensions. Health authorities confirmed 4,500 new cases of influenza A in South America.",0
URGENT: Forward this to everyone — the government is planning population control by before the election. Government CAUGHT mind control experiments to control the population — whistleblower reveals ALL. You won't BELIEVE what the CDC is hiding about apple cider vinegar. The cover-up is REAL. URGENT: Forward this to everyone — the Deep State is planning the New World Order plan by before the election.,1
One weird trick Big Pharma doesn't want you to know about chemtrails. It's being SUPPRESSED. Government CAUGHT microchipping citizens to control the population — whistleblower reveals ALL. Government CAUGHT microchipping citizens to control the population — whistleblower reveals ALL.,1
BREAKING: Scientists BANNED from revealing the truth about lizard people. Share before it's deleted! SHOCKING: a top politician EXPOSED for secretly microchipping citizens — the media won't tell you! One weird trick Big Pharma doesn't want you to know about vaccine microchips. It's being SUPPRESSED. Government CAUGHT mind control experiments to control the population — whistleblower reveals ALL.,1
The United Nations announced emergency measures following rising tensions in Tokyo. The central bank raised interest rates by 4% to combat rising inflation. World leaders gathered in Washington D.C. to discuss urban planning at the annual Climate Conference. The WHO announced emergency measures following the economic downturn in London.,0
The United Nations announced financial aid following the economic downturn in Geneva. The Parliament passed legislation to regulate financial institutions following the economic downturn.,0
The Australia government approved a 0.8 billion dollar budget for renewable energy. The central bank raised interest rates by 3% to combat rising inflation.,0
The the Federal Reserve announced a formal inquiry following the regional crisis in Geneva. Market analysts say BP shares rose 3% after strong Q4 earnings.,0
An investigation by Reuters found no evidence of data manipulation in the recent last month's summit. An investigation by Reuters found no evidence of fraud in the recent the economic downturn. The Parliament passed legislation to regulate financial institutions following last month's summit. The AP announced emergency measures following the regional crisis in Washington D.C..,0
This black seed oil CURES cancer in just 2 days — Big Pharma doesn't want you to know! URGENT: Forward this to everyone — the government is planning the great reset agenda by 2025. One weird trick Big Pharma doesn't want you to know about lizard people. It's being SUPPRESSED.,1
the elite CONFIRMS population control in leaked video that mainstream media is ignoring. This this ancient remedy CURES diabetes in 7 days — Big Pharma doesn't want you to know!,1
This this simple herb CURES COVID in just 2 days — Big Pharma doesn't want you to know! The REAL reason the economic crash happened will make your blood boil. They lied to us again.,1
BREAKING: Scientists BANNED from revealing the truth about chemtrails. Share before it's deleted! This this simple herb CURES cancer in 10 days — Big Pharma doesn't want you to know! One weird trick Big Pharma doesn't want you to know about the deep state. It's being SUPPRESSED.,1
The Japan government approved a 3.5 billion dollar budget for education. The central bank raised interest rates by 2.5% to combat rising inflation. The central bank raised interest rates by 2.5% to combat rising inflation. Health authorities confirmed 78 new cases of influenza A in Western Europe.,0
BREAKING: Scientists BANNED from revealing the truth about vaccine microchips. Share before it's deleted! URGENT: Forward this to everyone — the government is planning the New World Order plan by this year.,1
SHOCKING: a famous actor EXPOSED for secretly poisoning the water supply — the media won't tell you! Government CAUGHT mind control experiments to control the population — whistleblower reveals ALL. ALIEN structures discovered on Antarctica. NASA is covering it up. See the proof here!,1
You won't BELIEVE what the Illuminati is hiding about this ancient remedy. The cover-up is REAL. One weird trick the government doesn't want you to know about 5G towers. It's being SUPPRESSED. BREAKING: Scientists BANNED from revealing the truth about vaccine microchips. Share before it's deleted! URGENT: Forward this to everyone — the CDC is planning population control by this year.,1
ALIEN structures discovered on the Arctic. NASA is covering it up. See the proof here! You won't BELIEVE what the CDC is hiding about black seed oil. The cover-up is REAL. One weird trick the CDC doesn't want you to know about lizard people. It's being SUPPRESSED.,1
BREAKING: Scientists BANNED from revealing the truth about lizard people. Share before it's deleted! URGENT: Forward this to everyone — the government is planning population control by this year. This this ancient remedy CURES Alzheimer's in just 2 days — Big Pharma doesn't want you to know!,1
World leaders gathered in Geneva to discuss urban planning at the annual Security Forum. An investigation by Reuters found no evidence of data manipulation in the recent last month's summit. An investigation by United Nations found no evidence of data manipulation in the recent the economic downturn. Scientists at Oxford have published findings on genomic research in the Nature journal.,0
The REAL reason the economic crash happened will make your blood boil. They lied to us again. One weird trick the CDC doesn't want you to know about the flat earth. It's being SUPPRESSED.,1
The NASA announced a formal inquiry following the regional crisis in New Delhi. World leaders gathered in Tokyo to discuss AI safety at the annual Climate Conference.,0
"According to official reports, the Prime Minister stated that expanded healthcare access would be implemented by next fiscal year. World leaders gathered in Washington D.C. to discuss vaccine efficacy at the annual Climate Conference. World leaders gathered in Geneva to discuss AI safety at the annual Economic Forum.",0
You won't BELIEVE what Big Pharma is hiding about black seed oil. The cover-up is REAL. SHOCKING: Bill Gates EXPOSED for secretly microchipping citizens — the media won't tell you! The REAL reason the 2020 election happened will make your blood boil. They lied to us again. BREAKING: Scientists BANNED from revealing the truth about the flat earth. Share before it's deleted!,1
This apple cider vinegar CURES Alzheimer's in 10 days — Big Pharma doesn't want you to know! URGENT: Forward this to everyone — the CDC is planning the New World Order plan by this year. The REAL reason the economic crash happened will make your blood boil. They lied to us again. This apple cider vinegar CURES diabetes in just 2 days — Big Pharma doesn't want you to know!,1
One weird trick the Illuminati doesn't want you to know about chemtrails. It's being SUPPRESSED. BREAKING: Scientists BANNED from revealing the truth about vaccine microchips. Share before it's deleted! Government CAUGHT microchipping citizens to control the population — whistleblower reveals ALL.,1
The Japan government approved a 1.2 billion dollar budget for education. World leaders gathered in Brussels to discuss climate change at the annual Economic Forum. The Senate passed legislation to regulate social media platforms following the economic downturn.,0
"According to official reports, the Director General stated that expanded healthcare access would be implemented by 2024. The Australia government approved a 5 billion dollar budget for infrastructure.",0
The Germany government approved a 1.2 billion dollar budget for education. Scientists at Oxford have published findings on genomic research in the The Lancet journal. Health authorities confirmed 78 new cases of COVID-19 subvariant in Western Europe.,0
a famous actor CONFIRMS the New World Order plan in leaked video that mainstream media is ignoring. One weird trick the Illuminati doesn't want you to know about chemtrails. It's being SUPPRESSED. This this ancient remedy CURES Alzheimer's in 7 days — Big Pharma doesn't want you to know! a top politician CONFIRMS the New World Order plan in leaked video that mainstream media is ignoring.,1
Government CAUGHT mind control experiments to control the population — whistleblower reveals ALL. Government CAUGHT poisoning the water supply to control the population — whistleblower reveals ALL. ALIEN structures discovered on the Moon. NASA is covering it up. See the proof here! ALIEN structures discovered on the Moon. NASA is covering it up. See the proof here!,1
George Soros CONFIRMS the great reset agenda in leaked video that mainstream media is ignoring. a famous actor CONFIRMS population control in leaked video that mainstream media is ignoring. This this simple herb CURES Alzheimer's in 3 days — Big Pharma doesn't want you to know! SHOCKING: a top politician EXPOSED for secretly funding global warming hoax — the media won't tell you!,1
BREAKING: Scientists BANNED from revealing the truth about 5G towers. Share before it's deleted! Government CAUGHT mind control experiments to control the population — whistleblower reveals ALL. URGENT: Forward this to everyone — Big Pharma is planning the great reset agenda by this year. ALIEN structures discovered on the Arctic. NASA is covering it up. See the proof here!,1
"World leaders gathered in Brussels to discuss climate change at the annual Climate Conference. According to official reports, the Secretary of State stated that expanded healthcare access would be implemented by 2025. According to official reports, the Director General stated that the new trade agreement would be implemented by 2025. According to official reports, the Secretary of State stated that expanded healthcare access would be implemented by 2024.",0
The Canada government approved a 3.5 billion dollar budget for education. Scientists at Cambridge have published findings on genomic research in the Science journal. The Reuters announced new guidelines following the regional crisis in Brussels.,0
ALIEN structures discovered on the Moon. NASA is covering it up. See the proof here! URGENT: Forward this to everyone — the Illuminati is planning population control by this year.,1
You won't BELIEVE what the Illuminati is hiding about apple cider vinegar. The cover-up is REAL. One weird trick the Deep State doesn't want you to know about 5G towers. It's being SUPPRESSED.,1
"According to official reports, the Secretary of State stated that expanded healthcare access would be implemented by 2025. The central bank raised interest rates by 4% to combat rising inflation.",0
"The Senate passed legislation to regulate social media platforms following last month's summit. The central bank raised interest rates by 0.75% to combat rising inflation. Health authorities confirmed 1,200 new cases of measles in South America.",0
Market analysts say Goldman Sachs shares rose 0.75% after strong Q3 earnings. World leaders gathered in London to discuss AI safety at the annual Economic Forum. The WHO announced new guidelines following last month's summit in Brussels.,0
a famous actor CONFIRMS the New World Order plan in leaked video that mainstream media is ignoring. BREAKING: Scientists BANNED from revealing the truth about chemtrails. Share before it's deleted!,1
The REAL reason the 2020 election happened will make your blood boil. They lied to us again. The REAL reason the pandemic happened will make your blood boil. They lied to us again. ALIEN structures discovered on the Arctic. NASA is covering it up. See the proof here! Government CAUGHT poisoning the water supply to control the population — whistleblower reveals ALL.,1
One weird trick Big Pharma doesn't want you to know about vaccine microchips. It's being SUPPRESSED. You won't BELIEVE what the CDC is hiding about this ancient remedy. The cover-up is REAL.,1
URGENT: Forward this to everyone — Big Pharma is planning population control by 2025. ALIEN structures discovered on Mars. NASA is covering it up. See the proof here!,1
"According to official reports, the Prime Minister stated that expanded healthcare access would be implemented by next fiscal year. Health authorities confirmed 78 new cases of measles in sub-Saharan Africa. The Japan government approved a 5 billion dollar budget for healthcare. According to official reports, the Prime Minister stated that expanded healthcare access would be implemented by next fiscal year.",0
"The India government approved a 20 billion dollar budget for defense. The NASA announced a formal inquiry following rising tensions in Geneva. According to official reports, the Secretary of State stated that stricter emissions standards would be implemented by 2025. Market analysts say Apple shares rose 2.5% after strong Q4 earnings.",0
An investigation by the Pentagon found no evidence of data manipulation in the recent last month's summit. World leaders gathered in London to discuss genomic research at the annual Security Forum. An investigation by AP found no evidence of data manipulation in the recent the economic downturn.,0
George Soros CONFIRMS the New World Order plan in leaked video that mainstream media is ignoring. URGENT: Forward this to everyone — the government is planning the New World Order plan by this year.,1
One weird trick the CDC doesn't want you to know about chemtrails. It's being SUPPRESSED. The REAL reason the 2020 election happened will make your blood boil. They lied to us again. ALIEN structures discovered on Antarctica. NASA is covering it up. See the proof here!,1
"Health authorities confirmed 4,500 new cases of influenza A in South America. The NASA announced a formal inquiry following the economic downturn in New Delhi.",0
The Senate passed legislation to regulate financial institutions following the regional crisis. An investigation by Reuters found no evidence of bias in the recent last month's summit. Market analysts say Apple shares rose 3% after strong Q2 earnings.,0
"Health authorities confirmed 1,200 new cases of dengue fever in South America. The The US government approved a 0.8 billion dollar budget for healthcare. An investigation by the Federal Reserve found no evidence of fraud in the recent the regional crisis.",0
Government CAUGHT mind control experiments to control the population — whistleblower reveals ALL. This black seed oil CURES autism in 10 days — Big Pharma doesn't want you to know! This this simple herb CURES Alzheimer's in 10 days — Big Pharma doesn't want you to know! URGENT: Forward this to everyone — the CDC is planning population control by 2025.,1
Health authorities confirmed 78 new cases of influenza A in Southeast Asia. The Senate passed legislation to regulate social media platforms following rising tensions.,0
"The central bank raised interest rates by 0.75% to combat rising inflation. Health authorities confirmed 1,200 new cases of COVID-19 subvariant in South America. Market analysts say Apple shares rose 1.2% after strong Q3 earnings. The Canada government approved a 20 billion dollar budget for healthcare.",0
The the Federal Reserve announced new guidelines following rising tensions in London. The India government approved a 1.2 billion dollar budget for infrastructure.,0
World leaders gathered in Tokyo to discuss climate change at the annual Climate Conference. World leaders gathered in Tokyo to discuss climate change at the annual G20 Summit. Health authorities confirmed 340 new cases of COVID-19 subvariant in sub-Saharan Africa.,0
"According to official reports, the Director General stated that the new trade agreement would be implemented by 2025. World leaders gathered in Geneva to discuss AI safety at the annual Economic Forum.",0
Health authorities confirmed 340 new cases of measles in Southeast Asia. Scientists at MIT have published findings on urban planning in the Nature journal. The India government approved a 3.5 billion dollar budget for renewable energy.,0
The Canada government approved a 1.2 billion dollar budget for healthcare. Scientists at Stanford have published findings on climate change in the Science journal. The The US government approved a 5 billion dollar budget for education.,0
The Germany government approved a 1.2 billion dollar budget for education. The Senate passed legislation to regulate financial institutions following rising tensions.,0
ALIEN structures discovered on the Moon. NASA is covering it up. See the proof here! You won't BELIEVE what the CDC is hiding about this ancient remedy. The cover-up is REAL.,1
URGENT: Forward this to everyone — the Deep State is planning the New World Order plan by this year. This this simple herb CURES diabetes in 7 days — Big Pharma doesn't want you to know! One weird trick the government doesn't want you to know about lizard people. It's being SUPPRESSED.,1
"Health authorities confirmed 4,500 new cases of measles in sub-Saharan Africa. Market analysts say Samsung shares rose 1.2% after strong Q1 earnings. The central bank raised interest rates by 2.5% to combat rising inflation.",0
The the oversight committee passed legislation to regulate financial institutions following rising tensions. Market analysts say Samsung shares rose 4% after strong Q1 earnings. The central bank raised interest rates by 4% to combat rising inflation.,0
Scientists at Johns Hopkins have published findings on vaccine efficacy in the Nature journal. The the regulatory body passed legislation to regulate pharmaceutical companies following rising tensions.,0
Government CAUGHT microchipping citizens to control the population — whistleblower reveals ALL. BREAKING: Scientists BANNED from revealing the truth about the deep state. Share before it's deleted! The REAL reason the 2020 election happened will make your blood boil. They lied to us again.,1
SHOCKING: the elite EXPOSED for secretly microchipping citizens — the media won't tell you! You won't BELIEVE what the government is hiding about black seed oil. The cover-up is REAL.,1
Market analysts say Toyota shares rose 1.2% after strong Q4 earnings. The the oversight committee passed legislation to regulate social media platforms following the regional crisis. Scientists at MIT have published findings on vaccine efficacy in the Science journal. An investigation by AP found no evidence of misconduct in the recent the economic downturn.,0
Bill Gates CONFIRMS the great reset agenda in leaked video that mainstream media is ignoring. You won't BELIEVE what the Illuminati is hiding about black seed oil. The cover-up is REAL.,1
ALIEN structures discovered on the Moon. NASA is covering it up. See the proof here! URGENT: Forward this to everyone — the CDC is planning population control by before the election.,1
The The US government approved a 1.2 billion dollar budget for infrastructure. The Parliament passed legislation to regulate social media platforms following last month's summit. Scientists at Stanford have published findings on genomic research in the The Lancet journal.,0
BREAKING: Scientists BANNED from revealing the truth about lizard people. Share before it's deleted! One weird trick Big Pharma doesn't want you to know about 5G towers. It's being SUPPRESSED. The REAL reason 9/11 happened will make your blood boil. They lied to us again.,1
This this ancient remedy CURES COVID in 10 days — Big Pharma doesn't want you to know! URGENT: Forward this to everyone — Big Pharma is planning population control by before the election.,1
"Scientists at Johns Hopkins have published findings on climate change in the Nature journal. According to official reports, the Director General stated that expanded healthcare access would be implemented by 2025. The Japan government approved a 0.8 billion dollar budget for healthcare.",0
the elite CONFIRMS the New World Order plan in leaked video that mainstream media is ignoring. Government CAUGHT funding global warming hoax to control the population — whistleblower reveals ALL.,1
This this ancient remedy CURES diabetes in 7 days — Big Pharma doesn't want you to know! Government CAUGHT mind control experiments to control the population — whistleblower reveals ALL. BREAKING: Scientists BANNED from revealing the truth about lizard people. Share before it's deleted! This black seed oil CURES Alzheimer's in just 2 days — Big Pharma doesn't want you to know!,1
"According to official reports, the Prime Minister stated that expanded healthcare access would be implemented by 2024. The The US government approved a 1.2 billion dollar budget for healthcare. World leaders gathered in Geneva to discuss urban planning at the annual G20 Summit. World leaders gathered in Geneva to discuss AI safety at the annual Security Forum.",0
BREAKING: Scientists BANNED from revealing the truth about the flat earth. Share before it's deleted! URGENT: Forward this to everyone — the CDC is planning population control by before the election.,1
"According to official reports, the Prime Minister stated that stricter emissions standards would be implemented by 2025. Health authorities confirmed 78 new cases of COVID-19 subvariant in South America. Scientists at Johns Hopkins have published findings on urban planning in the Nature journal. According to official reports, the Secretary of State stated that the new trade agreement would be implemented by next fiscal year.",0
a famous actor CONFIRMS population control in leaked video that mainstream media is ignoring. Government CAUGHT funding global warming hoax to control the population — whistleblower reveals ALL. This this simple herb CURES autism in 7 days — Big Pharma doesn't want you to know!,1
SHOCKING: George Soros EXPOSED for secretly mind control experiments — the media won't tell you! You won't BELIEVE what the CDC is hiding about black seed oil. The cover-up is REAL. You won't BELIEVE what the Deep State is hiding about this simple herb. The cover-up is REAL.,1
"World leaders gathered in Washington D.C. to discuss AI safety at the annual Security Forum. According to official reports, the spokesperson stated that stricter emissions standards would be implemented by next fiscal year.",0
An investigation by AP found no evidence of misconduct in the recent rising tensions. Market analysts say Samsung shares rose 0.75% after strong Q4 earnings.,0
The REAL reason the pandemic happened will make your blood boil. They lied to us again. You won't BELIEVE what Big Pharma is hiding about black seed oil. The cover-up is REAL.,1
This this ancient remedy CURES diabetes in 7 days — Big Pharma doesn't want you to know! SHOCKING: George Soros EXPOSED for secretly mind control experiments — the media won't tell you!,1
The the oversight committee passed legislation to regulate financial institutions following the economic downturn. The Australia government approved a 20 billion dollar budget for infrastructure. The central bank raised interest rates by 0.75% to combat rising inflation.,0
"According to official reports, the Director General stated that the new trade agreement would be implemented by 2025. The the Federal Reserve announced emergency measures following last month's summit in New Delhi. An investigation by United Nations found no evidence of fraud in the recent the economic downturn.",0
One weird trick the Illuminati doesn't want you to know about 5G towers. It's being SUPPRESSED. The REAL reason the 2020 election happened will make your blood boil. They lied to us again. SHOCKING: a famous actor EXPOSED for secretly poisoning the water supply — the media won't tell you!,1
The Senate passed legislation to regulate financial institutions following rising tensions. Health authorities confirmed 340 new cases of dengue fever in sub-Saharan Africa.,0
The Canada government approved a 20 billion dollar budget for healthcare. World leaders gathered in Brussels to discuss genomic research at the annual Security Forum. The the regulatory body passed legislation to regulate social media platforms following the regional crisis.,0
ALIEN structures discovered on the Moon. NASA is covering it up. See the proof here! URGENT: Forward this to everyone — the CDC is planning the New World Order plan by before the election.,1
URGENT: Forward this to everyone — the government is planning the New World Order plan by 2025. SHOCKING: Bill Gates EXPOSED for secretly mind control experiments — the media won't tell you!,1
BREAKING: Scientists BANNED from revealing the truth about the deep state. Share before it's deleted! ALIEN structures discovered on the Moon. NASA is covering it up. See the proof here!,1
The central bank raised interest rates by 2.5% to combat rising inflation. The central bank raised interest rates by 1.2% to combat rising inflation. The Australia government approved a 5 billion dollar budget for infrastructure. An investigation by the Pentagon found no evidence of data manipulation in the recent last month's summit.,0
The Senate passed legislation to regulate social media platforms following rising tensions. The central bank raised interest rates by 1.2% to combat rising inflation. Health authorities confirmed 340 new cases of dengue fever in Southeast Asia.,0
An investigation by the Federal Reserve found no evidence of bias in the recent last month's summit. World leaders gathered in Washington D.C. to discuss urban planning at the annual G20 Summit. An investigation by United Nations found no evidence of fraud in the recent rising tensions. An investigation by NASA found no evidence of bias in the recent the regional crisis.,0
Scientists at Oxford have published findings on genomic research in the Science journal. Health authorities confirmed 340 new cases of COVID-19 subvariant in sub-Saharan Africa.,0
"The Senate passed legislation to regulate pharmaceutical companies following the economic downturn. According to official reports, the spokesperson stated that stricter emissions standards would be implemented by 2025. The central bank raised interest rates by 3% to combat rising inflation.",0
"Scientists at Cambridge have published findings on climate change in the Nature journal. Health authorities confirmed 1,200 new cases of influenza A in South America. Market analysts say Toyota shares rose 3% after strong Q1 earnings.",0
World leaders gathered in Washington D.C. to discuss genomic research at the annual Security Forum. The central bank raised interest rates by 4% to combat rising inflation. The the oversight committee passed legislation to regulate pharmaceutical companies following the regional crisis. World leaders gathered in Tokyo to discuss vaccine efficacy at the annual G20 Summit.,0
The the Federal Reserve announced new guidelines following the economic downturn in Washington D.C.. The AP announced financial aid following the economic downturn in Washington D.C..,0
Scientists at MIT have published findings on AI safety in the Science journal. The central bank raised interest rates by 3% to combat rising inflation. The central bank raised interest rates by 3% to combat rising inflation. The the regulatory body passed legislation to regulate social media platforms following the regional crisis.,0
The central bank raised interest rates by 3% to combat rising inflation. An investigation by Reuters found no evidence of misconduct in the recent the economic downturn. Market analysts say Apple shares rose 0.75% after strong Q1 earnings. World leaders gathered in New Delhi to discuss climate change at the annual Security Forum.,0
George Soros CONFIRMS the great reset agenda in leaked video that mainstream media is ignoring. Government CAUGHT poisoning the water supply to control the population — whistleblower reveals ALL.,1
"The the Pentagon announced emergency measures following last month's summit in Washington D.C.. Health authorities confirmed 340 new cases of dengue fever in sub-Saharan Africa. According to official reports, the Director General stated that stricter emissions standards would be implemented by next fiscal year. The the Federal Reserve announced emergency measures following last month's summit in Tokyo.",0
One weird trick the Deep State doesn't want you to know about lizard people. It's being SUPPRESSED. The REAL reason 9/11 happened will make your blood boil. They lied to us again. URGENT: Forward this to everyone — Big Pharma is planning the great reset agenda by this year. Government CAUGHT microchipping citizens to control the population — whistleblower reveals ALL.,1
World leaders gathered in Tokyo to discuss urban planning at the annual G20 Summit. Scientists at Stanford have published findings on genomic research in the Science journal. World leaders gathered in Tokyo to discuss AI safety at the annual Security Forum. An investigation by Reuters found no evidence of misconduct in the recent the economic downturn.,0
An investigation by the Federal Reserve found no evidence of data manipulation in the recent last month's summit. World leaders gathered in Washington D.C. to discuss genomic research at the annual Economic Forum.,0
"Scientists at MIT have published findings on climate change in the Science journal. The United Nations announced financial aid following the regional crisis in Brussels. According to official reports, the Secretary of State stated that the new trade agreement would be implemented by 2024. Health authorities confirmed 340 new cases of dengue fever in Western Europe.",0
"According to official reports, the spokesperson stated that expanded healthcare access would be implemented by next fiscal year. An investigation by the Pentagon found no evidence of fraud in the recent the regional crisis. The central bank raised interest rates by 1.2% to combat rising inflation. Market analysts say Apple shares rose 4% after strong Q1 earnings.",0
The REAL reason the economic crash happened will make your blood boil. They lied to us again. a top politician CONFIRMS the New World Order plan in leaked video that mainstream media is ignoring. The REAL reason the 2020 election happened will make your blood boil. They lied to us again.,1
Government CAUGHT poisoning the water supply to control the population — whistleblower reveals ALL. The REAL reason the economic crash happened will make your blood boil. They lied to us again. The REAL reason the pandemic happened will make your blood boil. They lied to us again.,1
This this ancient remedy CURES autism in 3 days — Big Pharma doesn't want you to know! One weird trick Big Pharma doesn't want you to know about the deep state. It's being SUPPRESSED. URGENT: Forward this to everyone — the CDC is planning the great reset agenda by 2025. One weird trick the Illuminati doesn't want you to know about vaccine microchips. It's being SUPPRESSED.,1
The central bank raised interest rates by 4% to combat rising inflation. The Parliament passed legislation to regulate social media platforms following rising tensions.,0
You won't BELIEVE what the government is hiding about this ancient remedy. The cover-up is REAL. BREAKING: Scientists BANNED from revealing the truth about 5G towers. Share before it's deleted! One weird trick the Deep State doesn't want you to know about vaccine microchips. It's being SUPPRESSED.,1
You won't BELIEVE what Big Pharma is hiding about this ancient remedy. The cover-up is REAL. You won't BELIEVE what the government is hiding about black seed oil. The cover-up is REAL.,1
The NASA announced a formal inquiry following the regional crisis in New Delhi. The WHO announced new guidelines following rising tensions in Tokyo.,0
URGENT: Forward this to everyone — Big Pharma is planning the New World Order plan by this year. ALIEN structures discovered on the Arctic. NASA is covering it up. See the proof here!,1
"Health authorities confirmed 4,500 new cases of dengue fever in South America. The Australia government approved a 3.5 billion dollar budget for defense.",0
"World leaders gathered in Washington D.C. to discuss vaccine efficacy at the annual G20 Summit. Health authorities confirmed 1,200 new cases of measles in South America. The United Nations announced financial aid following the regional crisis in Brussels.",0
"The Parliament passed legislation to regulate financial institutions following rising tensions. The Germany government approved a 5 billion dollar budget for education. According to official reports, the Prime Minister stated that stricter emissions standards would be implemented by 2025.",0
World leaders gathered in Brussels to discuss climate change at the annual G20 Summit. Scientists at Johns Hopkins have published findings on climate change in the Nature journal. Scientists at Oxford have published findings on AI safety in the The Lancet journal. The central bank raised interest rates by 0.75% to combat rising inflation.,0
The REAL reason 9/11 happened will make your blood boil. They lied to us again. The REAL reason the pandemic happened will make your blood boil. They lied to us again.,1
An investigation by the Pentagon found no evidence of misconduct in the recent last month's summit. An investigation by Reuters found no evidence of data manipulation in the recent the economic downturn. The the oversight committee passed legislation to regulate social media platforms following the regional crisis. The central bank raised interest rates by 2.5% to combat rising inflation.,0
World leaders gathered in London to discuss urban planning at the annual Climate Conference. World leaders gathered in New Delhi to discuss genomic research at the annual G20 Summit. The Germany government approved a 5 billion dollar budget for healthcare.,0
SHOCKING: a top politician EXPOSED for secretly microchipping citizens — the media won't tell you! SHOCKING: a famous actor EXPOSED for secretly poisoning the water supply — the media won't tell you! This this ancient remedy CURES cancer in 7 days — Big Pharma doesn't want you to know!,1
The the Pentagon announced a formal inquiry following last month's summit in New Delhi. World leaders gathered in Tokyo to discuss AI safety at the annual Climate Conference. Health authorities confirmed 78 new cases of measles in Western Europe. Scientists at MIT have published findings on genomic research in the Science journal.,0
SHOCKING: Bill Gates EXPOSED for secretly poisoning the water supply — the media won't tell you! BREAKING: Scientists BANNED from revealing the truth about lizard people. Share before it's deleted!,1
"Health authorities confirmed 4,500 new cases of influenza A in South America. Health authorities confirmed 1,200 new cases of COVID-19 subvariant in sub-Saharan Africa. The WHO announced financial aid following last month's summit in New Delhi.",0
"World leaders gathered in Tokyo to discuss urban planning at the annual G20 Summit. The Reuters announced new guidelines following the economic downturn in New Delhi. According to official reports, the spokesperson stated that stricter emissions standards would be implemented by 2025.",0
ALIEN structures discovered on Antarctica. NASA is covering it up. See the proof here! SHOCKING: a famous actor EXPOSED for secretly funding global warming hoax — the media won't tell you!,1
One weird trick the CDC doesn't want you to know about the flat earth. It's being SUPPRESSED. ALIEN structures discovered on the Arctic. NASA is covering it up. See the proof here!,1
The REAL reason the 2020 election happened will make your blood boil. They lied to us again. ALIEN structures discovered on Mars. NASA is covering it up. See the proof here! Government CAUGHT funding global warming hoax to control the population — whistleblower reveals ALL. SHOCKING: a top politician EXPOSED for secretly mind control experiments — the media won't tell you!,1
"The central bank raised interest rates by 2.5% to combat rising inflation. The Reuters announced financial aid following the economic downturn in Washington D.C.. World leaders gathered in London to discuss AI safety at the annual Economic Forum. According to official reports, the Secretary of State stated that expanded healthcare access would be implemented by 2024.",0
"Market analysts say Goldman Sachs shares rose 3% after strong Q3 earnings. Scientists at Johns Hopkins have published findings on vaccine efficacy in the Science journal. According to official reports, the Prime Minister stated that the new trade agreement would be implemented by 2025. An investigation by WHO found no evidence of bias in the recent last month's summit.",0
ALIEN structures discovered on the Arctic. NASA is covering it up. See the proof here! SHOCKING: a top politician EXPOSED for secretly mind control experiments — the media won't tell you! This this simple herb CURES diabetes in 10 days — Big Pharma doesn't want you to know!,1
"Market analysts say BP shares rose 0.75% after strong Q4 earnings. The Japan government approved a 5 billion dollar budget for healthcare. According to official reports, the Director General stated that stricter emissions standards would be implemented by 2024. The Parliament passed legislation to regulate social media platforms following last month's summit.",0
You won't BELIEVE what Big Pharma is hiding about black seed oil. The cover-up is REAL. This black seed oil CURES cancer in 3 days — Big Pharma doesn't want you to know! a top politician CONFIRMS population control in leaked video that mainstream media is ignoring. One weird trick the Deep State doesn't want you to know about chemtrails. It's being SUPPRESSED.,1
Health authorities confirmed 78 new cases of COVID-19 subvariant in Southeast Asia. Health authorities confirmed 78 new cases of influenza A in Southeast Asia.,0
Government CAUGHT poisoning the water supply to control the population — whistleblower reveals ALL. URGENT: Forward this to everyone — the CDC is planning the great reset agenda by this year. URGENT: Forward this to everyone — the CDC is planning the New World Order plan by before the election. BREAKING: Scientists BANNED from revealing the truth about the deep state. Share before it's deleted!,1
You won't BELIEVE what the CDC is hiding about this ancient remedy. The cover-up is REAL. BREAKING: Scientists BANNED from revealing the truth about 5G towers. Share before it's deleted! One weird trick Big Pharma doesn't want you to know about the flat earth. It's being SUPPRESSED.,1
"The central bank raised interest rates by 2.5% to combat rising inflation. According to official reports, the Prime Minister stated that expanded healthcare access would be implemented by 2025. An investigation by the Federal Reserve found no evidence of bias in the recent the economic downturn. Market analysts say Apple shares rose 2.5% after strong Q3 earnings.",0
Health authorities confirmed 78 new cases of dengue fever in Western Europe. World leaders gathered in Geneva to discuss urban planning at the annual Security Forum. The NASA announced emergency measures following last month's summit in Washington D.C..,0
"Scientists at Oxford have published findings on genomic research in the Science journal. According to official reports, the Secretary of State stated that expanded healthcare access would be implemented by 2025.",0
"The central bank raised interest rates by 3% to combat rising inflation. The WHO announced emergency measures following rising tensions in Tokyo. Health authorities confirmed 4,500 new cases of influenza A in South America. Scientists at MIT have published findings on AI safety in the The Lancet journal.",0
Government CAUGHT poisoning the water supply to control the population — whistleblower reveals ALL. One weird trick the Illuminati doesn't want you to know about vaccine microchips. It's being SUPPRESSED. ALIEN structures discovered on the Arctic. NASA is covering it up. See the proof here! Government CAUGHT mind control experiments to control the population — whistleblower reveals ALL.,1
URGENT: Forward this to everyone — the Illuminati is planning population control by this year. One weird trick the Illuminati doesn't want you to know about lizard people. It's being SUPPRESSED. You won't BELIEVE what Big Pharma is hiding about this simple herb. The cover-up is REAL. Government CAUGHT poisoning the water supply to control the population — whistleblower reveals ALL.,1
One weird trick the Illuminati doesn't want you to know about chemtrails. It's being SUPPRESSED. URGENT: Forward this to everyone — the CDC is planning population control by before the election. This this ancient remedy CURES autism in just 2 days — Big Pharma doesn't want you to know! Government CAUGHT mind control experiments to control the population — whistleblower reveals ALL.,1
The REAL reason the pandemic happened will make your blood boil. They lied to us again. the elite CONFIRMS population control in leaked video that mainstream media is ignoring. You won't BELIEVE what the Illuminati is hiding about apple cider vinegar. The cover-up is REAL. BREAKING: Scientists BANNED from revealing the truth about vaccine microchips. Share before it's deleted!,1
World leaders gathered in London to discuss AI safety at the annual Economic Forum. The the oversight committee passed legislation to regulate financial institutions following last month's summit. The WHO announced emergency measures following rising tensions in New Delhi. Market analysts say Goldman Sachs shares rose 0.75% after strong Q1 earnings.,0
BREAKING: Scientists BANNED from revealing the truth about chemtrails. Share before it's deleted! This apple cider vinegar CURES Alzheimer's in just 2 days — Big Pharma doesn't want you to know!,1
One weird trick the CDC doesn't want you to know about lizard people. It's being SUPPRESSED. One weird trick the Deep State doesn't want you to know about 5G towers. It's being SUPPRESSED.,1
Scientists at Oxford have published findings on urban planning in the The Lancet journal. Health authorities confirmed 340 new cases of measles in Western Europe. The Japan government approved a 0.8 billion dollar budget for healthcare.,0
An investigation by Reuters found no evidence of fraud in the recent last month's summit. Health authorities confirmed 340 new cases of dengue fever in Southeast Asia. The the regulatory body passed legislation to regulate social media platforms following the economic downturn. An investigation by United Nations found no evidence of bias in the recent the economic downturn.,0
ALIEN structures discovered on Antarctica. NASA is covering it up. See the proof here! This this simple herb CURES COVID in 7 days — Big Pharma doesn't want you to know! URGENT: Forward this to everyone — the CDC is planning the New World Order plan by this year.,1
URGENT: Forward this to everyone — the Illuminati is planning population control by before the election. URGENT: Forward this to everyone — the Deep State is planning population control by 2025.,1
Market analysts say BP shares rose 0.75% after strong Q4 earnings. The the oversight committee passed legislation to regulate financial institutions following last month's summit. An investigation by Reuters found no evidence of fraud in the recent last month's summit.,0
Bill Gates CONFIRMS the great reset agenda in leaked video that mainstream media is ignoring. One weird trick the Deep State doesn't want you to know about lizard people. It's being SUPPRESSED. URGENT: Forward this to everyone — Big Pharma is planning population control by 2025.,1
SHOCKING: the elite EXPOSED for secretly funding global warming hoax — the media won't tell you! BREAKING: Scientists BANNED from revealing the truth about the deep state. Share before it's deleted!,1
You won't BELIEVE what the Illuminati is hiding about black seed oil. The cover-up is REAL. Bill Gates CONFIRMS the great reset agenda in leaked video that mainstream media is ignoring.,1
An investigation by WHO found no evidence of bias in the recent last month's summit. The the regulatory body passed legislation to regulate financial institutions following the economic downturn.,0
The REAL reason the pandemic happened will make your blood boil. They lied to us again. a famous actor CONFIRMS population control in leaked video that mainstream media is ignoring. URGENT: Forward this to everyone — the Deep State is planning the New World Order plan by this year. SHOCKING: Bill Gates EXPOSED for secretly poisoning the water supply — the media won't tell you!,1
"According to official reports, the Director General stated that the new trade agreement would be implemented by 2025. Scientists at Oxford have published findings on vaccine efficacy in the Science journal. World leaders gathered in Geneva to discuss urban planning at the annual Security Forum.",0
a top politician CONFIRMS the great reset agenda in leaked video that mainstream media is ignoring. George Soros CONFIRMS the New World Order plan in leaked video that mainstream media is ignoring. The REAL reason 9/11 happened will make your blood boil. They lied to us again. This this simple herb CURES Alzheimer's in 10 days — Big Pharma doesn't want you to know!,1
ALIEN structures discovered on the Moon. NASA is covering it up. See the proof here! This this simple herb CURES autism in 7 days — Big Pharma doesn't want you to know! SHOCKING: a famous actor EXPOSED for secretly microchipping citizens — the media won't tell you! Government CAUGHT poisoning the water supply to control the population — whistleblower reveals ALL.,1
URGENT: Forward this to everyone — Big Pharma is planning the New World Order plan by 2025. the elite CONFIRMS the New World Order plan in leaked video that mainstream media is ignoring. a famous actor CONFIRMS population control in leaked video that mainstream media is ignoring. This this simple herb CURES cancer in 10 days — Big Pharma doesn't want you to know!,1
The REAL reason 9/11 happened will make your blood boil. They lied to us again. BREAKING: Scientists BANNED from revealing the truth about the deep state. Share before it's deleted! This apple cider vinegar CURES cancer in 7 days — Big Pharma doesn't want you to know!,1
"World leaders gathered in Brussels to discuss vaccine efficacy at the annual G20 Summit. The the Pentagon announced a formal inquiry following the economic downturn in Brussels. The Australia government approved a 3.5 billion dollar budget for defense. Health authorities confirmed 1,200 new cases of COVID-19 subvariant in South America.",0
You won't BELIEVE what the government is hiding about this ancient remedy. The cover-up is REAL. This apple cider vinegar CURES cancer in 7 days — Big Pharma doesn't want you to know!,1
An investigation by United Nations found no evidence of fraud in the recent rising tensions. Scientists at Stanford have published findings on climate change in the The Lancet journal. The central bank raised interest rates by 3% to combat rising inflation.,0
The NASA announced financial aid following last month's summit in Tokyo. World leaders gathered in New Delhi to discuss genomic research at the annual Climate Conference. The WHO announced new guidelines following the regional crisis in London. Scientists at Johns Hopkins have published findings on vaccine efficacy in the Nature journal.,0
You won't BELIEVE what the government is hiding about this simple herb. The cover-up is REAL. BREAKING: Scientists BANNED from revealing the truth about vaccine microchips. Share before it's deleted! The REAL reason the 2020 election happened will make your blood boil. They lied to us again. Bill Gates CONFIRMS the New World Order plan in leaked video that mainstream media is ignoring.,1
The the oversight committee passed legislation to regulate financial institutions following rising tensions. An investigation by United Nations found no evidence of misconduct in the recent the regional crisis.,0
Market analysts say BP shares rose 3% after strong Q4 earnings. The India government approved a 1.2 billion dollar budget for healthcare. Market analysts say Samsung shares rose 1.2% after strong Q1 earnings. Market analysts say Goldman Sachs shares rose 2.5% after strong Q2 earnings.,0
This apple cider vinegar CURES diabetes in 10 days — Big Pharma doesn't want you to know! URGENT: Forward this to everyone — the government is planning the great reset agenda by this year. You won't BELIEVE what the Deep State is hiding about black seed oil. The cover-up is REAL.,1
"An investigation by the Pentagon found no evidence of bias in the recent the economic downturn. According to official reports, the Prime Minister stated that the new trade agreement would be implemented by 2024. Scientists at MIT have published findings on climate change in the The Lancet journal.",0
One weird trick Big Pharma doesn't want you to know about the flat earth. It's being SUPPRESSED. This apple cider vinegar CURES COVID in 10 days — Big Pharma doesn't want you to know!,1
The REAL reason the 2020 election happened will make your blood boil. They lied to us again. Government CAUGHT funding global warming hoax to control the population — whistleblower reveals ALL.,1
Scientists at Stanford have published findings on urban planning in the Science journal. The Japan government approved a 5 billion dollar budget for renewable energy. The central bank raised interest rates by 3% to combat rising inflation. Health authorities confirmed 340 new cases of dengue fever in South America.,0
World leaders gathered in London to discuss urban planning at the annual G20 Summit. The the oversight committee passed legislation to regulate financial institutions following rising tensions.,0
Market analysts say BP shares rose 0.75% after strong Q1 earnings. The Parliament passed legislation to regulate pharmaceutical companies following the economic downturn. Health authorities confirmed 78 new cases of measles in South America. The the regulatory body passed legislation to regulate financial institutions following rising tensions.,0
URGENT: Forward this to everyone — the CDC is planning the great reset agenda by before the election. You won't BELIEVE what the Deep State is hiding about this simple herb. The cover-up is REAL.,1
You won't BELIEVE what the government is hiding about black seed oil. The cover-up is REAL. This this simple herb CURES cancer in 10 days — Big Pharma doesn't want you to know!,1
Health authorities confirmed 78 new cases of COVID-19 subvariant in South America. Scientists at Oxford have published findings on AI safety in the Nature journal.,0
One weird trick the Deep State doesn't want you to know about chemtrails. It's being SUPPRESSED. This apple cider vinegar CURES cancer in 10 days — Big Pharma doesn't want you to know! the elite CONFIRMS the great reset agenda in leaked video that mainstream media is ignoring. This apple cider vinegar CURES diabetes in 10 days — Big Pharma doesn't want you to know!,1
ALIEN structures discovered on Mars. NASA is covering it up. See the proof here! This this ancient remedy CURES COVID in 10 days — Big Pharma doesn't want you to know! This this simple herb CURES COVID in 3 days — Big Pharma doesn't want you to know! The REAL reason the economic crash happened will make your blood boil. They lied to us again.,1
The central bank raised interest rates by 0.75% to combat rising inflation. The Germany government approved a 1.2 billion dollar budget for healthcare. Health authorities confirmed 340 new cases of measles in sub-Saharan Africa.,0
BREAKING: Scientists BANNED from revealing the truth about vaccine microchips. Share before it's deleted! You won't BELIEVE what the government is hiding about black seed oil. The cover-up is REAL.,1
The Canada government approved a 1.2 billion dollar budget for defense. An investigation by NASA found no evidence of fraud in the recent the economic downturn. The central bank raised interest rates by 2.5% to combat rising inflation. Scientists at Johns Hopkins have published findings on genomic research in the Nature journal.,0
BREAKING: Scientists BANNED from revealing the truth about chemtrails. Share before it's deleted! Bill Gates CONFIRMS the New World Order plan in leaked video that mainstream media is ignoring. One weird trick the Deep State doesn't want you to know about lizard people. It's being SUPPRESSED.,1
The REAL reason the pandemic happened will make your blood boil. They lied to us again. One weird trick the CDC doesn't want you to know about vaccine microchips. It's being SUPPRESSED. The REAL reason the 2020 election happened will make your blood boil. They lied to us again.,1
URGENT: Forward this to everyone — the Deep State is planning population control by this year. a top politician CONFIRMS the New World Order plan in leaked video that mainstream media is ignoring. ALIEN structures discovered on the Moon. NASA is covering it up. See the proof here! One weird trick the government doesn't want you to know about vaccine microchips. It's being SUPPRESSED.,1
Government CAUGHT funding global warming hoax to control the population — whistleblower reveals ALL. Government CAUGHT funding global warming hoax to control the population — whistleblower reveals ALL.,1
ALIEN structures discovered on the Moon. NASA is covering it up. See the proof here! SHOCKING: a top politician EXPOSED for secretly mind control experiments — the media won't tell you! URGENT: Forward this to everyone — the CDC is planning the great reset agenda by 2025.,1
You won't BELIEVE what the CDC is hiding about this simple herb. The cover-up is REAL. One weird trick the Illuminati doesn't want you to know about 5G towers. It's being SUPPRESSED. ALIEN structures discovered on Mars. NASA is covering it up. See the proof here! This black seed oil CURES cancer in 3 days — Big Pharma doesn't want you to know!,1
SHOCKING: Bill Gates EXPOSED for secretly funding global warming hoax — the media won't tell you! You won't BELIEVE what the government is hiding about this ancient remedy. The cover-up is REAL. You won't BELIEVE what Big Pharma is hiding about this simple herb. The cover-up is REAL. This apple cider vinegar CURES COVID in just 2 days — Big Pharma doesn't want you to know!,1
Bill Gates CONFIRMS the great reset agenda in leaked video that mainstream media is ignoring. ALIEN structures discovered on the Moon. NASA is covering it up. See the proof here! a top politician CONFIRMS the great reset agenda in leaked video that mainstream media is ignoring. One weird trick the Illuminati doesn't want you to know about the flat earth. It's being SUPPRESSED.,1
The United Nations announced emergency measures following last month's summit in Tokyo. World leaders gathered in Brussels to discuss vaccine efficacy at the annual G20 Summit. The Canada government approved a 1.2 billion dollar budget for education.,0
You won't BELIEVE what the CDC is hiding about black seed oil. The cover-up is REAL. ALIEN structures discovered on Antarctica. NASA is covering it up. See the proof here!,1
"The Canada government approved a 3.5 billion dollar budget for education. Scientists at Johns Hopkins have published findings on genomic research in the Science journal. According to official reports, the Director General stated that stricter emissions standards would be implemented by 2024. An investigation by WHO found no evidence of data manipulation in the recent last month's summit.",0
World leaders gathered in Geneva to discuss climate change at the annual G20 Summit. The Reuters announced emergency measures following the regional crisis in Tokyo. Market analysts say Apple shares rose 1.2% after strong Q3 earnings. The the oversight committee passed legislation to regulate pharmaceutical companies following last month's summit.,0
the elite CONFIRMS population control in leaked video that mainstream media is ignoring. URGENT: Forward this to everyone — the Illuminati is planning the great reset agenda by this year.,1
"The central bank raised interest rates by 0.75% to combat rising inflation. According to official reports, the Prime Minister stated that the new trade agreement would be implemented by next fiscal year. Scientists at Johns Hopkins have published findings on AI safety in the The Lancet journal.",0
ALIEN structures discovered on the Moon. NASA is covering it up. See the proof here! One weird trick Big Pharma doesn't want you to know about 5G towers. It's being SUPPRESSED.,1
"The WHO announced emergency measures following rising tensions in Tokyo. Health authorities confirmed 1,200 new cases of dengue fever in Southeast Asia. The India government approved a 0.8 billion dollar budget for renewable energy. The central bank raised interest rates by 2.5% to combat rising inflation.",0
The WHO announced a formal inquiry following last month's summit in London. The The US government approved a 0.8 billion dollar budget for education. The the Federal Reserve announced new guidelines following the economic downturn in Geneva.,0
"According to official reports, the spokesperson stated that expanded healthcare access would be implemented by 2024. An investigation by the Federal Reserve found no evidence of misconduct in the recent the economic downturn.",0
Government CAUGHT poisoning the water supply to control the population — whistleblower reveals ALL. You won't BELIEVE what the CDC is hiding about this ancient remedy. The cover-up is REAL.,1
You won't BELIEVE what Big Pharma is hiding about black seed oil. The cover-up is REAL. You won't BELIEVE what the Illuminati is hiding about apple cider vinegar. The cover-up is REAL. ALIEN structures discovered on the Arctic. NASA is covering it up. See the proof here! ALIEN structures discovered on the Arctic. NASA is covering it up. See the proof here!,1
The AP announced a formal inquiry following the economic downturn in Brussels. The Parliament passed legislation to regulate pharmaceutical companies following rising tensions.,0
This apple cider vinegar CURES COVID in 7 days — Big Pharma doesn't want you to know! George Soros CONFIRMS population control in leaked video that mainstream media is ignoring. Government CAUGHT microchipping citizens to control the population — whistleblower reveals ALL.,1
ALIEN structures discovered on the Moon. NASA is covering it up. See the proof here! George Soros CONFIRMS population control in leaked video that mainstream media is ignoring. Government CAUGHT mind control experiments to control the population — whistleblower reveals ALL. This apple cider vinegar CURES COVID in 10 days — Big Pharma doesn't want you to know!,1
BREAKING: Scientists BANNED from revealing the truth about vaccine microchips. Share before it's deleted! SHOCKING: a famous actor EXPOSED for secretly funding global warming hoax — the media won't tell you! This apple cider vinegar CURES Alzheimer's in 3 days — Big Pharma doesn't want you to know!,1
Scientists at Stanford have published findings on urban planning in the Science journal. Market analysts say Samsung shares rose 4% after strong Q1 earnings.,0
SHOCKING: a top politician EXPOSED for secretly microchipping citizens — the media won't tell you! This this simple herb CURES cancer in 3 days — Big Pharma doesn't want you to know! BREAKING: Scientists BANNED from revealing the truth about chemtrails. Share before it's deleted!,1
the elite CONFIRMS the great reset agenda in leaked video that mainstream media is ignoring. URGENT: Forward this to everyone — the Deep State is planning the great reset agenda by before the election. SHOCKING: a famous actor EXPOSED for secretly funding global warming hoax — the media won't tell you! a top politician CONFIRMS the New World Order plan in leaked video that mainstream media is ignoring.,1
"According to official reports, the Prime Minister stated that the new trade agreement would be implemented by 2024. The WHO announced emergency measures following rising tensions in London. The Germany government approved a 20 billion dollar budget for defense.",0
URGENT: Forward this to everyone — the Deep State is planning the great reset agenda by this year. BREAKING: Scientists BANNED from revealing the truth about vaccine microchips. Share before it's deleted!,1
URGENT: Forward this to everyone — the CDC is planning population control by this year. You won't BELIEVE what the government is hiding about apple cider vinegar. The cover-up is REAL. This this ancient remedy CURES cancer in 10 days — Big Pharma doesn't want you to know! ALIEN structures discovered on Antarctica. NASA is covering it up. See the proof here!,1
The central bank raised interest rates by 4% to combat rising inflation. Scientists at Cambridge have published findings on urban planning in the Science journal. The central bank raised interest rates by 1.2% to combat rising inflation. An investigation by the Federal Reserve found no evidence of data manipulation in the recent rising tensions.,0
"The Australia government approved a 1.2 billion dollar budget for healthcare. The Japan government approved a 1.2 billion dollar budget for healthcare. Health authorities confirmed 1,200 new cases of influenza A in Southeast Asia.",0
"An investigation by the Federal Reserve found no evidence of misconduct in the recent the economic downturn. An investigation by Reuters found no evidence of fraud in the recent the economic downturn. Health authorities confirmed 4,500 new cases of COVID-19 subvariant in South America.",0
URGENT: Forward this to everyone — the CDC is planning the New World Order plan by before the election. You won't BELIEVE what the CDC is hiding about apple cider vinegar. The cover-up is REAL.,1
"The central bank raised interest rates by 2.5% to combat rising inflation. According to official reports, the Secretary of State stated that expanded healthcare access would be implemented by next fiscal year. World leaders gathered in Geneva to discuss climate change at the annual Security Forum.",0
SHOCKING: the elite EXPOSED for secretly funding global warming hoax — the media won't tell you! You won't BELIEVE what Big Pharma is hiding about this simple herb. The cover-up is REAL.,1
You won't BELIEVE what the government is hiding about black seed oil. The cover-up is REAL. Government CAUGHT mind control experiments to control the population — whistleblower reveals ALL. ALIEN structures discovered on Mars. NASA is covering it up. See the proof here! One weird trick the government doesn't want you to know about the flat earth. It's being SUPPRESSED.,1
URGENT: Forward this to everyone — the Illuminati is planning the great reset agenda by this year. URGENT: Forward this to everyone — the CDC is planning the New World Order plan by before the election. URGENT: Forward this to everyone — the government is planning the great reset agenda by 2025.,1
"According to official reports, the Secretary of State stated that expanded healthcare access would be implemented by next fiscal year. An investigation by the Federal Reserve found no evidence of data manipulation in the recent the regional crisis. An investigation by NASA found no evidence of data manipulation in the recent last month's summit.",0
You won't BELIEVE what the Illuminati is hiding about this ancient remedy. The cover-up is REAL. Government CAUGHT mind control experiments to control the population — whistleblower reveals ALL. One weird trick the CDC doesn't want you to know about the flat earth. It's being SUPPRESSED. Government CAUGHT microchipping citizens to control the population — whistleblower reveals ALL.,1
URGENT: Forward this to everyone — the Deep State is planning population control by before the election. SHOCKING: Bill Gates EXPOSED for secretly funding global warming hoax — the media won't tell you!,1
You won't BELIEVE what the CDC is hiding about black seed oil. The cover-up is REAL. Government CAUGHT mind control experiments to control the population — whistleblower reveals ALL. URGENT: Forward this to everyone — Big Pharma is planning population control by 2025.,1
Health authorities confirmed 340 new cases of measles in Western Europe. Health authorities confirmed 78 new cases of dengue fever in Western Europe.,0
Market analysts say BP shares rose 4% after strong Q4 earnings. The the oversight committee passed legislation to regulate social media platforms following last month's summit.,0
This this simple herb CURES autism in 3 days — Big Pharma doesn't want you to know! One weird trick the government doesn't want you to know about the deep state. It's being SUPPRESSED.,1
Health authorities confirmed 340 new cases of measles in Southeast Asia. The Australia government approved a 0.8 billion dollar budget for renewable energy. The the regulatory body passed legislation to regulate pharmaceutical companies following the economic downturn.,0
One weird trick the Illuminati doesn't want you to know about chemtrails. It's being SUPPRESSED. This apple cider vinegar CURES Alzheimer's in 7 days — Big Pharma doesn't want you to know! One weird trick Big Pharma doesn't want you to know about lizard people. It's being SUPPRESSED. ALIEN structures discovered on Antarctica. NASA is covering it up. See the proof here!,1
"The Germany government approved a 0.8 billion dollar budget for education. Market analysts say BP shares rose 2.5% after strong Q4 earnings. Scientists at Oxford have published findings on genomic research in the The Lancet journal. According to official reports, the Secretary of State stated that expanded healthcare access would be implemented by 2024.",0
George Soros CONFIRMS the New World Order plan in leaked video that mainstream media is ignoring. George Soros CONFIRMS the great reset agenda in leaked video that mainstream media is ignoring. URGENT: Forward this to everyone — the Illuminati is planning the great reset agenda by before the election. The REAL reason the 2020 election happened will make your blood boil. They lied to us again.,1
ALIEN structures discovered on Antarctica. NASA is covering it up. See the proof here! This apple cider vinegar CURES Alzheimer's in 10 days — Big Pharma doesn't want you to know! The REAL reason the 2020 election happened will make your blood boil. They lied to us again. ALIEN structures discovered on the Arctic. NASA is covering it up. See the proof here!,1
"According to official reports, the Prime Minister stated that the new trade agreement would be implemented by next fiscal year. The Reuters announced a formal inquiry following the regional crisis in Geneva. The central bank raised interest rates by 0.75% to combat rising inflation.",0
An investigation by United Nations found no evidence of bias in the recent last month's summit. World leaders gathered in Washington D.C. to discuss urban planning at the annual Economic Forum. The Canada government approved a 3.5 billion dollar budget for education.,0
The REAL reason the 2020 election happened will make your blood boil. They lied to us again. Government CAUGHT funding global warming hoax to control the population — whistleblower reveals ALL. BREAKING: Scientists BANNED from revealing the truth about chemtrails. Share before it's deleted!,1
"According to official reports, the Director General stated that the new trade agreement would be implemented by 2025. The the regulatory body passed legislation to regulate financial institutions following the economic downturn. An investigation by NASA found no evidence of misconduct in the recent the economic downturn. The Canada government approved a 20 billion dollar budget for renewable energy.",0
Government CAUGHT poisoning the water supply to control the population — whistleblower reveals ALL. ALIEN structures discovered on Antarctica. NASA is covering it up. See the proof here! SHOCKING: a top politician EXPOSED for secretly mind control experiments — the media won't tell you!,1
The REAL reason the pandemic happened will make your blood boil. They lied to us again. URGENT: Forward this to everyone — the Deep State is planning the great reset agenda by 2025. ALIEN structures discovered on Antarctica. NASA is covering it up. See the proof here! The REAL reason the pandemic happened will make your blood boil. They lied to us again.,1
The REAL reason the economic crash happened will make your blood boil. They lied to us again. The REAL reason 9/11 happened will make your blood boil. They lied to us again. The REAL reason 9/11 happened will make your blood boil. They lied to us again. You won't BELIEVE what Big Pharma is hiding about apple cider vinegar. The cover-up is REAL.,1
The the regulatory body passed legislation to regulate social media platforms following the regional crisis. An investigation by AP found no evidence of misconduct in the recent last month's summit.,0
Market analysts say Goldman Sachs shares rose 0.75% after strong Q4 earnings. Market analysts say Toyota shares rose 3% after strong Q4 earnings. Market analysts say Goldman Sachs shares rose 4% after strong Q3 earnings.,0
An investigation by Reuters found no evidence of data manipulation in the recent last month's summit. The the Pentagon announced financial aid following the regional crisis in Washington D.C..,0
The REAL reason the economic crash happened will make your blood boil. They lied to us again. This this ancient remedy CURES cancer in 7 days — Big Pharma doesn't want you to know! URGENT: Forward this to everyone — the Illuminati is planning the New World Order plan by before the election. One weird trick Big Pharma doesn't want you to know about chemtrails. It's being SUPPRESSED.,1
URGENT: Forward this to everyone — the Deep State is planning the great reset agenda by this year. One weird trick the Illuminati doesn't want you to know about chemtrails. It's being SUPPRESSED. This this ancient remedy CURES COVID in 3 days — Big Pharma doesn't want you to know! ALIEN structures discovered on the Moon. NASA is covering it up. See the proof here!,1
The central bank raised interest rates by 3% to combat rising inflation. An investigation by the Pentagon found no evidence of misconduct in the recent last month's summit. An investigation by Reuters found no evidence of bias in the recent the regional crisis.,0
BREAKING: Scientists BANNED from revealing the truth about the flat earth. Share before it's deleted! ALIEN structures discovered on the Moon. NASA is covering it up. See the proof here!,1
"According to official reports, the Secretary of State stated that stricter emissions standards would be implemented by next fiscal year. The central bank raised interest rates by 3% to combat rising inflation. Scientists at Johns Hopkins have published findings on AI safety in the The Lancet journal. World leaders gathered in Tokyo to discuss climate change at the annual Economic Forum.",0
The Canada government approved a 3.5 billion dollar budget for infrastructure. Market analysts say Toyota shares rose 0.75% after strong Q4 earnings. The central bank raised interest rates by 1.2% to combat rising inflation.,0
BREAKING: Scientists BANNED from revealing the truth about the deep state. Share before it's deleted! the elite CONFIRMS the New World Order plan in leaked video that mainstream media is ignoring. The REAL reason the economic crash happened will make your blood boil. They lied to us again. The REAL reason the 2020 election happened will make your blood boil. They lied to us again.,1
One weird trick the CDC doesn't want you to know about chemtrails. It's being SUPPRESSED. One weird trick the Illuminati doesn't want you to know about 5G towers. It's being SUPPRESSED.,1
"According to official reports, the Secretary of State stated that the new trade agreement would be implemented by next fiscal year. World leaders gathered in London to discuss urban planning at the annual Security Forum.",0
The REAL reason the pandemic happened will make your blood boil. They lied to us again. a famous actor CONFIRMS the great reset agenda in leaked video that mainstream media is ignoring. SHOCKING: a famous actor EXPOSED for secretly funding global warming hoax — the media won't tell you! This this simple herb CURES Alzheimer's in just 2 days — Big Pharma doesn't want you to know!,1
Government CAUGHT funding global warming hoax to control the population — whistleblower reveals ALL. a famous actor CONFIRMS the New World Order plan in leaked video that mainstream media is ignoring. The REAL reason the pandemic happened will make your blood boil. They lied to us again. SHOCKING: a top politician EXPOSED for secretly microchipping citizens — the media won't tell you!,1
"Health authorities confirmed 1,200 new cases of influenza A in Southeast Asia. Market analysts say BP shares rose 0.75% after strong Q4 earnings. Health authorities confirmed 340 new cases of measles in Western Europe. An investigation by the Pentagon found no evidence of fraud in the recent last month's summit.",0
An investigation by the Pentagon found no evidence of misconduct in the recent the economic downturn. The Senate passed legislation to regulate social media platforms following the regional crisis. The central bank raised interest rates by 0.75% to combat rising inflation. The central bank raised interest rates by 4% to combat rising inflation.,0
SHOCKING: George Soros EXPOSED for secretly funding global warming hoax — the media won't tell you! ALIEN structures discovered on the Moon. NASA is covering it up. See the proof here!,1
Market analysts say Goldman Sachs shares rose 1.2% after strong Q4 earnings. The central bank raised interest rates by 3% to combat rising inflation.,0
This apple cider vinegar CURES cancer in just 2 days — Big Pharma doesn't want you to know! Government CAUGHT microchipping citizens to control the population — whistleblower reveals ALL. This this simple herb CURES COVID in 3 days — Big Pharma doesn't want you to know!,1
"Health authorities confirmed 4,500 new cases of dengue fever in sub-Saharan Africa. The AP announced emergency measures following the regional crisis in Geneva. The central bank raised interest rates by 4% to combat rising inflation.",0
Government CAUGHT mind control experiments to control the population — whistleblower reveals ALL. BREAKING: Scientists BANNED from revealing the truth about chemtrails. Share before it's deleted! The REAL reason the pandemic happened will make your blood boil. They lied to us again.,1
The Germany government approved a 1.2 billion dollar budget for renewable energy. The central bank raised interest rates by 3% to combat rising inflation. The the regulatory body passed legislation to regulate social media platforms following the economic downturn. The central bank raised interest rates by 1.2% to combat rising inflation.,0
a famous actor CONFIRMS the New World Order plan in leaked video that mainstream media is ignoring. ALIEN structures discovered on the Arctic. NASA is covering it up. See the proof here! SHOCKING: Bill Gates EXPOSED for secretly poisoning the water supply — the media won't tell you!,1
URGENT: Forward this to everyone — the government is planning the New World Order plan by this year. This this ancient remedy CURES Alzheimer's in just 2 days — Big Pharma doesn't want you to know! URGENT: Forward this to everyone — Big Pharma is planning population control by this year. This black seed oil CURES Alzheimer's in 7 days — Big Pharma doesn't want you to know!,1
"The Australia government approved a 3.5 billion dollar budget for healthcare. According to official reports, the Prime Minister stated that expanded healthcare access would be implemented by 2024.",0
The Germany government approved a 0.8 billion dollar budget for renewable energy. Health authorities confirmed 340 new cases of dengue fever in Western Europe.,0
The AP announced new guidelines following rising tensions in London. The central bank raised interest rates by 3% to combat rising inflation.,0
One weird trick Big Pharma doesn't want you to know about vaccine microchips. It's being SUPPRESSED. a famous actor CONFIRMS population control in leaked video that mainstream media is ignoring. BREAKING: Scientists BANNED from revealing the truth about lizard people. Share before it's deleted! Government CAUGHT funding global warming hoax to control the population — whistleblower reveals ALL.,1
World leaders gathered in London to discuss AI safety at the annual Climate Conference. Scientists at Oxford have published findings on vaccine efficacy in the Nature journal. World leaders gathered in Tokyo to discuss genomic research at the annual Climate Conference. The Senate passed legislation to regulate pharmaceutical companies following rising tensions.,0
The central bank raised interest rates by 1.2% to combat rising inflation. World leaders gathered in Brussels to discuss climate change at the annual Security Forum.,0
SHOCKING: a top politician EXPOSED for secretly funding global warming hoax — the media won't tell you! This apple cider vinegar CURES diabetes in 7 days — Big Pharma doesn't want you to know! Bill Gates CONFIRMS population control in leaked video that mainstream media is ignoring.,1
"The The US government approved a 5 billion dollar budget for renewable energy. Health authorities confirmed 4,500 new cases of COVID-19 subvariant in sub-Saharan Africa.",0
The central bank raised interest rates by 3% to combat rising inflation. The Parliament passed legislation to regulate social media platforms following last month's summit.,0
"Market analysts say Goldman Sachs shares rose 2.5% after strong Q1 earnings. According to official reports, the Secretary of State stated that stricter emissions standards would be implemented by 2024.",0
BREAKING: Scientists BANNED from revealing the truth about the flat earth. Share before it's deleted! ALIEN structures discovered on the Arctic. NASA is covering it up. See the proof here! Government CAUGHT poisoning the water supply to control the population — whistleblower reveals ALL.,1
Health authorities confirmed 78 new cases of dengue fever in Southeast Asia. Market analysts say Toyota shares rose 3% after strong Q3 earnings.,0
"An investigation by United Nations found no evidence of data manipulation in the recent last month's summit. According to official reports, the Director General stated that stricter emissions standards would be implemented by next fiscal year.",0
This this simple herb CURES cancer in just 2 days — Big Pharma doesn't want you to know! This this simple herb CURES autism in 3 days — Big Pharma doesn't want you to know! URGENT: Forward this to everyone — the Deep State is planning the New World Order plan by 2025.,1
Market analysts say BP shares rose 0.75% after strong Q4 earnings. The United Nations announced emergency measures following the economic downturn in London. Scientists at Oxford have published findings on AI safety in the The Lancet journal. The Australia government approved a 1.2 billion dollar budget for education.,0
Government CAUGHT funding global warming hoax to control the population — whistleblower reveals ALL. BREAKING: Scientists BANNED from revealing the truth about the flat earth. Share before it's deleted!,1
The The US government approved a 0.8 billion dollar budget for renewable energy. The central bank raised interest rates by 1.2% to combat rising inflation.,0
"According to official reports, the Prime Minister stated that stricter emissions standards would be implemented by 2025. The United Nations announced new guidelines following rising tensions in Brussels. Health authorities confirmed 4,500 new cases of influenza A in Western Europe.",0
BREAKING: Scientists BANNED from revealing the truth about the flat earth. Share before it's deleted! This black seed oil CURES Alzheimer's in just 2 days — Big Pharma doesn't want you to know! One weird trick Big Pharma doesn't want you to know about vaccine microchips. It's being SUPPRESSED.,1
Government CAUGHT poisoning the water supply to control the population — whistleblower reveals ALL. The REAL reason the pandemic happened will make your blood boil. They lied to us again.,1
One weird trick the Illuminati doesn't want you to know about the flat earth. It's being SUPPRESSED. URGENT: Forward this to everyone — the Deep State is planning the great reset agenda by this year. BREAKING: Scientists BANNED from revealing the truth about vaccine microchips. Share before it's deleted! This black seed oil CURES diabetes in 10 days — Big Pharma doesn't want you to know!,1
URGENT: Forward this to everyone — the Deep State is planning the great reset agenda by 2025. Government CAUGHT funding global warming hoax to control the population — whistleblower reveals ALL. URGENT: Forward this to everyone — the CDC is planning the New World Order plan by 2025.,1
This this simple herb CURES COVID in 10 days — Big Pharma doesn't want you to know! One weird trick Big Pharma doesn't want you to know about vaccine microchips. It's being SUPPRESSED.,1
This black seed oil CURES autism in 7 days — Big Pharma doesn't want you to know! Government CAUGHT poisoning the water supply to control the population — whistleblower reveals ALL. The REAL reason the 2020 election happened will make your blood boil. They lied to us again.,1
a famous actor CONFIRMS the New World Order plan in leaked video that mainstream media is ignoring. This apple cider vinegar CURES diabetes in 3 days — Big Pharma doesn't want you to know!,1
One weird trick the Deep State doesn't want you to know about chemtrails. It's being SUPPRESSED. This this simple herb CURES cancer in just 2 days — Big Pharma doesn't want you to know! Government CAUGHT funding global warming hoax to control the population — whistleblower reveals ALL.,1
Scientists at Johns Hopkins have published findings on AI safety in the Nature journal. The NASA announced new guidelines following last month's summit in Geneva.,0
You won't BELIEVE what the Deep State is hiding about apple cider vinegar. The cover-up is REAL. BREAKING: Scientists BANNED from revealing the truth about 5G towers. Share before it's deleted!,1
"Health authorities confirmed 1,200 new cases of influenza A in Southeast Asia. Market analysts say Samsung shares rose 1.2% after strong Q2 earnings. The the oversight committee passed legislation to regulate pharmaceutical companies following rising tensions. The the oversight committee passed legislation to regulate social media platforms following the regional crisis.",0
Government CAUGHT mind control experiments to control the population — whistleblower reveals ALL. SHOCKING: Bill Gates EXPOSED for secretly funding global warming hoax — the media won't tell you! URGENT: Forward this to everyone — the government is planning the great reset agenda by before the election.,1
"An investigation by WHO found no evidence of fraud in the recent the economic downturn. According to official reports, the Director General stated that the new trade agreement would be implemented by 2025. The Australia government approved a 1.2 billion dollar budget for healthcare. World leaders gathered in Brussels to discuss genomic research at the annual Climate Conference.",0
An investigation by AP found no evidence of fraud in the recent last month's summit. Scientists at Cambridge have published findings on vaccine efficacy in the Nature journal. Market analysts say Apple shares rose 3% after strong Q1 earnings.,0
"Market analysts say BP shares rose 4% after strong Q2 earnings. According to official reports, the spokesperson stated that stricter emissions standards would be implemented by 2025.",0
"World leaders gathered in New Delhi to discuss genomic research at the annual Economic Forum. Market analysts say Toyota shares rose 3% after strong Q3 earnings. World leaders gathered in New Delhi to discuss AI safety at the annual Economic Forum. According to official reports, the spokesperson stated that the new trade agreement would be implemented by 2024.",0
Market analysts say Goldman Sachs shares rose 2.5% after strong Q2 earnings. Health authorities confirmed 78 new cases of influenza A in South America.,0
a top politician CONFIRMS the great reset agenda in leaked video that mainstream media is ignoring. You won't BELIEVE what the Deep State is hiding about this simple herb. The cover-up is REAL. SHOCKING: a top politician EXPOSED for secretly funding global warming hoax — the media won't tell you! a famous actor CONFIRMS the great reset agenda in leaked video that mainstream media is ignoring.,1
"The the oversight committee passed legislation to regulate social media platforms following the economic downturn. According to official reports, the Secretary of State stated that stricter emissions standards would be implemented by 2024. The India government approved a 0.8 billion dollar budget for infrastructure. Health authorities confirmed 78 new cases of dengue fever in Western Europe.",0
SHOCKING: the elite EXPOSED for secretly poisoning the water supply — the media won't tell you! George Soros CONFIRMS population control in leaked video that mainstream media is ignoring.,1
You won't BELIEVE what the CDC is hiding about black seed oil. The cover-up is REAL. This apple cider vinegar CURES COVID in 10 days — Big Pharma doesn't want you to know!,1
SHOCKING: a top politician EXPOSED for secretly poisoning the water supply — the media won't tell you! The REAL reason the pandemic happened will make your blood boil. They lied to us again. You won't BELIEVE what the government is hiding about apple cider vinegar. The cover-up is REAL. One weird trick the Deep State doesn't want you to know about 5G towers. It's being SUPPRESSED.,1
Government CAUGHT poisoning the water supply to control the population — whistleblower reveals ALL. SHOCKING: the elite EXPOSED for secretly mind control experiments — the media won't tell you! You won't BELIEVE what Big Pharma is hiding about apple cider vinegar. The cover-up is REAL. BREAKING: Scientists BANNED from revealing the truth about lizard people. Share before it's deleted!,1
George Soros CONFIRMS the great reset agenda in leaked video that mainstream media is ignoring. the elite CONFIRMS population control in leaked video that mainstream media is ignoring.,1
You won't BELIEVE what the Illuminati is hiding about black seed oil. The cover-up is REAL. a famous actor CONFIRMS the New World Order plan in leaked video that mainstream media is ignoring. a top politician CONFIRMS the New World Order plan in leaked video that mainstream media is ignoring.,1
One weird trick the Illuminati doesn't want you to know about vaccine microchips. It's being SUPPRESSED. ALIEN structures discovered on Mars. NASA is covering it up. See the proof here! Bill Gates CONFIRMS the New World Order plan in leaked video that mainstream media is ignoring.,1
URGENT: Forward this to everyone — the government is planning population control by this year. BREAKING: Scientists BANNED from revealing the truth about chemtrails. Share before it's deleted! SHOCKING: the elite EXPOSED for secretly mind control experiments — the media won't tell you! Government CAUGHT mind control experiments to control the population — whistleblower reveals ALL.,1
"An investigation by United Nations found no evidence of bias in the recent the economic downturn. World leaders gathered in Tokyo to discuss urban planning at the annual G20 Summit. According to official reports, the Director General stated that stricter emissions standards would be implemented by 2025. Health authorities confirmed 1,200 new cases of influenza A in Western Europe.",0
URGENT: Forward this to everyone — the Illuminati is planning population control by this year. The REAL reason 9/11 happened will make your blood boil. They lied to us again. This black seed oil CURES diabetes in 3 days — Big Pharma doesn't want you to know! URGENT: Forward this to everyone — the Deep State is planning the New World Order plan by before the election.,1
Government CAUGHT funding global warming hoax to control the population — whistleblower reveals ALL. BREAKING: Scientists BANNED from revealing the truth about lizard people. Share before it's deleted! Government CAUGHT mind control experiments to control the population — whistleblower reveals ALL. SHOCKING: a top politician EXPOSED for secretly funding global warming hoax — the media won't tell you!,1
ALIEN structures discovered on the Moon. NASA is covering it up. See the proof here! URGENT: Forward this to everyone — the government is planning population control by before the election. The REAL reason the 2020 election happened will make your blood boil. They lied to us again.,1
The REAL reason the 2020 election happened will make your blood boil. They lied to us again. The REAL reason the pandemic happened will make your blood boil. They lied to us again.,1
URGENT: Forward this to everyone — the CDC is planning population control by this year. George Soros CONFIRMS the New World Order plan in leaked video that mainstream media is ignoring. This black seed oil CURES cancer in 10 days — Big Pharma doesn't want you to know! This this ancient remedy CURES diabetes in just 2 days — Big Pharma doesn't want you to know!,1
One weird trick Big Pharma doesn't want you to know about the flat earth. It's being SUPPRESSED. ALIEN structures discovered on Mars. NASA is covering it up. See the proof here!,1
BREAKING: Scientists BANNED from revealing the truth about the flat earth. Share before it's deleted! Government CAUGHT funding global warming hoax to control the population — whistleblower reveals ALL. URGENT: Forward this to everyone — the Deep State is planning population control by this year. The REAL reason the economic crash happened will make your blood boil. They lied to us again.,1
One weird trick the Deep State doesn't want you to know about 5G towers. It's being SUPPRESSED. Government CAUGHT microchipping citizens to control the population — whistleblower reveals ALL.,1
"Health authorities confirmed 4,500 new cases of COVID-19 subvariant in sub-Saharan Africa. According to official reports, the Prime Minister stated that stricter emissions standards would be implemented by 2024. The central bank raised interest rates by 3% to combat rising inflation. World leaders gathered in Brussels to discuss genomic research at the annual Economic Forum.",0
This apple cider vinegar CURES cancer in 10 days — Big Pharma doesn't want you to know! One weird trick Big Pharma doesn't want you to know about 5G towers. It's being SUPPRESSED. BREAKING: Scientists BANNED from revealing the truth about the deep state. Share before it's deleted! URGENT: Forward this to everyone — the CDC is planning the New World Order plan by this year.,1
Government CAUGHT mind control experiments to control the population — whistleblower reveals ALL. This this ancient remedy CURES cancer in 10 days — Big Pharma doesn't want you to know! You won't BELIEVE what Big Pharma is hiding about this simple herb. The cover-up is REAL.,1
The REAL reason the pandemic happened will make your blood boil. They lied to us again. This black seed oil CURES diabetes in 7 days — Big Pharma doesn't want you to know! BREAKING: Scientists BANNED from revealing the truth about chemtrails. Share before it's deleted! Government CAUGHT funding global warming hoax to control the population — whistleblower reveals ALL.,1
You won't BELIEVE what the government is hiding about this simple herb. The cover-up is REAL. URGENT: Forward this to everyone — the Deep State is planning population control by 2025. You won't BELIEVE what the Illuminati is hiding about apple cider vinegar. The cover-up is REAL.,1
"Scientists at Johns Hopkins have published findings on climate change in the The Lancet journal. According to official reports, the Secretary of State stated that the new trade agreement would be implemented by next fiscal year.",0
"Health authorities confirmed 1,200 new cases of influenza A in Western Europe. Scientists at Oxford have published findings on AI safety in the The Lancet journal. The the Pentagon announced new guidelines following the regional crisis in Brussels. The Germany government approved a 1.2 billion dollar budget for defense.",0
Government CAUGHT funding global warming hoax to control the population — whistleblower reveals ALL. a top politician CONFIRMS the great reset agenda in leaked video that mainstream media is ignoring.,1
One weird trick the Deep State doesn't want you to know about 5G towers. It's being SUPPRESSED. This apple cider vinegar CURES cancer in 10 days — Big Pharma doesn't want you to know!,1
Health authorities confirmed 78 new cases of influenza A in Southeast Asia. Market analysts say Samsung shares rose 0.75% after strong Q3 earnings.,0
BREAKING: Scientists BANNED from revealing the truth about lizard people. Share before it's deleted! Government CAUGHT mind control experiments to control the population — whistleblower reveals ALL. SHOCKING: Bill Gates EXPOSED for secretly microchipping citizens — the media won't tell you! One weird trick Big Pharma doesn't want you to know about the flat earth. It's being SUPPRESSED.,1
Government CAUGHT poisoning the water supply to control the population — whistleblower reveals ALL. The REAL reason 9/11 happened will make your blood boil. They lied to us again. SHOCKING: a famous actor EXPOSED for secretly microchipping citizens — the media won't tell you! The REAL reason the economic crash happened will make your blood boil. They lied to us again.,1
"According to official reports, the Prime Minister stated that stricter emissions standards would be implemented by 2024. An investigation by the Federal Reserve found no evidence of fraud in the recent the regional crisis. An investigation by Reuters found no evidence of bias in the recent the economic downturn.",0
"The central bank raised interest rates by 3% to combat rising inflation. The the oversight committee passed legislation to regulate social media platforms following rising tensions. The United Nations announced new guidelines following rising tensions in Geneva. According to official reports, the Prime Minister stated that stricter emissions standards would be implemented by next fiscal year.",0
"Health authorities confirmed 340 new cases of influenza A in sub-Saharan Africa. Market analysts say BP shares rose 1.2% after strong Q4 earnings. Health authorities confirmed 1,200 new cases of influenza A in South America.",0
One weird trick the Illuminati doesn't want you to know about the flat earth. It's being SUPPRESSED. You won't BELIEVE what the government is hiding about black seed oil. The cover-up is REAL. One weird trick the CDC doesn't want you to know about 5G towers. It's being SUPPRESSED.,1
One weird trick the government doesn't want you to know about the flat earth. It's being SUPPRESSED. You won't BELIEVE what Big Pharma is hiding about this simple herb. The cover-up is REAL. This apple cider vinegar CURES Alzheimer's in 7 days — Big Pharma doesn't want you to know!,1
SHOCKING: a famous actor EXPOSED for secretly poisoning the water supply — the media won't tell you! Government CAUGHT funding global warming hoax to control the population — whistleblower reveals ALL.,1
You won't BELIEVE what Big Pharma is hiding about this ancient remedy. The cover-up is REAL. URGENT: Forward this to everyone — the CDC is planning population control by before the election. You won't BELIEVE what the Illuminati is hiding about this simple herb. The cover-up is REAL. This this ancient remedy CURES Alzheimer's in 10 days — Big Pharma doesn't want you to know!,1
This this ancient remedy CURES diabetes in 10 days — Big Pharma doesn't want you to know! You won't BELIEVE what the Illuminati is hiding about this ancient remedy. The cover-up is REAL. the elite CONFIRMS population control in leaked video that mainstream media is ignoring. The REAL reason the 2020 election happened will make your blood boil. They lied to us again.,1
SHOCKING: a famous actor EXPOSED for secretly mind control experiments — the media won't tell you! This this simple herb CURES diabetes in 10 days — Big Pharma doesn't want you to know!,1
Bill Gates CONFIRMS population control in leaked video that mainstream media is ignoring. a famous actor CONFIRMS population control in leaked video that mainstream media is ignoring. One weird trick the Deep State doesn't want you to know about lizard people. It's being SUPPRESSED. One weird trick the government doesn't want you to know about vaccine microchips. It's being SUPPRESSED.,1
You won't BELIEVE what the CDC is hiding about apple cider vinegar. The cover-up is REAL. You won't BELIEVE what the CDC is hiding about this simple herb. The cover-up is REAL. URGENT: Forward this to everyone — the Illuminati is planning the great reset agenda by this year. This apple cider vinegar CURES COVID in just 2 days — Big Pharma doesn't want you to know!,1
The REAL reason the economic crash happened will make your blood boil. They lied to us again. SHOCKING: Bill Gates EXPOSED for secretly funding global warming hoax — the media won't tell you! SHOCKING: George Soros EXPOSED for secretly microchipping citizens — the media won't tell you! This apple cider vinegar CURES cancer in just 2 days — Big Pharma doesn't want you to know!,1
BREAKING: Scientists BANNED from revealing the truth about the flat earth. Share before it's deleted! SHOCKING: a top politician EXPOSED for secretly funding global warming hoax — the media won't tell you! Government CAUGHT poisoning the water supply to control the population — whistleblower reveals ALL. Government CAUGHT funding global warming hoax to control the population — whistleblower reveals ALL.,1
One weird trick the Deep State doesn't want you to know about chemtrails. It's being SUPPRESSED. This apple cider vinegar CURES diabetes in 10 days — Big Pharma doesn't want you to know!,1
URGENT: Forward this to everyone — the Deep State is planning the great reset agenda by before the election. URGENT: Forward this to everyone — the government is planning the New World Order plan by before the election. ALIEN structures discovered on Mars. NASA is covering it up. See the proof here! Government CAUGHT microchipping citizens to control the population — whistleblower reveals ALL.,1
a famous actor CONFIRMS population control in leaked video that mainstream media is ignoring. ALIEN structures discovered on Mars. NASA is covering it up. See the proof here! You won't BELIEVE what the Deep State is hiding about black seed oil. The cover-up is REAL. Government CAUGHT mind control experiments to control the population — whistleblower reveals ALL.,1
a top politician CONFIRMS the great reset agenda in leaked video that mainstream media is ignoring. This black seed oil CURES COVID in just 2 days — Big Pharma doesn't want you to know! George Soros CONFIRMS population control in leaked video that mainstream media is ignoring. ALIEN structures discovered on Mars. NASA is covering it up. See the proof here!,1
SHOCKING: the elite EXPOSED for secretly funding global warming hoax — the media won't tell you! One weird trick the government doesn't want you to know about the deep state. It's being SUPPRESSED. URGENT: Forward this to everyone — Big Pharma is planning population control by 2025.,1
Market analysts say Apple shares rose 0.75% after strong Q2 earnings. The central bank raised interest rates by 1.2% to combat rising inflation. Scientists at Johns Hopkins have published findings on genomic research in the The Lancet journal. The central bank raised interest rates by 1.2% to combat rising inflation.,0
"The the Pentagon announced new guidelines following last month's summit in Tokyo. Market analysts say BP shares rose 0.75% after strong Q2 earnings. Health authorities confirmed 4,500 new cases of measles in sub-Saharan Africa.",0
Bill Gates CONFIRMS the great reset agenda in leaked video that mainstream media is ignoring. This black seed oil CURES Alzheimer's in just 2 days — Big Pharma doesn't want you to know! SHOCKING: the elite EXPOSED for secretly microchipping citizens — the media won't tell you!,1
BREAKING: Scientists BANNED from revealing the truth about 5G towers. Share before it's deleted! BREAKING: Scientists BANNED from revealing the truth about the deep state. Share before it's deleted! One weird trick the CDC doesn't want you to know about the deep state. It's being SUPPRESSED. Government CAUGHT poisoning the water supply to control the population — whistleblower reveals ALL.,1
The India government approved a 3.5 billion dollar budget for healthcare. An investigation by the Federal Reserve found no evidence of bias in the recent the regional crisis. The The US government approved a 3.5 billion dollar budget for healthcare.,0
"Health authorities confirmed 1,200 new cases of influenza A in South America. The Senate passed legislation to regulate pharmaceutical companies following the economic downturn. Market analysts say Apple shares rose 1.2% after strong Q3 earnings. Scientists at MIT have published findings on climate change in the Nature journal.",0
The the regulatory body passed legislation to regulate financial institutions following the economic downturn. The Canada government approved a 20 billion dollar budget for healthcare.,0
The REAL reason the pandemic happened will make your blood boil. They lied to us again. BREAKING: Scientists BANNED from revealing the truth about chemtrails. Share before it's deleted! This this simple herb CURES autism in 3 days — Big Pharma doesn't want you to know!,1
This this simple herb CURES diabetes in just 2 days — Big Pharma doesn't want you to know! Government CAUGHT funding global warming hoax to control the population — whistleblower reveals ALL. URGENT: Forward this to everyone — the Deep State is planning population control by 2025. BREAKING: Scientists BANNED from revealing the truth about lizard people. Share before it's deleted!,1
One weird trick the CDC doesn't want you to know about chemtrails. It's being SUPPRESSED. The REAL reason 9/11 happened will make your blood boil. They lied to us again. You won't BELIEVE what the CDC is hiding about black seed oil. The cover-up is REAL.,1
This this simple herb CURES COVID in just 2 days — Big Pharma doesn't want you to know! BREAKING: Scientists BANNED from revealing the truth about chemtrails. Share before it's deleted!,1
The Parliament passed legislation to regulate social media platforms following rising tensions. World leaders gathered in Tokyo to discuss genomic research at the annual Security Forum.,0
The REAL reason 9/11 happened will make your blood boil. They lied to us again. SHOCKING: Bill Gates EXPOSED for secretly mind control experiments — the media won't tell you! This this simple herb CURES autism in 10 days — Big Pharma doesn't want you to know!,1
"According to official reports, the Director General stated that stricter emissions standards would be implemented by 2024. The Germany government approved a 3.5 billion dollar budget for infrastructure.",0
BREAKING: Scientists BANNED from revealing the truth about lizard people. Share before it's deleted! One weird trick the government doesn't want you to know about the flat earth. It's being SUPPRESSED.,1
You won't BELIEVE what the government is hiding about black seed oil. The cover-up is REAL. a top politician CONFIRMS population control in leaked video that mainstream media is ignoring.,1
The The US government approved a 3.5 billion dollar budget for healthcare. An investigation by WHO found no evidence of misconduct in the recent the economic downturn. World leaders gathered in Geneva to discuss genomic research at the annual Security Forum.,0
ALIEN structures discovered on the Moon. NASA is covering it up. See the proof here! One weird trick the government doesn't want you to know about the flat earth. It's being SUPPRESSED. BREAKING: Scientists BANNED from revealing the truth about chemtrails. Share before it's deleted!,1
SHOCKING: Bill Gates EXPOSED for secretly mind control experiments — the media won't tell you! BREAKING: Scientists BANNED from revealing the truth about lizard people. Share before it's deleted!,1
The NASA announced emergency measures following rising tensions in Brussels. The Australia government approved a 0.8 billion dollar budget for healthcare. The central bank raised interest rates by 1.2% to combat rising inflation.,0
George Soros CONFIRMS the great reset agenda in leaked video that mainstream media is ignoring. The REAL reason 9/11 happened will make your blood boil. They lied to us again. Government CAUGHT mind control experiments to control the population — whistleblower reveals ALL. SHOCKING: a famous actor EXPOSED for secretly microchipping citizens — the media won't tell you!,1
Market analysts say Apple shares rose 3% after strong Q1 earnings. The The US government approved a 3.5 billion dollar budget for infrastructure. World leaders gathered in Geneva to discuss vaccine efficacy at the annual G20 Summit.,0
URGENT: Forward this to everyone — the government is planning population control by this year. The REAL reason the economic crash happened will make your blood boil. They lied to us again. SHOCKING: the elite EXPOSED for secretly funding global warming hoax — the media won't tell you! One weird trick the Illuminati doesn't want you to know about chemtrails. It's being SUPPRESSED.,1
"According to official reports, the Director General stated that the new trade agreement would be implemented by next fiscal year. The AP announced financial aid following rising tensions in Brussels.",0
The REAL reason 9/11 happened will make your blood boil. They lied to us again. Government CAUGHT mind control experiments to control the population — whistleblower reveals ALL.,1
World leaders gathered in New Delhi to discuss vaccine efficacy at the annual G20 Summit. The central bank raised interest rates by 0.75% to combat rising inflation. The India government approved a 0.8 billion dollar budget for renewable energy. An investigation by Reuters found no evidence of data manipulation in the recent last month's summit.,0
The the Federal Reserve announced a formal inquiry following rising tensions in New Delhi. The WHO announced a formal inquiry following the regional crisis in Washington D.C..,0
ALIEN structures discovered on the Arctic. NASA is covering it up. See the proof here! The REAL reason 9/11 happened will make your blood boil. They lied to us again.,1
One weird trick the government doesn't want you to know about lizard people. It's being SUPPRESSED. One weird trick the CDC doesn't want you to know about vaccine microchips. It's being SUPPRESSED.,1
This apple cider vinegar CURES COVID in just 2 days — Big Pharma doesn't want you to know! One weird trick the CDC doesn't want you to know about the flat earth. It's being SUPPRESSED. BREAKING: Scientists BANNED from revealing the truth about vaccine microchips. Share before it's deleted!,1
The AP announced a formal inquiry following the economic downturn in Brussels. The AP announced financial aid following rising tensions in London.,0
a famous actor CONFIRMS the New World Order plan in leaked video that mainstream media is ignoring. The REAL reason 9/11 happened will make your blood boil. They lied to us again.,1
You won't BELIEVE what the Illuminati is hiding about apple cider vinegar. The cover-up is REAL. This this ancient remedy CURES diabetes in 10 days — Big Pharma doesn't want you to know! The REAL reason 9/11 happened will make your blood boil. They lied to us again.,1
"The Germany government approved a 3.5 billion dollar budget for defense. Health authorities confirmed 4,500 new cases of influenza A in sub-Saharan Africa. According to official reports, the spokesperson stated that expanded healthcare access would be implemented by next fiscal year. Scientists at Cambridge have published findings on AI safety in the Science journal.",0
World leaders gathered in Washington D.C. to discuss urban planning at the annual Climate Conference. Health authorities confirmed 78 new cases of measles in South America. The central bank raised interest rates by 3% to combat rising inflation.,0
"An investigation by the Federal Reserve found no evidence of bias in the recent the economic downturn. According to official reports, the spokesperson stated that stricter emissions standards would be implemented by 2025. The WHO announced a formal inquiry following last month's summit in Geneva.",0
The The US government approved a 20 billion dollar budget for defense. Health authorities confirmed 78 new cases of COVID-19 subvariant in Southeast Asia. Scientists at MIT have published findings on urban planning in the The Lancet journal.,0
The central bank raised interest rates by 1.2% to combat rising inflation. Market analysts say Goldman Sachs shares rose 0.75% after strong Q4 earnings. The central bank raised interest rates by 3% to combat rising inflation.,0
"An investigation by Reuters found no evidence of bias in the recent last month's summit. The Senate passed legislation to regulate pharmaceutical companies following the economic downturn. Health authorities confirmed 4,500 new cases of influenza A in sub-Saharan Africa.",0
URGENT: Forward this to everyone — the government is planning the New World Order plan by 2025. a top politician CONFIRMS the great reset agenda in leaked video that mainstream media is ignoring. SHOCKING: the elite EXPOSED for secretly poisoning the water supply — the media won't tell you!,1
URGENT: Forward this to everyone — the Deep State is planning the great reset agenda by 2025. URGENT: Forward this to everyone — the Illuminati is planning the great reset agenda by 2025.,1
The REAL reason the 2020 election happened will make your blood boil. They lied to us again. URGENT: Forward this to everyone — the Illuminati is planning the New World Order plan by this year. ALIEN structures discovered on the Arctic. NASA is covering it up. See the proof here!,1
SHOCKING: the elite EXPOSED for secretly mind control experiments — the media won't tell you! The REAL reason the pandemic happened will make your blood boil. They lied to us again. SHOCKING: a top politician EXPOSED for secretly poisoning the water supply — the media won't tell you!,1
"The central bank raised interest rates by 4% to combat rising inflation. The the oversight committee passed legislation to regulate pharmaceutical companies following the economic downturn. According to official reports, the Director General stated that expanded healthcare access would be implemented by 2024. According to official reports, the spokesperson stated that stricter emissions standards would be implemented by next fiscal year.",0
You won't BELIEVE what the government is hiding about this ancient remedy. The cover-up is REAL. You won't BELIEVE what the Deep State is hiding about black seed oil. The cover-up is REAL. One weird trick the Deep State doesn't want you to know about vaccine microchips. It's being SUPPRESSED. Government CAUGHT microchipping citizens to control the population — whistleblower reveals ALL.,1
Market analysts say Toyota shares rose 3% after strong Q3 earnings. Scientists at Oxford have published findings on AI safety in the Science journal.,0
This this ancient remedy CURES COVID in 7 days — Big Pharma doesn't want you to know! One weird trick the CDC doesn't want you to know about vaccine microchips. It's being SUPPRESSED.,1
Scientists at Johns Hopkins have published findings on genomic research in the Nature journal. The AP announced a formal inquiry following the economic downturn in Brussels. World leaders gathered in Geneva to discuss vaccine efficacy at the annual Economic Forum.,0
This this simple herb CURES Alzheimer's in just 2 days — Big Pharma doesn't want you to know! Government CAUGHT poisoning the water supply to control the population — whistleblower reveals ALL.,1
The The US government approved a 5 billion dollar budget for healthcare. Health authorities confirmed 78 new cases of measles in Western Europe.,0
"According to official reports, the spokesperson stated that the new trade agreement would be implemented by next fiscal year. The the oversight committee passed legislation to regulate financial institutions following rising tensions. The United Nations announced emergency measures following the regional crisis in Brussels.",0
"Health authorities confirmed 1,200 new cases of measles in Western Europe. The the Pentagon announced new guidelines following the regional crisis in Washington D.C..",0
"World leaders gathered in Geneva to discuss climate change at the annual Climate Conference. According to official reports, the Director General stated that the new trade agreement would be implemented by 2024. The WHO announced a formal inquiry following the regional crisis in New Delhi. Market analysts say Toyota shares rose 2.5% after strong Q2 earnings.",0
a famous actor CONFIRMS the New World Order plan in leaked video that mainstream media is ignoring. ALIEN structures discovered on the Moon. NASA is covering it up. See the proof here! This this simple herb CURES diabetes in just 2 days — Big Pharma doesn't want you to know! BREAKING: Scientists BANNED from revealing the truth about the flat earth. Share before it's deleted!,1
SHOCKING: a top politician EXPOSED for secretly mind control experiments — the media won't tell you! URGENT: Forward this to everyone — Big Pharma is planning population control by before the election.,1
Scientists at Oxford have published findings on climate change in the The Lancet journal. The central bank raised interest rates by 4% to combat rising inflation. Scientists at Cambridge have published findings on urban planning in the Nature journal. The central bank raised interest rates by 4% to combat rising inflation.,0
The Reuters announced financial aid following the regional crisis in Geneva. An investigation by the Pentagon found no evidence of data manipulation in the recent last month's summit. The The US government approved a 0.8 billion dollar budget for infrastructure.,0
This black seed oil CURES autism in 7 days — Big Pharma doesn't want you to know! URGENT: Forward this to everyone — the Illuminati is planning population control by 2025. ALIEN structures discovered on the Arctic. NASA is covering it up. See the proof here!,1
You won't BELIEVE what the Illuminati is hiding about black seed oil. The cover-up is REAL. The REAL reason the 2020 election happened will make your blood boil. They lied to us again. Government CAUGHT poisoning the water supply to control the population — whistleblower reveals ALL.,1
The Germany government approved a 0.8 billion dollar budget for education. The Reuters announced new guidelines following the economic downturn in New Delhi. The NASA announced emergency measures following rising tensions in New Delhi. Scientists at Oxford have published findings on urban planning in the The Lancet journal.,0
The the Pentagon announced emergency measures following rising tensions in Tokyo. The central bank raised interest rates by 3% to combat rising inflation.,0
"Health authorities confirmed 4,500 new cases of dengue fever in Southeast Asia. The The US government approved a 5 billion dollar budget for education. According to official reports, the Secretary of State stated that the new trade agreement would be implemented by 2025.",0
"World leaders gathered in Washington D.C. to discuss vaccine efficacy at the annual Climate Conference. According to official reports, the Director General stated that the new trade agreement would be implemented by next fiscal year.",0
Bill Gates CONFIRMS the New World Order plan in leaked video that mainstream media is ignoring. a top politician CONFIRMS the great reset agenda in leaked video that mainstream media is ignoring. Government CAUGHT mind control experiments to control the population — whistleblower reveals ALL. The REAL reason the 2020 election happened will make your blood boil. They lied to us again.,1
Market analysts say Toyota shares rose 0.75% after strong Q2 earnings. The Germany government approved a 0.8 billion dollar budget for infrastructure.,0
BREAKING: Scientists BANNED from revealing the truth about the flat earth. Share before it's deleted! the elite CONFIRMS population control in leaked video that mainstream media is ignoring. The REAL reason the pandemic happened will make your blood boil. They lied to us again. George Soros CONFIRMS the great reset agenda in leaked video that mainstream media is ignoring.,1
The Senate passed legislation to regulate pharmaceutical companies following the economic downturn. The Japan government approved a 1.2 billion dollar budget for education. The The US government approved a 0.8 billion dollar budget for education.,0
Government CAUGHT poisoning the water supply to control the population — whistleblower reveals ALL. This this simple herb CURES COVID in 3 days — Big Pharma doesn't want you to know!,1
URGENT: Forward this to everyone — the Illuminati is planning the New World Order plan by this year. ALIEN structures discovered on the Arctic. NASA is covering it up. See the proof here!,1
Market analysts say Goldman Sachs shares rose 0.75% after strong Q4 earnings. The Parliament passed legislation to regulate financial institutions following the regional crisis.,0
The central bank raised interest rates by 1.2% to combat rising inflation. Scientists at Stanford have published findings on AI safety in the Science journal. The WHO announced emergency measures following the regional crisis in London.,0
Market analysts say BP shares rose 4% after strong Q1 earnings. World leaders gathered in Tokyo to discuss AI safety at the annual Climate Conference. An investigation by the Federal Reserve found no evidence of misconduct in the recent the regional crisis.,0
URGENT: Forward this to everyone — Big Pharma is planning the New World Order plan by this year. The REAL reason the economic crash happened will make your blood boil. They lied to us again.,1
World leaders gathered in Brussels to discuss AI safety at the annual Economic Forum. An investigation by NASA found no evidence of misconduct in the recent the regional crisis. World leaders gathered in Tokyo to discuss vaccine efficacy at the annual Economic Forum.,0
An investigation by the Federal Reserve found no evidence of data manipulation in the recent the regional crisis. The The US government approved a 20 billion dollar budget for infrastructure. The central bank raised interest rates by 2.5% to combat rising inflation.,0
The REAL reason the 2020 election happened will make your blood boil. They lied to us again. The REAL reason the 2020 election happened will make your blood boil. They lied to us again. BREAKING: Scientists BANNED from revealing the truth about lizard people. Share before it's deleted! One weird trick Big Pharma doesn't want you to know about lizard people. It's being SUPPRESSED.,1
Government CAUGHT mind control experiments to control the population — whistleblower reveals ALL. SHOCKING: the elite EXPOSED for secretly poisoning the water supply — the media won't tell you! Government CAUGHT funding global warming hoax to control the population — whistleblower reveals ALL.,1
One weird trick the government doesn't want you to know about vaccine microchips. It's being SUPPRESSED. You won't BELIEVE what the Illuminati is hiding about black seed oil. The cover-up is REAL. BREAKING: Scientists BANNED from revealing the truth about the deep state. Share before it's deleted! SHOCKING: a top politician EXPOSED for secretly microchipping citizens — the media won't tell you!,1
ALIEN structures discovered on the Moon. NASA is covering it up. See the proof here! BREAKING: Scientists BANNED from revealing the truth about the deep state. Share before it's deleted! This this simple herb CURES diabetes in 3 days — Big Pharma doesn't want you to know! SHOCKING: George Soros EXPOSED for secretly funding global warming hoax — the media won't tell you!,1
"The the regulatory body passed legislation to regulate financial institutions following the economic downturn. According to official reports, the Prime Minister stated that the new trade agreement would be implemented by 2025. Scientists at Oxford have published findings on vaccine efficacy in the The Lancet journal.",0
Government CAUGHT microchipping citizens to control the population — whistleblower reveals ALL. Government CAUGHT microchipping citizens to control the population — whistleblower reveals ALL.,1
ALIEN structures discovered on the Arctic. NASA is covering it up. See the proof here! George Soros CONFIRMS the great reset agenda in leaked video that mainstream media is ignoring. ALIEN structures discovered on Mars. NASA is covering it up. See the proof here! a top politician CONFIRMS the New World Order plan in leaked video that mainstream media is ignoring.,1
World leaders gathered in New Delhi to discuss genomic research at the annual G20 Summit. An investigation by WHO found no evidence of fraud in the recent the regional crisis. The United Nations announced a formal inquiry following the regional crisis in New Delhi.,0
ALIEN structures discovered on Antarctica. NASA is covering it up. See the proof here! Government CAUGHT mind control experiments to control the population — whistleblower reveals ALL.,1
"The WHO announced financial aid following the regional crisis in Brussels. An investigation by the Pentagon found no evidence of misconduct in the recent the economic downturn. According to official reports, the Prime Minister stated that stricter emissions standards would be implemented by next fiscal year. According to official reports, the spokesperson stated that the new trade agreement would be implemented by 2025.",0
URGENT: Forward this to everyone — the government is planning the great reset agenda by 2025. URGENT: Forward this to everyone — Big Pharma is planning population control by 2025. Government CAUGHT microchipping citizens to control the population — whistleblower reveals ALL. The REAL reason the economic crash happened will make your blood boil. They lied to us again.,1
The Parliament passed legislation to regulate financial institutions following rising tensions. The WHO announced a formal inquiry following rising tensions in Brussels.,0
This apple cider vinegar CURES diabetes in just 2 days — Big Pharma doesn't want you to know! URGENT: Forward this to everyone — the CDC is planning population control by before the election.,1
ALIEN structures discovered on the Moon. NASA is covering it up. See the proof here! a top politician CONFIRMS the great reset agenda in leaked video that mainstream media is ignoring. BREAKING: Scientists BANNED from revealing the truth about lizard people. Share before it's deleted!,1
The WHO announced emergency measures following last month's summit in Tokyo. Market analysts say Goldman Sachs shares rose 4% after strong Q4 earnings. The the oversight committee passed legislation to regulate financial institutions following the economic downturn.,0
Market analysts say BP shares rose 0.75% after strong Q1 earnings. The central bank raised interest rates by 2.5% to combat rising inflation. The the Federal Reserve announced new guidelines following rising tensions in New Delhi.,0
The Japan government approved a 1.2 billion dollar budget for defense. The central bank raised interest rates by 4% to combat rising inflation.,0
The Senate passed legislation to regulate financial institutions following rising tensions. The central bank raised interest rates by 1.2% to combat rising inflation. World leaders gathered in Brussels to discuss genomic research at the annual Economic Forum. The India government approved a 5 billion dollar budget for healthcare.,0
An investigation by WHO found no evidence of data manipulation in the recent rising tensions. An investigation by the Federal Reserve found no evidence of data manipulation in the recent rising tensions. The the Pentagon announced new guidelines following the regional crisis in London. An investigation by WHO found no evidence of data manipulation in the recent last month's summit.,0
"According to official reports, the Prime Minister stated that the new trade agreement would be implemented by 2025. The central bank raised interest rates by 0.75% to combat rising inflation. Market analysts say Samsung shares rose 2.5% after strong Q2 earnings.",0
Government CAUGHT funding global warming hoax to control the population — whistleblower reveals ALL. One weird trick the Deep State doesn't want you to know about lizard people. It's being SUPPRESSED.,1
The the Pentagon announced emergency measures following the regional crisis in London. Market analysts say Samsung shares rose 3% after strong Q4 earnings.,0
Scientists at Johns Hopkins have published findings on urban planning in the Nature journal. The The US government approved a 20 billion dollar budget for infrastructure. Scientists at MIT have published findings on climate change in the Nature journal.,0
This this simple herb CURES cancer in just 2 days — Big Pharma doesn't want you to know! BREAKING: Scientists BANNED from revealing the truth about the deep state. Share before it's deleted! You won't BELIEVE what Big Pharma is hiding about black seed oil. The cover-up is REAL.,1
"According to official reports, the Secretary of State stated that expanded healthcare access would be implemented by 2025. The The US government approved a 3.5 billion dollar budget for healthcare. The central bank raised interest rates by 0.75% to combat rising inflation. The United Nations announced a formal inquiry following the regional crisis in Brussels.",0
URGENT: Forward this to everyone — Big Pharma is planning the New World Order plan by 2025. One weird trick the CDC doesn't want you to know about the deep state. It's being SUPPRESSED.,1
"The India government approved a 1.2 billion dollar budget for defense. An investigation by the Federal Reserve found no evidence of data manipulation in the recent rising tensions. According to official reports, the Director General stated that expanded healthcare access would be implemented by 2024. The Reuters announced financial aid following the economic downturn in New Delhi.",0
Government CAUGHT microchipping citizens to control the population — whistleblower reveals ALL. URGENT: Forward this to everyone — Big Pharma is planning the New World Order plan by 2025.,1
URGENT: Forward this to everyone — Big Pharma is planning population control by 2025. ALIEN structures discovered on Mars. NASA is covering it up. See the proof here!,1
The REAL reason the 2020 election happened will make your blood boil. They lied to us again. the elite CONFIRMS the New World Order plan in leaked video that mainstream media is ignoring. URGENT: Forward this to everyone — the CDC is planning the New World Order plan by this year. ALIEN structures discovered on Mars. NASA is covering it up. See the proof here!,1
URGENT: Forward this to everyone — the Deep State is planning the New World Order plan by this year. You won't BELIEVE what Big Pharma is hiding about black seed oil. The cover-up is REAL. SHOCKING: a famous actor EXPOSED for secretly poisoning the water supply — the media won't tell you! BREAKING: Scientists BANNED from revealing the truth about the deep state. Share before it's deleted!,1
This this ancient remedy CURES Alzheimer's in 3 days — Big Pharma doesn't want you to know! Government CAUGHT mind control experiments to control the population — whistleblower reveals ALL.,1
"Market analysts say Toyota shares rose 1.2% after strong Q2 earnings. According to official reports, the Prime Minister stated that the new trade agreement would be implemented by 2024. The the oversight committee passed legislation to regulate financial institutions following last month's summit.",0
SHOCKING: Bill Gates EXPOSED for secretly poisoning the water supply — the media won't tell you! Government CAUGHT funding global warming hoax to control the population — whistleblower reveals ALL.,1
The central bank raised interest rates by 0.75% to combat rising inflation. World leaders gathered in New Delhi to discuss AI safety at the annual Security Forum. The central bank raised interest rates by 1.2% to combat rising inflation.,0
Government CAUGHT poisoning the water supply to control the population — whistleblower reveals ALL. Bill Gates CONFIRMS population control in leaked video that mainstream media is ignoring. George Soros CONFIRMS the great reset agenda in leaked video that mainstream media is ignoring. ALIEN structures discovered on Antarctica. NASA is covering it up. See the proof here!,1
"An investigation by WHO found no evidence of bias in the recent rising tensions. An investigation by AP found no evidence of misconduct in the recent the regional crisis. World leaders gathered in Geneva to discuss genomic research at the annual Economic Forum. Health authorities confirmed 4,500 new cases of influenza A in sub-Saharan Africa.",0
Scientists at Oxford have published findings on genomic research in the Science journal. An investigation by Reuters found no evidence of data manipulation in the recent the regional crisis. Scientists at Oxford have published findings on urban planning in the Nature journal. An investigation by Reuters found no evidence of data manipulation in the recent the regional crisis.,0
"World leaders gathered in Washington D.C. to discuss climate change at the annual Security Forum. The Australia government approved a 5 billion dollar budget for defense. According to official reports, the Director General stated that stricter emissions standards would be implemented by next fiscal year. Health authorities confirmed 78 new cases of COVID-19 subvariant in Western Europe.",0
The central bank raised interest rates by 4% to combat rising inflation. Health authorities confirmed 78 new cases of COVID-19 subvariant in Southeast Asia. The the oversight committee passed legislation to regulate social media platforms following the economic downturn. Market analysts say Toyota shares rose 3% after strong Q4 earnings.,0
You won't BELIEVE what the Deep State is hiding about apple cider vinegar. The cover-up is REAL. BREAKING: Scientists BANNED from revealing the truth about chemtrails. Share before it's deleted!,1
"World leaders gathered in Geneva to discuss vaccine efficacy at the annual Climate Conference. According to official reports, the Secretary of State stated that stricter emissions standards would be implemented by 2024. Scientists at Johns Hopkins have published findings on genomic research in the Science journal.",0
The Australia government approved a 5 billion dollar budget for education. The Australia government approved a 0.8 billion dollar budget for infrastructure. Market analysts say BP shares rose 1.2% after strong Q1 earnings. An investigation by WHO found no evidence of fraud in the recent last month's summit.,0
Health authorities confirmed 78 new cases of COVID-19 subvariant in South America. An investigation by United Nations found no evidence of fraud in the recent rising tensions. Market analysts say Apple shares rose 0.75% after strong Q1 earnings. The the regulatory body passed legislation to regulate social media platforms following last month's summit.,0
One weird trick the Deep State doesn't want you to know about lizard people. It's being SUPPRESSED. ALIEN structures discovered on the Moon. NASA is covering it up. See the proof here!,1
You won't BELIEVE what the CDC is hiding about this simple herb. The cover-up is REAL. ALIEN structures discovered on the Moon. NASA is covering it up. See the proof here!,1
This apple cider vinegar CURES autism in just 2 days — Big Pharma doesn't want you to know! BREAKING: Scientists BANNED from revealing the truth about vaccine microchips. Share before it's deleted! You won't BELIEVE what Big Pharma is hiding about this simple herb. The cover-up is REAL.,1
The REAL reason the 2020 election happened will make your blood boil. They lied to us again. URGENT: Forward this to everyone — the Deep State is planning the New World Order plan by before the election.,1
"According to official reports, the Prime Minister stated that the new trade agreement would be implemented by 2024. The Senate passed legislation to regulate pharmaceutical companies following rising tensions.",0
a top politician CONFIRMS the great reset agenda in leaked video that mainstream media is ignoring. The REAL reason the economic crash happened will make your blood boil. They lied to us again. SHOCKING: the elite EXPOSED for secretly funding global warming hoax — the media won't tell you! ALIEN structures discovered on the Arctic. NASA is covering it up. See the proof here!,1
This this ancient remedy CURES Alzheimer's in 3 days — Big Pharma doesn't want you to know! This this ancient remedy CURES cancer in 3 days — Big Pharma doesn't want you to know!,1
ALIEN structures discovered on the Arctic. NASA is covering it up. See the proof here! BREAKING: Scientists BANNED from revealing the truth about the flat earth. Share before it's deleted! You won't BELIEVE what the Deep State is hiding about black seed oil. The cover-up is REAL.,1
This apple cider vinegar CURES autism in 10 days — Big Pharma doesn't want you to know! The REAL reason the 2020 election happened will make your blood boil. They lied to us again.,1
You won't BELIEVE what Big Pharma is hiding about this simple herb. The cover-up is REAL. You won't BELIEVE what the Deep State is hiding about apple cider vinegar. The cover-up is REAL.,1
SHOCKING: a top politician EXPOSED for secretly mind control experiments — the media won't tell you! ALIEN structures discovered on Antarctica. NASA is covering it up. See the proof here! SHOCKING: Bill Gates EXPOSED for secretly funding global warming hoax — the media won't tell you! the elite CONFIRMS the great reset agenda in leaked video that mainstream media is ignoring.,1
ALIEN structures discovered on Mars. NASA is covering it up. See the proof here! BREAKING: Scientists BANNED from revealing the truth about the deep state. Share before it's deleted! The REAL reason 9/11 happened will make your blood boil. They lied to us again. You won't BELIEVE what the Deep State is hiding about this ancient remedy. The cover-up is REAL.,1
Health authorities confirmed 340 new cases of influenza A in Southeast Asia. An investigation by the Federal Reserve found no evidence of misconduct in the recent the regional crisis. World leaders gathered in Tokyo to discuss urban planning at the annual Economic Forum.,0
"The Australia government approved a 20 billion dollar budget for defense. According to official reports, the spokesperson stated that stricter emissions standards would be implemented by 2025.",0
"According to official reports, the Director General stated that expanded healthcare access would be implemented by 2024. The Senate passed legislation to regulate social media platforms following rising tensions. Market analysts say BP shares rose 1.2% after strong Q3 earnings.",0
Health authorities confirmed 78 new cases of measles in Southeast Asia. Market analysts say BP shares rose 0.75% after strong Q4 earnings.,0
One weird trick Big Pharma doesn't want you to know about the deep state. It's being SUPPRESSED. This this simple herb CURES COVID in 3 days — Big Pharma doesn't want you to know! This apple cider vinegar CURES autism in 7 days — Big Pharma doesn't want you to know!,1
This apple cider vinegar CURES cancer in just 2 days — Big Pharma doesn't want you to know! You won't BELIEVE what the Illuminati is hiding about apple cider vinegar. The cover-up is REAL.,1
Government CAUGHT mind control experiments to control the population — whistleblower reveals ALL. You won't BELIEVE what Big Pharma is hiding about black seed oil. The cover-up is REAL. URGENT: Forward this to everyone — the CDC is planning population control by this year.,1
This black seed oil CURES Alzheimer's in 7 days — Big Pharma doesn't want you to know! ALIEN structures discovered on Antarctica. NASA is covering it up. See the proof here!,1
Scientists at Stanford have published findings on vaccine efficacy in the Science journal. Market analysts say BP shares rose 4% after strong Q2 earnings. The central bank raised interest rates by 0.75% to combat rising inflation. The central bank raised interest rates by 3% to combat rising inflation.,0
The REAL reason the pandemic happened will make your blood boil. They lied to us again. Bill Gates CONFIRMS the great reset agenda in leaked video that mainstream media is ignoring.,1
An investigation by AP found no evidence of bias in the recent the regional crisis. Market analysts say Goldman Sachs shares rose 2.5% after strong Q1 earnings.,0
"The AP announced emergency measures following rising tensions in Tokyo. According to official reports, the Director General stated that stricter emissions standards would be implemented by 2025. An investigation by WHO found no evidence of fraud in the recent the regional crisis.",0
One weird trick the CDC doesn't want you to know about lizard people. It's being SUPPRESSED. One weird trick Big Pharma doesn't want you to know about vaccine microchips. It's being SUPPRESSED. You won't BELIEVE what the Illuminati is hiding about black seed oil. The cover-up is REAL. Government CAUGHT funding global warming hoax to control the population — whistleblower reveals ALL.,1
The Parliament passed legislation to regulate social media platforms following rising tensions. World leaders gathered in New Delhi to discuss AI safety at the annual Economic Forum. Health authorities confirmed 340 new cases of dengue fever in sub-Saharan Africa.,0
The India government approved a 0.8 billion dollar budget for infrastructure. World leaders gathered in London to discuss vaccine efficacy at the annual Climate Conference. The Reuters announced a formal inquiry following the economic downturn in Brussels.,0
"Market analysts say Apple shares rose 4% after strong Q2 earnings. Health authorities confirmed 4,500 new cases of measles in South America. World leaders gathered in Tokyo to discuss climate change at the annual Climate Conference. The United Nations announced financial aid following the regional crisis in New Delhi.",0
The AP announced a formal inquiry following rising tensions in Brussels. The Senate passed legislation to regulate social media platforms following last month's summit. Market analysts say Apple shares rose 1.2% after strong Q3 earnings. The AP announced a formal inquiry following rising tensions in New Delhi.,0
The Parliament passed legislation to regulate pharmaceutical companies following rising tensions. The central bank raised interest rates by 2.5% to combat rising inflation. The Reuters announced emergency measures following last month's summit in Geneva.,0
The Reuters announced a formal inquiry following the economic downturn in Washington D.C.. Market analysts say Apple shares rose 2.5% after strong Q2 earnings. The Reuters announced new guidelines following last month's summit in London. Scientists at Cambridge have published findings on urban planning in the The Lancet journal.,0
URGENT: Forward this to everyone — the Deep State is planning the New World Order plan by before the election. Government CAUGHT poisoning the water supply to control the population — whistleblower reveals ALL.,1
An investigation by the Pentagon found no evidence of fraud in the recent the regional crisis. The Parliament passed legislation to regulate social media platforms following last month's summit. World leaders gathered in Washington D.C. to discuss vaccine efficacy at the annual Climate Conference.,0
An investigation by the Pentagon found no evidence of data manipulation in the recent last month's summit. An investigation by United Nations found no evidence of misconduct in the recent last month's summit. The central bank raised interest rates by 4% to combat rising inflation. The Senate passed legislation to regulate financial institutions following the regional crisis.,0
"According to official reports, the Secretary of State stated that stricter emissions standards would be implemented by 2024. The Senate passed legislation to regulate social media platforms following last month's summit.",0
"According to official reports, the Prime Minister stated that stricter emissions standards would be implemented by next fiscal year. The central bank raised interest rates by 2.5% to combat rising inflation. The Australia government approved a 1.2 billion dollar budget for renewable energy.",0
George Soros CONFIRMS the great reset agenda in leaked video that mainstream media is ignoring. The REAL reason the economic crash happened will make your blood boil. They lied to us again.,1
BREAKING: Scientists BANNED from revealing the truth about vaccine microchips. Share before it's deleted! the elite CONFIRMS the New World Order plan in leaked video that mainstream media is ignoring. BREAKING: Scientists BANNED from revealing the truth about the deep state. Share before it's deleted! You won't BELIEVE what the Illuminati is hiding about this simple herb. The cover-up is REAL.,1
This this simple herb CURES autism in 3 days — Big Pharma doesn't want you to know! BREAKING: Scientists BANNED from revealing the truth about the deep state. Share before it's deleted! This this simple herb CURES autism in just 2 days — Big Pharma doesn't want you to know!,1
One weird trick the Illuminati doesn't want you to know about the flat earth. It's being SUPPRESSED. George Soros CONFIRMS the New World Order plan in leaked video that mainstream media is ignoring.,1
The Germany government approved a 1.2 billion dollar budget for infrastructure. The central bank raised interest rates by 2.5% to combat rising inflation. The the regulatory body passed legislation to regulate social media platforms following last month's summit. World leaders gathered in Geneva to discuss AI safety at the annual G20 Summit.,0
ALIEN structures discovered on the Moon. NASA is covering it up. See the proof here! ALIEN structures discovered on Mars. NASA is covering it up. See the proof here! Government CAUGHT poisoning the water supply to control the population — whistleblower reveals ALL. You won't BELIEVE what the CDC is hiding about this ancient remedy. The cover-up is REAL.,1
You won't BELIEVE what the Illuminati is hiding about black seed oil. The cover-up is REAL. The REAL reason the economic crash happened will make your blood boil. They lied to us again. This black seed oil CURES diabetes in 7 days — Big Pharma doesn't want you to know!,1
This this ancient remedy CURES COVID in 7 days — Big Pharma doesn't want you to know! SHOCKING: the elite EXPOSED for secretly mind control experiments — the media won't tell you! URGENT: Forward this to everyone — Big Pharma is planning population control by this year.,1
"According to official reports, the Secretary of State stated that expanded healthcare access would be implemented by 2025. Health authorities confirmed 1,200 new cases of COVID-19 subvariant in Southeast Asia. Health authorities confirmed 78 new cases of dengue fever in Southeast Asia.",0
One weird trick the government doesn't want you to know about chemtrails. It's being SUPPRESSED. SHOCKING: a top politician EXPOSED for secretly mind control experiments — the media won't tell you! One weird trick the government doesn't want you to know about lizard people. It's being SUPPRESSED.,1
The AP announced a formal inquiry following the regional crisis in Geneva. Scientists at Stanford have published findings on genomic research in the Science journal. The central bank raised interest rates by 3% to combat rising inflation.,0
"Market analysts say Goldman Sachs shares rose 2.5% after strong Q2 earnings. The Senate passed legislation to regulate social media platforms following the regional crisis. The central bank raised interest rates by 0.75% to combat rising inflation. According to official reports, the Secretary of State stated that stricter emissions standards would be implemented by 2025.",0
World leaders gathered in London to discuss genomic research at the annual Economic Forum. The central bank raised interest rates by 4% to combat rising inflation.,0
SHOCKING: a top politician EXPOSED for secretly funding global warming hoax — the media won't tell you! The REAL reason the economic crash happened will make your blood boil. They lied to us again. BREAKING: Scientists BANNED from revealing the truth about lizard people. Share before it's deleted!,1
The Canada government approved a 3.5 billion dollar budget for defense. The Germany government approved a 20 billion dollar budget for infrastructure.,0
"The Reuters announced a formal inquiry following rising tensions in Geneva. According to official reports, the Secretary of State stated that stricter emissions standards would be implemented by 2025. The Senate passed legislation to regulate pharmaceutical companies following the regional crisis.",0
SHOCKING: a top politician EXPOSED for secretly poisoning the water supply — the media won't tell you! BREAKING: Scientists BANNED from revealing the truth about chemtrails. Share before it's deleted!,1
SHOCKING: Bill Gates EXPOSED for secretly poisoning the water supply — the media won't tell you! One weird trick the CDC doesn't want you to know about chemtrails. It's being SUPPRESSED. URGENT: Forward this to everyone — the government is planning population control by this year.,1
Scientists at Cambridge have published findings on AI safety in the Science journal. World leaders gathered in Brussels to discuss vaccine efficacy at the annual Economic Forum. Scientists at Stanford have published findings on AI safety in the The Lancet journal. The Canada government approved a 1.2 billion dollar budget for infrastructure.,0
One weird trick the CDC doesn't want you to know about 5G towers. It's being SUPPRESSED. SHOCKING: the elite EXPOSED for secretly microchipping citizens — the media won't tell you!,1
Market analysts say Samsung shares rose 1.2% after strong Q1 earnings. Health authorities confirmed 78 new cases of measles in Western Europe.,0
ALIEN structures discovered on Mars. NASA is covering it up. See the proof here! URGENT: Forward this to everyone — the Deep State is planning population control by before the election.,1
An investigation by the Federal Reserve found no evidence of fraud in the recent the economic downturn. An investigation by United Nations found no evidence of data manipulation in the recent the regional crisis.,0
The United Nations announced emergency measures following the regional crisis in London. The the Pentagon announced emergency measures following the regional crisis in London. Scientists at Stanford have published findings on climate change in the The Lancet journal.,0
An investigation by NASA found no evidence of fraud in the recent the regional crisis. The the oversight committee passed legislation to regulate social media platforms following the regional crisis.,0
Scientists at Stanford have published findings on vaccine efficacy in the Science journal. An investigation by AP found no evidence of data manipulation in the recent rising tensions.,0
BREAKING: Scientists BANNED from revealing the truth about the flat earth. Share before it's deleted! Government CAUGHT funding global warming hoax to control the population — whistleblower reveals ALL.,1
"According to official reports, the Director General stated that expanded healthcare access would be implemented by 2025. World leaders gathered in London to discuss genomic research at the annual Economic Forum. The the oversight committee passed legislation to regulate financial institutions following last month's summit. The central bank raised interest rates by 3% to combat rising inflation.",0
The REAL reason the 2020 election happened will make your blood boil. They lied to us again. a top politician CONFIRMS the great reset agenda in leaked video that mainstream media is ignoring. One weird trick the government doesn't want you to know about chemtrails. It's being SUPPRESSED. You won't BELIEVE what the Deep State is hiding about black seed oil. The cover-up is REAL.,1
An investigation by the Federal Reserve found no evidence of fraud in the recent rising tensions. An investigation by the Federal Reserve found no evidence of data manipulation in the recent last month's summit.,0
The NASA announced new guidelines following last month's summit in Geneva. An investigation by AP found no evidence of data manipulation in the recent the economic downturn.,0
a famous actor CONFIRMS the great reset agenda in leaked video that mainstream media is ignoring. SHOCKING: Bill Gates EXPOSED for secretly poisoning the water supply — the media won't tell you!,1
"The central bank raised interest rates by 0.75% to combat rising inflation. According to official reports, the Prime Minister stated that expanded healthcare access would be implemented by 2024.",0
The central bank raised interest rates by 1.2% to combat rising inflation. An investigation by United Nations found no evidence of bias in the recent the regional crisis.,0
a top politician CONFIRMS the New World Order plan in leaked video that mainstream media is ignoring. The REAL reason the 2020 election happened will make your blood boil. They lied to us again. This this ancient remedy CURES autism in 10 days — Big Pharma doesn't want you to know! the elite CONFIRMS the great reset agenda in leaked video that mainstream media is ignoring.,1
URGENT: Forward this to everyone — Big Pharma is planning the great reset agenda by 2025. One weird trick the Illuminati doesn't want you to know about lizard people. It's being SUPPRESSED.,1
"According to official reports, the spokesperson stated that the new trade agreement would be implemented by 2024. Scientists at Johns Hopkins have published findings on climate change in the The Lancet journal.",0
"According to official reports, the Secretary of State stated that expanded healthcare access would be implemented by next fiscal year. The AP announced a formal inquiry following last month's summit in Brussels. Health authorities confirmed 1,200 new cases of COVID-19 subvariant in Southeast Asia.",0
URGENT: Forward this to everyone — the Illuminati is planning the New World Order plan by this year. URGENT: Forward this to everyone — the Illuminati is planning the great reset agenda by this year. This this ancient remedy CURES cancer in just 2 days — Big Pharma doesn't want you to know! The REAL reason the economic crash happened will make your blood boil. They lied to us again.,1
One weird trick the Deep State doesn't want you to know about chemtrails. It's being SUPPRESSED. This this simple herb CURES autism in 3 days — Big Pharma doesn't want you to know! One weird trick Big Pharma doesn't want you to know about 5G towers. It's being SUPPRESSED.,1
"According to official reports, the Secretary of State stated that expanded healthcare access would be implemented by next fiscal year. Health authorities confirmed 340 new cases of COVID-19 subvariant in Southeast Asia.",0
George Soros CONFIRMS the great reset agenda in leaked video that mainstream media is ignoring. This apple cider vinegar CURES COVID in just 2 days — Big Pharma doesn't want you to know! This this ancient remedy CURES COVID in just 2 days — Big Pharma doesn't want you to know! URGENT: Forward this to everyone — the Deep State is planning the New World Order plan by this year.,1
Scientists at Stanford have published findings on urban planning in the Science journal. Scientists at Johns Hopkins have published findings on urban planning in the Science journal.,0
This black seed oil CURES COVID in 7 days — Big Pharma doesn't want you to know! URGENT: Forward this to everyone — the Illuminati is planning population control by before the election. a famous actor CONFIRMS the great reset agenda in leaked video that mainstream media is ignoring. Government CAUGHT funding global warming hoax to control the population — whistleblower reveals ALL.,1
This black seed oil CURES diabetes in just 2 days — Big Pharma doesn't want you to know! ALIEN structures discovered on Mars. NASA is covering it up. See the proof here! One weird trick the Illuminati doesn't want you to know about the flat earth. It's being SUPPRESSED.,1
"According to official reports, the spokesperson stated that expanded healthcare access would be implemented by 2025. Health authorities confirmed 340 new cases of COVID-19 subvariant in sub-Saharan Africa. The WHO announced new guidelines following rising tensions in Brussels. Market analysts say Samsung shares rose 4% after strong Q2 earnings.",0
One weird trick the government doesn't want you to know about 5G towers. It's being SUPPRESSED. George Soros CONFIRMS population control in leaked video that mainstream media is ignoring. The REAL reason the pandemic happened will make your blood boil. They lied to us again. URGENT: Forward this to everyone — the government is planning population control by before the election.,1
"An investigation by NASA found no evidence of fraud in the recent the economic downturn. According to official reports, the Director General stated that the new trade agreement would be implemented by 2025. Market analysts say Goldman Sachs shares rose 0.75% after strong Q2 earnings.",0
You won't BELIEVE what Big Pharma is hiding about this simple herb. The cover-up is REAL. The REAL reason 9/11 happened will make your blood boil. They lied to us again. This black seed oil CURES autism in 10 days — Big Pharma doesn't want you to know!,1
The central bank raised interest rates by 2.5% to combat rising inflation. Scientists at Johns Hopkins have published findings on genomic research in the Science journal.,0
The central bank raised interest rates by 0.75% to combat rising inflation. The the Pentagon announced emergency measures following rising tensions in New Delhi. The central bank raised interest rates by 3% to combat rising inflation. The Senate passed legislation to regulate financial institutions following the regional crisis.,0
The REAL reason the economic crash happened will make your blood boil. They lied to us again. The REAL reason the economic crash happened will make your blood boil. They lied to us again. SHOCKING: a top politician EXPOSED for secretly mind control experiments — the media won't tell you!,1
One weird trick the government doesn't want you to know about 5G towers. It's being SUPPRESSED. Bill Gates CONFIRMS the New World Order plan in leaked video that mainstream media is ignoring.,1
The REAL reason the pandemic happened will make your blood boil. They lied to us again. Government CAUGHT poisoning the water supply to control the population — whistleblower reveals ALL.,1
ALIEN structures discovered on Antarctica. NASA is covering it up. See the proof here! One weird trick the CDC doesn't want you to know about lizard people. It's being SUPPRESSED. This apple cider vinegar CURES diabetes in just 2 days — Big Pharma doesn't want you to know!,1
This apple cider vinegar CURES Alzheimer's in just 2 days — Big Pharma doesn't want you to know! Bill Gates CONFIRMS the great reset agenda in leaked video that mainstream media is ignoring. ALIEN structures discovered on the Arctic. NASA is covering it up. See the proof here!,1
One weird trick the CDC doesn't want you to know about lizard people. It's being SUPPRESSED. You won't BELIEVE what the Illuminati is hiding about this ancient remedy. The cover-up is REAL. ALIEN structures discovered on the Moon. NASA is covering it up. See the proof here!,1
"Market analysts say Goldman Sachs shares rose 2.5% after strong Q3 earnings. Health authorities confirmed 340 new cases of dengue fever in Western Europe. Health authorities confirmed 4,500 new cases of COVID-19 subvariant in Western Europe. Market analysts say Samsung shares rose 0.75% after strong Q4 earnings.",0
The REAL reason the pandemic happened will make your blood boil. They lied to us again. You won't BELIEVE what Big Pharma is hiding about black seed oil. The cover-up is REAL. a top politician CONFIRMS population control in leaked video that mainstream media is ignoring. George Soros CONFIRMS the New World Order plan in leaked video that mainstream media is ignoring.,1
You won't BELIEVE what Big Pharma is hiding about black seed oil. The cover-up is REAL. You won't BELIEVE what the government is hiding about this simple herb. The cover-up is REAL. URGENT: Forward this to everyone — the Illuminati is planning population control by 2025.,1
